model,subject,mask_design,benchmark,model_id,budget,mask_type,method,prompt_mae_mean,prompt_mae_std,prompt_rmse_mean,prompt_rmse_std,wasserstein_1_mean,wasserstein_1_std,test_log_loss_mean,test_log_loss_std,test_brier_mean,test_brier_std,converged_rate,cover_prompt_latent_95_mean,cover_prompt_latent_95_std,mean_interval_width_latent_95_mean,mean_interval_width_latent_95_std,median_interval_width_latent_95_mean,median_interval_width_latent_95_std,cover_prompt_predictive_95_mean,cover_prompt_predictive_95_std,mean_interval_width_predictive_95_mean,mean_interval_width_predictive_95_std,median_interval_width_predictive_95_mean,median_interval_width_predictive_95_std,cover_avg_latent_95_mean,cover_avg_latent_95_std,avg_interval_width_latent_95_mean,avg_interval_width_latent_95_std,cover_avg_predictive_95_mean,cover_avg_predictive_95_std,avg_interval_width_predictive_95_mean,avg_interval_width_predictive_95_std
google_gemma_7b,abstract_algebra,balanced,mmlu:abstract_algebra,google_gemma_7b,200.0,two_way_balanced,Avg,0.2822599943748,0.0044430218574479,0.3092957756600289,0.0064221310385859,0.2607999943748,0.0042928880513912,3.909305484723664,0.1544966828593831,0.3026938736271429,0.0041086688234231,,,,,,,,,,,,,,,,,,,,,
google_gemma_7b,abstract_algebra,balanced,mmlu:abstract_algebra,google_gemma_7b,200.0,two_way_balanced,BayPIRE,0.0275764600103988,0.0040248947371599,0.0336553420159878,0.0050098082346204,0.0211406265979344,0.0057876985445631,0.3710970046877145,0.0116114860249056,0.1109392761532831,0.0045241847095723,1.0,0.997,0.0067494855771055,0.2083370154855726,0.0239668331415956,0.207796665186571,0.0234826906320911,0.998,0.0063245553203367,0.2353574999999998,0.0226447245512061,0.2340624999999998,0.0210424711067349,1.0,0.0,0.0841045506293256,0.0035659530974542,1.0,0.0,0.0853209999999999,0.0034959786819207
google_gemma_7b,abstract_algebra,balanced,mmlu:abstract_algebra,google_gemma_7b,200.0,two_way_balanced,PE-Rasch,0.1003581939672525,0.0100317584284276,0.1432938894003841,0.0113685206604089,0.0769624647741469,0.0108090119402407,0.5631551192348796,0.0279598637994413,0.1449295888716339,0.0070528676319622,1.0,,,,,,,,,,,,,,,,,,,,
google_gemma_7b,abstract_algebra,balanced,mmlu:abstract_algebra,google_gemma_7b,400.0,two_way_balanced,Avg,0.1825199972736,0.0103961317299815,0.2297995973324557,0.0136684335840415,0.1607999972736,0.0090400343971813,2.083884637719754,0.1139940173222171,0.260473956600625,0.0065989785920219,,,,,,,,,,,,,,,,,,,,,
google_gemma_7b,abstract_algebra,balanced,mmlu:abstract_algebra,google_gemma_7b,400.0,two_way_balanced,BayPIRE,0.0273827015765508,0.0027370480189181,0.0339824368203482,0.0025114099853331,0.0167977968841839,0.0049295967778875,0.3298442778922918,0.0126616947725384,0.0997237004649668,0.004021231802078,1.0,0.983,0.0163639169448447,0.1823608186972722,0.023436134048968,0.1820159140765937,0.0231887735662064,1.0,0.0,0.2111529999999999,0.0202718356483954,0.2110499999999999,0.0198440272290345,1.0,0.0,0.0576636657853833,0.0021722791930645,1.0,0.0,0.0588867499999999,0.0018416086152238
google_gemma_7b,abstract_algebra,balanced,mmlu:abstract_algebra,google_gemma_7b,400.0,two_way_balanced,PE-Rasch,0.1074228468835407,0.0071837852745219,0.1497273994199025,0.0115725096158397,0.0840272257724854,0.0067249589431051,0.69068721988489,0.07486890751117,0.1567184011065649,0.0112656696567981,1.0,,,,,,,,,,,,,,,,,,,,
google_gemma_7b,abstract_algebra,balanced,mmlu:abstract_algebra,google_gemma_7b,800.0,two_way_balanced,Avg,0.1211999994296,0.0083647739233924,0.1503097550783486,0.0122123441200033,0.1008999994296,0.0075055904017531,0.9539347331899805,0.0953127084904496,0.2297540757156521,0.0043659969170423,,,,,,,,,,,,,,,,,,,,,
google_gemma_7b,abstract_algebra,balanced,mmlu:abstract_algebra,google_gemma_7b,800.0,two_way_balanced,BayPIRE,0.0248450147534721,0.0015922541645049,0.0308748779138414,0.0020708223334637,0.0148562880475995,0.0032285256375016,0.2986486926350492,0.0037647224088892,0.0915568001595721,0.0014600134320249,1.0,0.912,0.0507280330126581,0.1154630151152702,0.0241794766798053,0.1153230640676983,0.0242431135403042,0.991,0.0099442892601175,0.1555334999999999,0.0180519471941394,0.1555125,0.0183557107750027,1.0,0.0,0.0371315184758267,0.0010493913851623,1.0,0.0,0.0386942499999999,0.0012420161980067
google_gemma_7b,abstract_algebra,balanced,mmlu:abstract_algebra,google_gemma_7b,800.0,two_way_balanced,PE-Rasch,0.0854068525062868,0.0053060497772711,0.1063915272027556,0.0068462362690388,0.0637268490287518,0.0070346046103141,0.4968731841615919,0.0304690657094525,0.1250860104349583,0.0056755494317308,1.0,,,,,,,,,,,,,,,,,,,,
google_gemma_7b,abstract_algebra,balanced,mmlu:abstract_algebra,google_gemma_7b,1600.0,two_way_balanced,Avg,0.0808974999748,0.0073359886207195,0.1014072557331818,0.0085740059819761,0.0626224999748,0.0075577264403827,0.6498392592208777,0.0346951343416738,0.2172416294445238,0.0024937290592797,,,,,,,,,,,,,,,,,,,,,
google_gemma_7b,abstract_algebra,balanced,mmlu:abstract_algebra,google_gemma_7b,1600.0,two_way_balanced,BayPIRE,0.0227968509976379,0.0016962282953452,0.0280256716439041,0.0018626161930037,0.0141032898281719,0.0027081017380383,0.2770180843827868,0.0039665258911451,0.0861175506827252,0.0013483823180589,1.0,0.78,0.1115546702045434,0.0738591591599706,0.0140789899571241,0.0738208971520855,0.0141583911501144,0.982,0.0122927259430572,0.1245667499999999,0.0078229405392445,0.1260249999999999,0.008413324418907,1.0,0.0,0.0239873065677711,0.0006878706351314,1.0,0.0,0.0261329999999999,0.0007502414426184
google_gemma_7b,abstract_algebra,balanced,mmlu:abstract_algebra,google_gemma_7b,1600.0,two_way_balanced,PE-Rasch,0.0547141053371317,0.0040996839236344,0.0692973075120477,0.0048695705511935,0.0354930940353033,0.0038295774735791,0.3364847531280769,0.0106184372028721,0.1007238317029638,0.0022803051689348,1.0,,,,,,,,,,,,,,,,,,,,
google_gemma_7b,abstract_algebra,random,mmlu:abstract_algebra,google_gemma_7b,200.0,random_uniform,Avg,0.2644216614577667,0.0153068773505494,0.3312558238055896,0.0164946747588723,0.2408649947911,0.0154919142498437,4.127592183473908,0.2891527444435534,0.3169824363314966,0.0110552707740318,,,,,,,,,,,,,,,,,,,,,
google_gemma_7b,abstract_algebra,random,mmlu:abstract_algebra,google_gemma_7b,200.0,random_uniform,BayPIRE,0.0380005081295324,0.0151440113816186,0.0448542294266779,0.015430846664632,0.0319220228175401,0.0180930399012017,0.4061653450158816,0.018217318611612,0.1253991099485981,0.0074234452495152,1.0,0.99,0.02,0.2494117524249889,0.0386434830161434,0.249561775848711,0.0391455914962348,0.997,0.0067494855771055,0.2747849999999999,0.0365920246889036,0.2740249999999998,0.0377536697995485,0.8,0.4216370213557839,0.1086119086461108,0.0066292780055271,0.9,0.3162277660168379,0.1096137499999999,0.0064895756420499
google_gemma_7b,abstract_algebra,random,mmlu:abstract_algebra,google_gemma_7b,200.0,random_uniform,PE-Rasch,0.1304415325391303,0.0215990353152514,0.1831260521061993,0.0282763950178981,0.1057220889942417,0.0231876669013123,0.6923517235104651,0.0692950609009196,0.1819200479344506,0.0168307000327452,1.0,,,,,,,,,,,,,,,,,,,,
google_gemma_7b,abstract_algebra,random,mmlu:abstract_algebra,google_gemma_7b,400.0,random_uniform,Avg,0.2016149750309783,0.0115576922448399,0.2521849396938679,0.0127250976087835,0.1792064036024069,0.0115434512552589,2.5774578585848524,0.2519504138325483,0.2714646453074062,0.0070455041317566,,,,,,,,,,,,,,,,,,,,,
google_gemma_7b,abstract_algebra,random,mmlu:abstract_algebra,google_gemma_7b,400.0,random_uniform,BayPIRE,0.0281090097875092,0.0062056240395076,0.0344731053772875,0.0075894874379017,0.0188789221080992,0.0096280232635391,0.3450571475479166,0.0133635534252739,0.1044785294934714,0.0045620880168993,1.0,0.965,0.083032791380541,0.1791475511228343,0.0532191271498618,0.179517415083624,0.0532493785475642,0.993,0.018885620632287,0.2112299999999999,0.0470649951898671,0.2105124999999999,0.0464861258423771,0.9,0.3162277660168379,0.0674836878666487,0.0044753150516124,0.9,0.3162277660168379,0.0685474999999999,0.0046401242200805
google_gemma_7b,abstract_algebra,random,mmlu:abstract_algebra,google_gemma_7b,400.0,random_uniform,PE-Rasch,0.1102050223286024,0.0152409470146022,0.1526589438258452,0.0203772368608502,0.088915396242928,0.0146334223438355,0.6679921875670397,0.0513571331762228,0.1568817002339572,0.0116322980236537,1.0,,,,,,,,,,,,,,,,,,,,
google_gemma_7b,abstract_algebra,random,mmlu:abstract_algebra,google_gemma_7b,800.0,random_uniform,Avg,0.1331737481122076,0.010492232551725,0.1705500668414029,0.0147957243258755,0.1107532019916615,0.0108416367735616,1.2019885438342992,0.2077389277258219,0.2369755519333531,0.0060717077648498,,,,,,,,,,,,,,,,,,,,,
google_gemma_7b,abstract_algebra,random,mmlu:abstract_algebra,google_gemma_7b,800.0,random_uniform,BayPIRE,0.0260099644922212,0.0030165597840476,0.0321600709035595,0.0033135367279319,0.0170156484475276,0.001809035693034,0.3051578843802256,0.0082725585543026,0.0934093649919903,0.0029072354117634,1.0,0.922,0.0428952211790544,0.1241062192442008,0.0327476538712386,0.124489215672904,0.0326345968111413,0.993,0.0105934990547138,0.1627119999999999,0.0256158920344816,0.1630499999999997,0.0249267816704133,0.9,0.3162277660168379,0.0403966636180777,0.0018402181246951,1.0,0.0,0.04179425,0.0020021776512642
google_gemma_7b,abstract_algebra,random,mmlu:abstract_algebra,google_gemma_7b,800.0,random_uniform,PE-Rasch,0.0877681259657401,0.006091578380049,0.1124264397779998,0.0097716396634938,0.0670913943738529,0.0074010655412225,0.5095564114258128,0.0308763198787946,0.1285160919656497,0.0036478297596028,1.0,,,,,,,,,,,,,,,,,,,,
google_gemma_7b,abstract_algebra,random,mmlu:abstract_algebra,google_gemma_7b,1600.0,random_uniform,Avg,0.0857827025285736,0.0070455883667323,0.1090773244012496,0.0085597959823715,0.0633152905201675,0.0080071496673733,0.6761736599022197,0.0406621200614003,0.2191502907168034,0.0021229635576946,,,,,,,,,,,,,,,,,,,,,
google_gemma_7b,abstract_algebra,random,mmlu:abstract_algebra,google_gemma_7b,1600.0,random_uniform,BayPIRE,0.0227116966338511,0.0008828389393296,0.0280502070015148,0.0011317636553091,0.0143383608406829,0.0022177947786592,0.2778816334382434,0.0034061383044496,0.0860259728209982,0.0011885364253137,1.0,0.766,0.0977752524926425,0.0705556477509779,0.0145787650222322,0.0705989989772644,0.0148692883646594,0.981,0.0087559503577091,0.1227934999999999,0.0080387107002443,0.124,0.0084327404271156,1.0,0.0,0.0248635655033236,0.0007763911334553,1.0,0.0,0.0269824999999999,0.0009449316553768
google_gemma_7b,abstract_algebra,random,mmlu:abstract_algebra,google_gemma_7b,1600.0,random_uniform,PE-Rasch,0.0551364241948251,0.0062406069833769,0.0716579978914527,0.0070482649619209,0.0357752288032732,0.0058859447671313,0.3402604258354808,0.0153332614756081,0.10081211122975,0.0029314363487384,1.0,,,,,,,,,,,,,,,,,,,,
google_gemma_7b,anatomy,balanced,mmlu:anatomy,google_gemma_7b,200.0,two_way_balanced,Avg,0.2757481432813333,0.0180976853973138,0.3390846958317339,0.0179764503787927,0.2632740692072593,0.0188903263560329,4.657016728573582,0.3829425971606435,0.3602744314147369,0.0125106190376776,,,,,,,,,,,,,,,,,,,,,
google_gemma_7b,anatomy,balanced,mmlu:anatomy,google_gemma_7b,200.0,two_way_balanced,BayPIRE,0.0214564453543993,0.0041202496944958,0.0263325770618566,0.0045412157877783,0.015084252733405,0.0067311714367952,0.3549648602668656,0.0204737616190283,0.099112195875893,0.0078302204295991,1.0,1.0,0.0,0.2527002882140251,0.0526952550081253,0.2520958019922244,0.0519091041028375,1.0,0.0,0.2720794444444443,0.0500830738272793,0.2715277777777777,0.0517728537327289,1.0,0.0,0.0953077442205555,0.004347912008617,1.0,0.0,0.0962164814814814,0.0043449111493677
google_gemma_7b,anatomy,balanced,mmlu:anatomy,google_gemma_7b,200.0,two_way_balanced,PE-Rasch,0.1299902162456919,0.0171204311546709,0.1659673683698894,0.0187451984579986,0.1154497914912527,0.0170849976018723,0.4909924264055158,0.0468786767613197,0.1383724493462796,0.0139795643913688,1.0,,,,,,,,,,,,,,,,,,,,
google_gemma_7b,anatomy,balanced,mmlu:anatomy,google_gemma_7b,400.0,two_way_balanced,Avg,0.2034407394404444,0.0099546973754259,0.2408634627339073,0.0138847872845657,0.1900925912922963,0.0102938272471918,1.789104504083641,0.3018272015383925,0.3032604949567939,0.0070751703195243,,,,,,,,,,,,,,,,,,,,,
google_gemma_7b,anatomy,balanced,mmlu:anatomy,google_gemma_7b,400.0,two_way_balanced,BayPIRE,0.0168181901219056,0.0023648865429278,0.0211863836757585,0.0026983245724546,0.0121519216592124,0.0038863965491722,0.2505478688777913,0.0073657976299866,0.0686215902068416,0.002473639373547,1.0,0.99,0.0094280904158206,0.1290013217091666,0.0117614526872253,0.1287556779741752,0.011617170479438,0.998,0.0042163702135578,0.1539187037037036,0.0092529090343648,0.152611111111111,0.0093763989455655,1.0,0.0,0.0521438760816928,0.0018842112636234,1.0,0.0,0.0525983333333332,0.0021444173381514
google_gemma_7b,anatomy,balanced,mmlu:anatomy,google_gemma_7b,400.0,two_way_balanced,PE-Rasch,0.0844729125947543,0.009021856765767,0.1210398293781744,0.0086061590017171,0.0704709699576523,0.0091144245705962,0.4140074452125919,0.0300237153837524,0.1034559676256005,0.0069293464791809,1.0,,,,,,,,,,,,,,,,,,,,
google_gemma_7b,anatomy,balanced,mmlu:anatomy,google_gemma_7b,800.0,two_way_balanced,Avg,0.1381092591745926,0.0124267099344696,0.1684012857462821,0.0171639472457225,0.1254259258412592,0.012273451459354,0.8173304587455725,0.0842207870895461,0.2737728837788976,0.0065350244050536,,,,,,,,,,,,,,,,,,,,,
google_gemma_7b,anatomy,balanced,mmlu:anatomy,google_gemma_7b,800.0,two_way_balanced,BayPIRE,0.0149943264457104,0.0010250414166568,0.0187675706178268,0.0012069383037399,0.0102486210452814,0.0014940188399416,0.2137960663183894,0.0065272458476723,0.0610374962979195,0.0019865541631733,1.0,0.956,0.0195505043981535,0.0793752502449754,0.012838294624435,0.0793133178157398,0.0128294835430107,0.994,0.0051639777949432,0.111465,0.0098485004452282,0.1103888888888889,0.0095167689862266,1.0,0.0,0.0326409385844617,0.000758937834514,1.0,0.0,0.0336035185185185,0.0012130556148448
google_gemma_7b,anatomy,balanced,mmlu:anatomy,google_gemma_7b,800.0,two_way_balanced,PE-Rasch,0.0679936834299704,0.0087278655661783,0.0890791684431558,0.0118523727252113,0.0553232890393415,0.0087978575695889,0.3659348467498663,0.0343286524860578,0.0911371415694682,0.0065671586180432,1.0,,,,,,,,,,,,,,,,,,,,
google_gemma_7b,anatomy,balanced,mmlu:anatomy,google_gemma_7b,1600.0,two_way_balanced,Avg,0.0906532407407407,0.0055589150721912,0.1130377424822314,0.0057534066932007,0.0789726851851851,0.006111121808352,0.7136698238507357,0.0046968941960765,0.2579029346113445,0.0016671991091541,,,,,,,,,,,,,,,,,,,,,
google_gemma_7b,anatomy,balanced,mmlu:anatomy,google_gemma_7b,1600.0,two_way_balanced,BayPIRE,0.0142608720909043,0.0008840446661622,0.0178564653572413,0.0012641890506143,0.0080241249163299,0.0018392767053652,0.1911344100789747,0.0059969135016104,0.0566929156015791,0.0016814384607468,1.0,0.892,0.0612463150818978,0.0597249821894417,0.0086738092323509,0.0597614319604964,0.0086658752971936,0.989,0.0087559503577091,0.0945733333333333,0.0052567385282392,0.0937499999999997,0.0049427545238651,0.9,0.3162277660168379,0.0208556095003783,0.0006177835879711,1.0,0.0,0.0221431481481481,0.000657698625581
google_gemma_7b,anatomy,balanced,mmlu:anatomy,google_gemma_7b,1600.0,two_way_balanced,PE-Rasch,0.0488422944131678,0.0028421883105574,0.0621421856011171,0.0027070806114388,0.0374097751328736,0.0030009601081014,0.2582933178975287,0.0162693496726058,0.0730482368195049,0.0025045448755746,1.0,,,,,,,,,,,,,,,,,,,,
google_gemma_7b,anatomy,random,mmlu:anatomy,google_gemma_7b,200.0,random_uniform,Avg,0.2815066090709842,0.0189073357529056,0.3456716420436861,0.0154203351742995,0.2682032757376508,0.0182072455315833,4.558929249305678,0.391782872929895,0.3645590441414271,0.0109643305582935,,,,,,,,,,,,,,,,,,,,,
google_gemma_7b,anatomy,random,mmlu:anatomy,google_gemma_7b,200.0,random_uniform,BayPIRE,0.0221288251245141,0.004715589127851,0.0271286765495459,0.0052145763440863,0.018876456738102,0.0068536326477286,0.4053072236876838,0.01900857778082,0.1242616685235669,0.0081279708413013,1.0,1.0,0.0,0.2350264665778998,0.0256437684416422,0.2356071730373108,0.0259129312162939,1.0,0.0,0.254956111111111,0.0238408547938347,0.255574074074074,0.0242334782746559,1.0,0.0,0.1153582711473252,0.0041233397775695,1.0,0.0,0.116011111111111,0.0038084168651084
google_gemma_7b,anatomy,random,mmlu:anatomy,google_gemma_7b,200.0,random_uniform,PE-Rasch,0.1326725911777098,0.0133568776923876,0.1715449572371637,0.0147990935594059,0.1191136509558756,0.013816772914471,0.5829714862239913,0.0531894344975294,0.169027170888727,0.0120683566892128,1.0,,,,,,,,,,,,,,,,,,,,
google_gemma_7b,anatomy,random,mmlu:anatomy,google_gemma_7b,400.0,random_uniform,Avg,0.2187529160756777,0.0103379484520107,0.272206403055424,0.0119948572506706,0.2051917255994872,0.0106229485048019,2.668429470727192,0.2930465982876299,0.3198188699087231,0.0068688260439285,,,,,,,,,,,,,,,,,,,,,
google_gemma_7b,anatomy,random,mmlu:anatomy,google_gemma_7b,400.0,random_uniform,BayPIRE,0.0187053143739887,0.0050815886535794,0.0229192276833487,0.0051379580395055,0.0154237997919096,0.006192280256317,0.2928005672694843,0.0106860117277472,0.0844266843625678,0.0045649772447937,1.0,0.987,0.0182878222991269,0.1299882900004423,0.0135265964623338,0.1300677740437161,0.0135930540893448,0.998,0.0042163702135578,0.1556164814814814,0.0121932618750973,0.1562962962962963,0.0123209629134564,1.0,0.0,0.0667817654779542,0.0030646822208103,1.0,0.0,0.0678742592592592,0.0030690919082009
google_gemma_7b,anatomy,random,mmlu:anatomy,google_gemma_7b,400.0,random_uniform,PE-Rasch,0.0898514175382813,0.0135171061683995,0.1281456093905457,0.0178235330517437,0.0762247899050734,0.0136107822939223,0.4808310811489585,0.0410954190511974,0.124024521491694,0.0083840883070908,1.0,,,,,,,,,,,,,,,,,,,,
google_gemma_7b,anatomy,random,mmlu:anatomy,google_gemma_7b,800.0,random_uniform,Avg,0.1442483302658546,0.0078170263753341,0.1847096273990663,0.0136878986718689,0.1319191427866671,0.0072626261521753,1.0914350708232388,0.1924953439581459,0.2798039952579929,0.0056844622296467,,,,,,,,,,,,,,,,,,,,,
google_gemma_7b,anatomy,random,mmlu:anatomy,google_gemma_7b,800.0,random_uniform,BayPIRE,0.014842128398508,0.0006003998068518,0.0185090380970995,0.0007673478038717,0.0099247050671666,0.0012786986450127,0.2233849415828384,0.005551145512892,0.0636620480672089,0.001601584112697,1.0,0.971,0.0152388392675499,0.0842860130496233,0.0102986585615421,0.084399595407127,0.0105071144864682,0.995,0.0052704627669473,0.1154601851851851,0.00890381720765,0.1148148148148148,0.008729713347982,1.0,0.0,0.037848856664673,0.0016067727732557,1.0,0.0,0.0385961111111111,0.0014430433877292
google_gemma_7b,anatomy,random,mmlu:anatomy,google_gemma_7b,800.0,random_uniform,PE-Rasch,0.0723111501714641,0.0096775468687436,0.0958867898515359,0.0117954673446261,0.0593220678051456,0.0095912940400368,0.3939910592587879,0.0420293084433965,0.0970200304033705,0.0078736134791692,1.0,,,,,,,,,,,,,,,,,,,,
google_gemma_7b,anatomy,random,mmlu:anatomy,google_gemma_7b,1600.0,random_uniform,Avg,0.0972965052544923,0.0061760364758545,0.1210870210583661,0.0100159146572537,0.085114503974039,0.0060274484617241,0.7335993800362303,0.0367973935650399,0.2600469251990567,0.0028496434330042,,,,,,,,,,,,,,,,,,,,,
google_gemma_7b,anatomy,random,mmlu:anatomy,google_gemma_7b,1600.0,random_uniform,BayPIRE,0.0146791170193788,0.0016104206610007,0.0183863273522381,0.0018431674387659,0.0088416727497765,0.0025718634003316,0.1923110433386542,0.0030849750204698,0.0570162643623583,0.0011219994111418,1.0,0.869,0.0883742043811428,0.0582177281696524,0.006372800394943,0.0583755280543234,0.0064715240822251,0.992,0.0042163702135578,0.0935312962962962,0.004174237972434,0.0937129629629629,0.0049514580887547,0.9,0.3162277660168379,0.0220372054945324,0.0008654941493045,0.9,0.3162277660168379,0.0230251851851851,0.0006800285325338
google_gemma_7b,anatomy,random,mmlu:anatomy,google_gemma_7b,1600.0,random_uniform,PE-Rasch,0.050291077580062,0.003193613676623,0.0647197724337169,0.0045968712584859,0.0390907320809847,0.0034549204914035,0.2634304560966997,0.0105482642233647,0.0742628193304971,0.0029183619028693,1.0,,,,,,,,,,,,,,,,,,,,
google_gemma_7b,astronomy,balanced,mmlu:astronomy,google_gemma_7b,200.0,two_way_balanced,Avg,0.2952894677236842,0.0123451938101536,0.3248557020374106,0.0170580085818077,0.2814868361447368,0.0124638671727814,4.228669615135895,0.3213886166081239,0.3136599957068,0.0113645948741928,,,,,,,,,,,,,,,,,,,,,
google_gemma_7b,astronomy,balanced,mmlu:astronomy,google_gemma_7b,200.0,two_way_balanced,BayPIRE,0.0212977811320967,0.0045907883437176,0.0262888692221735,0.0052825376985932,0.0132982178394522,0.0062506303969285,0.3801158145828643,0.0195542392139953,0.1120349303812239,0.0078561502556402,1.0,1.0,0.0,0.2811023761445661,0.0434293475445466,0.2777959940241119,0.0407743418810314,1.0,0.0,0.2962633223684209,0.0424128793628176,0.2925164473684207,0.0404418943038693,1.0,0.0,0.093682739288464,0.0042579178405634,1.0,0.0,0.0938180921052631,0.0042624193772054
google_gemma_7b,astronomy,balanced,mmlu:astronomy,google_gemma_7b,200.0,two_way_balanced,PE-Rasch,0.1313844093795024,0.0135648932129054,0.1687349730836431,0.0172974456969662,0.1175496876124263,0.0136721506820745,0.5257423212024969,0.0396234639613748,0.1445971773294263,0.0119902401468185,1.0,,,,,,,,,,,,,,,,,,,,
google_gemma_7b,astronomy,balanced,mmlu:astronomy,google_gemma_7b,400.0,two_way_balanced,Avg,0.1738026291544736,0.0157546457322918,0.2201025730789731,0.0170762663954915,0.1619078923123684,0.0147779355567053,1.906588624829547,0.2227742495608209,0.2563766876704054,0.0078933175416477,,,,,,,,,,,,,,,,,,,,,
google_gemma_7b,astronomy,balanced,mmlu:astronomy,google_gemma_7b,400.0,two_way_balanced,BayPIRE,0.0169138688548674,0.0018383299456635,0.0209826441134948,0.002237124018327,0.0121050174570051,0.0030718196982273,0.2823872830043957,0.0107329259161595,0.0801651345886575,0.003772458299453,1.0,0.998,0.0042163702135578,0.1337685388878172,0.0230351495491132,0.1334916935491347,0.0229143835210124,1.0,0.0,0.155807894736842,0.0202754035798043,0.1546463815789472,0.0196958047572468,1.0,0.0,0.0531238128182229,0.0020352409815202,1.0,0.0,0.0540478618421052,0.0017723791949755
google_gemma_7b,astronomy,balanced,mmlu:astronomy,google_gemma_7b,400.0,two_way_balanced,PE-Rasch,0.0847929023529538,0.0137948068020811,0.1235728253802961,0.0165787967831205,0.0704105022687728,0.0131220705401377,0.4763039137455424,0.0341885226705707,0.1150333124663418,0.0086323397377758,1.0,,,,,,,,,,,,,,,,,,,,
google_gemma_7b,astronomy,balanced,mmlu:astronomy,google_gemma_7b,800.0,two_way_balanced,Avg,0.1298618414231579,0.009667767517038,0.1590074179569907,0.0095041577906307,0.1171381572126315,0.0095940037068052,1.0124642597374864,0.0704561447164155,0.23324652734125,0.0032403066500988,,,,,,,,,,,,,,,,,,,,,
google_gemma_7b,astronomy,balanced,mmlu:astronomy,google_gemma_7b,800.0,two_way_balanced,BayPIRE,0.0160944189233003,0.0015640514560357,0.01965315755023,0.0018721470113761,0.0091298238608365,0.0027731479826287,0.2391819351652261,0.0022992572016248,0.0690718880693725,0.0008650163336857,1.0,0.978,0.0154919333848296,0.098894799493614,0.0170402086684425,0.0988829065893839,0.0170636405102225,0.998,0.0042163702135578,0.1248169407894736,0.0143112062962997,0.1236924342105262,0.0144936300339911,1.0,0.0,0.0346301837384238,0.0018110601734525,1.0,0.0,0.035260197368421,0.0016276251302897
google_gemma_7b,astronomy,balanced,mmlu:astronomy,google_gemma_7b,800.0,two_way_balanced,PE-Rasch,0.0755272038779679,0.0067415350770336,0.1014074580949009,0.0104839051078618,0.0616587557846343,0.0068113645385041,0.4372919043093919,0.0320829422066723,0.103509241503617,0.0052755701331893,1.0,,,,,,,,,,,,,,,,,,,,
google_gemma_7b,astronomy,balanced,mmlu:astronomy,google_gemma_7b,1600.0,two_way_balanced,Avg,0.0876315788847368,0.0046956972768094,0.1086983563590362,0.0041640866836706,0.0743421052005263,0.0048838068832834,0.6750439563364354,0.0331335163743562,0.2197757352511765,0.0012593855236632,,,,,,,,,,,,,,,,,,,,,
google_gemma_7b,astronomy,balanced,mmlu:astronomy,google_gemma_7b,1600.0,two_way_balanced,BayPIRE,0.0148905172066354,0.0020532454828901,0.0183858401773661,0.0020782490245149,0.0091301363654521,0.0031736417202668,0.221655204414289,0.0038419270922455,0.0652772950002602,0.0006725930979333,1.0,0.867,0.0787471339866481,0.0600811262110006,0.0112750384165003,0.0600303605396115,0.0112176204740915,0.997,0.0048304589153965,0.0941292763157894,0.0070312207473485,0.0947368421052631,0.0070721559195601,0.9,0.3162277660168379,0.0220392658276107,0.0005882696359438,0.9,0.3162277660168379,0.0232919407894736,0.0004379959224289
google_gemma_7b,astronomy,balanced,mmlu:astronomy,google_gemma_7b,1600.0,two_way_balanced,PE-Rasch,0.0493581741671007,0.0025639014001671,0.0630694221594558,0.002316439968546,0.0370473474197952,0.003193729558677,0.2914389624710322,0.0138889888485661,0.0804937613032037,0.0021276169341277,1.0,,,,,,,,,,,,,,,,,,,,
google_gemma_7b,astronomy,random,mmlu:astronomy,google_gemma_7b,200.0,random_uniform,Avg,0.257847977059693,0.0166602170983855,0.3192876695321029,0.0224393667884522,0.2447463981123245,0.0152803189925868,4.049704953864222,0.3127265579480172,0.3100298843618174,0.0145553902904268,,,,,,,,,,,,,,,,,,,,,
google_gemma_7b,astronomy,random,mmlu:astronomy,google_gemma_7b,200.0,random_uniform,BayPIRE,0.022421869970632,0.0044965967055769,0.0271071852358191,0.0048552136376343,0.0164985647155626,0.0082723405578083,0.416884661061322,0.018482862511931,0.1291211639538634,0.0079002090837267,1.0,1.0,0.0,0.2506321125805817,0.0353423767893451,0.2504569000580611,0.035143018382998,1.0,0.0,0.2661777960526314,0.0339167381523639,0.2667845394736842,0.0332002545074349,1.0,0.0,0.1105739919813597,0.0039998467355229,1.0,0.0,0.1111802631578946,0.0036167409709359
google_gemma_7b,astronomy,random,mmlu:astronomy,google_gemma_7b,200.0,random_uniform,PE-Rasch,0.1323515481489493,0.0193395083323518,0.177600081003062,0.0244248007473649,0.1184174116610939,0.0187898397997536,0.6043839540787082,0.0391489960419218,0.171868333043019,0.0107940690324429,1.0,,,,,,,,,,,,,,,,,,,,
google_gemma_7b,astronomy,random,mmlu:astronomy,google_gemma_7b,400.0,random_uniform,Avg,0.201124919540186,0.0070481179038751,0.2500599629545276,0.0081918551988207,0.1882172127732687,0.0076314344473032,2.5575145149652685,0.1522433854816649,0.2707110663690939,0.0041082917629777,,,,,,,,,,,,,,,,,,,,,
google_gemma_7b,astronomy,random,mmlu:astronomy,google_gemma_7b,400.0,random_uniform,BayPIRE,0.0164677821285933,0.0012487788901912,0.0201432152168057,0.0015173739305941,0.0106254909267332,0.0022582097784698,0.3154608828240676,0.014193475794956,0.0936015316875388,0.0056155360770651,1.0,1.0,0.0,0.1483488898649101,0.01839401162361,0.1481003433408561,0.0183064532090499,1.0,0.0,0.1696083881578946,0.017080427374743,0.1697450657894736,0.0157727342774919,1.0,0.0,0.0665357751680952,0.0024464390095034,1.0,0.0,0.0675488486842104,0.0023899892152061
google_gemma_7b,astronomy,random,mmlu:astronomy,google_gemma_7b,400.0,random_uniform,PE-Rasch,0.1011095340775175,0.0145546726884149,0.1452132388725928,0.0160063480738089,0.0873143247355711,0.0154839586206456,0.5575774790120201,0.062519617495408,0.1405041171876242,0.0132262148622231,1.0,,,,,,,,,,,,,,,,,,,,
google_gemma_7b,astronomy,random,mmlu:astronomy,google_gemma_7b,800.0,random_uniform,Avg,0.1295549858621113,0.0109868617083718,0.1664371568076363,0.014342285709248,0.1167662745734,0.0123561415551233,1.140810521167006,0.1641221912314535,0.2358284487386974,0.0052672997824081,,,,,,,,,,,,,,,,,,,,,
google_gemma_7b,astronomy,random,mmlu:astronomy,google_gemma_7b,800.0,random_uniform,BayPIRE,0.0177348264800089,0.0057416937095984,0.0214826850945169,0.0061003561233994,0.0135382299112326,0.0074780261277276,0.2507167270632068,0.0079502347995128,0.0723008042883917,0.0031896186052613,1.0,0.938,0.0973881124390674,0.0899210306531835,0.0142303256028559,0.0899845038149743,0.0144248571308856,0.994,0.0189736659610102,0.1179583881578946,0.0114086925225087,0.1171381578947367,0.0115044871275926,0.9,0.3162277660168379,0.0389770976857928,0.0024993971395414,0.9,0.3162277660168379,0.0395723684210526,0.0024818247542645
google_gemma_7b,astronomy,random,mmlu:astronomy,google_gemma_7b,800.0,random_uniform,PE-Rasch,0.0748621200458491,0.0083101229212184,0.1025816932801129,0.0114267154983646,0.0620353067032294,0.0088479232489715,0.4361567278095387,0.0287045513654015,0.104486644524005,0.0060720034427998,1.0,,,,,,,,,,,,,,,,,,,,
google_gemma_7b,astronomy,random,mmlu:astronomy,google_gemma_7b,1600.0,random_uniform,Avg,0.0876435993732602,0.0084102486241201,0.1107634319285842,0.0103436334197362,0.0754713113259102,0.0077169909932542,0.6786521365708971,0.0385625712761179,0.2205452080346152,0.0032335386198845,,,,,,,,,,,,,,,,,,,,,
google_gemma_7b,astronomy,random,mmlu:astronomy,google_gemma_7b,1600.0,random_uniform,BayPIRE,0.0148882309890421,0.0014636655373525,0.018380026492189,0.0019049030116662,0.0073851391667086,0.0025165021539941,0.2222085193885705,0.0048540083239059,0.0657077584706755,0.0010790502646462,1.0,0.914,0.0455094617756694,0.0722503056929047,0.0164042708732346,0.072141831053656,0.0162197866886186,0.997,0.0048304589153964,0.1024284539473683,0.0116409216317625,0.1026315789473684,0.011267747876022,1.0,0.0,0.0238553776691976,0.0004483815464571,1.0,0.0,0.0250236842105263,0.0007131599514977
google_gemma_7b,astronomy,random,mmlu:astronomy,google_gemma_7b,1600.0,random_uniform,PE-Rasch,0.0543943791044515,0.0059033387285516,0.0706728805984195,0.0062417034753792,0.0434146981769265,0.0055063648606153,0.3128775803471458,0.0244387444617369,0.085204773922894,0.0040060543338744,1.0,,,,,,,,,,,,,,,,,,,,
google_gemma_7b,business_ethics,balanced,mmlu:business_ethics,google_gemma_7b,200.0,two_way_balanced,Avg,0.2912599948648,0.0279189375044296,0.3394788248467112,0.0274088991747824,0.2743999948648,0.0264243987868821,4.647520067142863,0.6500433974541886,0.3533877504142858,0.0197975130293726,,,,,,,,,,,,,,,,,,,,,
google_gemma_7b,business_ethics,balanced,mmlu:business_ethics,google_gemma_7b,200.0,two_way_balanced,BayPIRE,0.0247266304457665,0.0077995026494457,0.0304840260693166,0.0078812231802269,0.0178857569141427,0.0105864305633742,0.3116728529224758,0.0149740202711833,0.0862118175205175,0.0058282726556598,1.0,0.997,0.0048304589153964,0.2203261829103802,0.0331976495882419,0.2198419090295185,0.032746744391616,0.998,0.0042163702135578,0.2469419999999998,0.0309748350098735,0.2470249999999999,0.0305533345152374,0.9,0.3162277660168379,0.0849002941509035,0.0032349052819974,0.9,0.3162277660168379,0.0858292499999999,0.0026949871289117
google_gemma_7b,business_ethics,balanced,mmlu:business_ethics,google_gemma_7b,200.0,two_way_balanced,PE-Rasch,0.114373859458622,0.017529142996264,0.1507527905956204,0.0169272738049121,0.096795220542279,0.016769846947495,0.4680833169603994,0.0446502301894699,0.1269014659099568,0.0113994716754902,1.0,,,,,,,,,,,,,,,,,,,,
google_gemma_7b,business_ethics,balanced,mmlu:business_ethics,google_gemma_7b,400.0,two_way_balanced,Avg,0.1999699984256,0.0123798265453553,0.2370303049924132,0.015496711654755,0.1849699984256,0.0117593506544355,1.8698211712970525,0.2529924618349169,0.29386979031,0.0079198277074439,,,,,,,,,,,,,,,,,,,,,
google_gemma_7b,business_ethics,balanced,mmlu:business_ethics,google_gemma_7b,400.0,two_way_balanced,BayPIRE,0.0191384509402299,0.0012753616134601,0.024513646405795,0.0011621919626876,0.0140926973722952,0.0016864741779373,0.2436262118608265,0.0083652070234677,0.0684275961214648,0.0026124531415386,1.0,0.973,0.0141813649241217,0.1183586150379976,0.0114445753040133,0.1181547029190912,0.0113268283263547,0.995,0.0052704627669473,0.1526087499999999,0.0101344280692926,0.1519999999999999,0.0103279555898864,1.0,0.0,0.0500151398494152,0.0022451630171576,1.0,0.0,0.0514652499999999,0.0026027094456225
google_gemma_7b,business_ethics,balanced,mmlu:business_ethics,google_gemma_7b,400.0,two_way_balanced,PE-Rasch,0.0764839910837777,0.0054699891160049,0.1124486198943892,0.0095149248930683,0.0582613852151779,0.0061989682340057,0.4311122958297425,0.034862804027018,0.1041685634021906,0.0063715516485046,1.0,,,,,,,,,,,,,,,,,,,,
google_gemma_7b,business_ethics,balanced,mmlu:business_ethics,google_gemma_7b,800.0,two_way_balanced,Avg,0.1339249998804,0.0107520087780087,0.16600842392824,0.0123075450465578,0.1151949998803999,0.0130181805788197,0.818313983194255,0.0923052500787099,0.2652275814197826,0.0049380027394057,,,,,,,,,,,,,,,,,,,,,
google_gemma_7b,business_ethics,balanced,mmlu:business_ethics,google_gemma_7b,800.0,two_way_balanced,BayPIRE,0.019203820379802,0.001305049817601,0.0244771433886949,0.0016381183849435,0.0127989666225011,0.0022068081133598,0.2150566090253506,0.0075456675001882,0.0615533025557304,0.001602563060286,1.0,0.902,0.0526624470883506,0.0876181183079475,0.0116290808920553,0.0877938822940379,0.0116649549765831,0.989,0.0073786478737262,0.1254344999999999,0.0090030057326551,0.1250124999999999,0.0097111852034422,1.0,0.0,0.0320189379827975,0.0011534982830176,1.0,0.0,0.0335432499999999,0.0011282773558246
google_gemma_7b,business_ethics,balanced,mmlu:business_ethics,google_gemma_7b,800.0,two_way_balanced,PE-Rasch,0.0679680369314895,0.0055064649694529,0.0873021967649649,0.0072851589002205,0.0511949405835613,0.0048891682709345,0.3665686757763818,0.0301183619582982,0.09057202720136,0.0048362917480459,1.0,,,,,,,,,,,,,,,,,,,,
google_gemma_7b,business_ethics,balanced,mmlu:business_ethics,google_gemma_7b,1600.0,two_way_balanced,Avg,0.0864075,0.0068200282053831,0.1080062890826535,0.0065285925481914,0.0694974999999999,0.006088039846015,0.6960682614885083,0.0052416130084164,0.2488078497023809,0.0019292571239067,,,,,,,,,,,,,,,,,,,,,
google_gemma_7b,business_ethics,balanced,mmlu:business_ethics,google_gemma_7b,1600.0,two_way_balanced,BayPIRE,0.0184592975957596,0.0012199216575735,0.0234948792979149,0.0015306512207608,0.0106438361936304,0.0020688513326516,0.196270008218804,0.0023538024726848,0.058387839710781,0.0004299016416102,1.0,0.756,0.0685079070862139,0.0574145629718832,0.0148418525402854,0.0573857262635431,0.0143825117050614,0.978,0.0091893658347268,0.1019205,0.0094716833685112,0.1020249999999999,0.0103228777749015,1.0,0.0,0.0197947934875351,0.0007447274667624,1.0,0.0,0.021822,0.0005173380047039
google_gemma_7b,business_ethics,balanced,mmlu:business_ethics,google_gemma_7b,1600.0,two_way_balanced,PE-Rasch,0.0481573642882335,0.0041493190752915,0.0615051726639997,0.0058267668478025,0.0323799490185452,0.0038511707693423,0.2618508409156805,0.0191045709142872,0.074213642097374,0.0032491444907259,1.0,,,,,,,,,,,,,,,,,,,,
google_gemma_7b,business_ethics,random,mmlu:business_ethics,google_gemma_7b,200.0,random_uniform,Avg,0.2775866618347667,0.0203368873105166,0.3382481390136876,0.0205861023510675,0.2596733285014333,0.0195007248532073,4.438686321478258,0.3895851559527618,0.3519134819670068,0.014202492167825,,,,,,,,,,,,,,,,,,,,,
google_gemma_7b,business_ethics,random,mmlu:business_ethics,google_gemma_7b,200.0,random_uniform,BayPIRE,0.0248883830740908,0.0082009021138498,0.0304668051636255,0.0081873894625893,0.0193884206136647,0.0105493882113642,0.3479240727559207,0.0183363623772067,0.1022608201870642,0.0081024095256667,1.0,0.998,0.0042163702135578,0.2092362165248015,0.0112879653970071,0.2095417999822819,0.0112045490013871,1.0,0.0,0.2369489999999998,0.0101294905816849,0.2360624999999998,0.0117028086016422,1.0,0.0,0.1091202811552053,0.0049664149685512,1.0,0.0,0.1094099999999999,0.0051762196630359
google_gemma_7b,business_ethics,random,mmlu:business_ethics,google_gemma_7b,200.0,random_uniform,PE-Rasch,0.1075746566321503,0.0124247092710561,0.1427946355403592,0.0137760536547256,0.088759660755617,0.0113122948753572,0.4948222908758232,0.057811391415806,0.1379890618912011,0.0135169227131265,1.0,,,,,,,,,,,,,,,,,,,,
google_gemma_7b,business_ethics,random,mmlu:business_ethics,google_gemma_7b,400.0,random_uniform,Avg,0.2176269092113119,0.0118836333681009,0.273803683247359,0.0143117502660635,0.200484528258931,0.0114267636519917,2.8447045660942147,0.2806460052098599,0.313521610793767,0.0082981384045641,,,,,,,,,,,,,,,,,,,,,
google_gemma_7b,business_ethics,random,mmlu:business_ethics,google_gemma_7b,400.0,random_uniform,BayPIRE,0.0224986055931018,0.0057656758060724,0.0280075205856798,0.0060561853244681,0.0175768455501657,0.0075886716831506,0.2662475199238364,0.0100926870767045,0.0757254109777678,0.0047961548775837,1.0,0.973,0.0330151480384383,0.1331704169389009,0.0159324942866602,0.1336664967465813,0.0161524492451955,0.993,0.0094868329805051,0.1662637499999998,0.0141176019096925,0.1660124999999998,0.0143217552559421,0.9,0.3162277660168379,0.0642256746923849,0.0039345663662696,0.9,0.3162277660168379,0.0648762499999999,0.0038840831268281
google_gemma_7b,business_ethics,random,mmlu:business_ethics,google_gemma_7b,400.0,random_uniform,PE-Rasch,0.0883291904918472,0.0141723911129759,0.126977987517362,0.0157061624282206,0.0714790263750346,0.0138851292642126,0.4845486170424418,0.0514855218962799,0.1182780458900313,0.0145543968606792,1.0,,,,,,,,,,,,,,,,,,,,
google_gemma_7b,business_ethics,random,mmlu:business_ethics,google_gemma_7b,800.0,random_uniform,Avg,0.1338768911582832,0.0091000707223465,0.1703329390252161,0.0133005212022009,0.116177031018423,0.0084898503055869,1.0259732006653657,0.1328755136697273,0.2667032124100269,0.0050407818255455,,,,,,,,,,,,,,,,,,,,,
google_gemma_7b,business_ethics,random,mmlu:business_ethics,google_gemma_7b,800.0,random_uniform,BayPIRE,0.019832439729449,0.001752436946614,0.0253893717366452,0.0022844494419844,0.0133269862676003,0.003110809387028,0.2206199764854549,0.0122444481431879,0.0637057228791835,0.0041095977802118,1.0,0.89,0.0787400787401181,0.0907301873346756,0.0162063088354413,0.0910039168061159,0.0162075333916344,0.991,0.0087559503577091,0.1281639999999999,0.0108036506947111,0.128,0.0122927259430571,0.9,0.3162277660168379,0.0353900620492393,0.0021193207105861,1.0,0.0,0.036633,0.0019730897231386
google_gemma_7b,business_ethics,random,mmlu:business_ethics,google_gemma_7b,800.0,random_uniform,PE-Rasch,0.0696847841771519,0.0055206312976723,0.0916196078939223,0.0089265423690418,0.0523798028470725,0.006192717126599,0.374307891234402,0.0575747064381713,0.0935666593434184,0.0085511319704686,1.0,,,,,,,,,,,,,,,,,,,,
google_gemma_7b,business_ethics,random,mmlu:business_ethics,google_gemma_7b,1600.0,random_uniform,Avg,0.0886671579215468,0.0053768033683587,0.1120850569513077,0.0067531377457136,0.0716193059100106,0.0055615401574934,0.7011665082749132,0.0045762337593911,0.2504124899338314,0.0018503472207954,,,,,,,,,,,,,,,,,,,,,
google_gemma_7b,business_ethics,random,mmlu:business_ethics,google_gemma_7b,1600.0,random_uniform,BayPIRE,0.0186863071702777,0.0011361464268612,0.0236218775762072,0.0012940438854242,0.0106314005332156,0.0023867281837008,0.1999973087862995,0.0051826940956738,0.0590529350845426,0.0012406573323642,1.0,0.791,0.0863391246448818,0.0616680286779518,0.0147973355266294,0.06201205764702,0.0147836264216359,0.98,0.0156347191994114,0.1044824999999999,0.0099299476892434,0.1045125,0.0111561595467855,0.9,0.3162277660168379,0.0205293893187342,0.0008647224033144,0.9,0.3162277660168379,0.0222719999999999,0.0008611191039055
google_gemma_7b,business_ethics,random,mmlu:business_ethics,google_gemma_7b,1600.0,random_uniform,PE-Rasch,0.0467906571676722,0.0040384698751266,0.061090752968282,0.0071826276196774,0.0328921943132968,0.0046603840836209,0.2623747459185215,0.0195212463733175,0.0735182550905632,0.0034851590953927,1.0,,,,,,,,,,,,,,,,,,,,
google_gemma_7b,clinical_knowledge,balanced,mmlu:clinical_knowledge,google_gemma_7b,200.0,two_way_balanced,Avg,0.2923056550776603,0.0177495744866038,0.338584797137915,0.0194121573660632,0.2793622588512452,0.0184046620164604,4.590370906625202,0.4222333544165518,0.348161592324943,0.0129340119591688,,,,,,,,,,,,,,,,,,,,,
google_gemma_7b,clinical_knowledge,balanced,mmlu:clinical_knowledge,google_gemma_7b,200.0,two_way_balanced,BayPIRE,0.0377149613212448,0.0099823503398047,0.0455300507862134,0.011576692109925,0.0275859283733153,0.0103968288995473,0.5891183184093498,0.0090324486015714,0.200487480650652,0.0042927872091546,1.0,1.0,0.0,0.4347638224265339,0.0818417828629026,0.4306434607121459,0.0816120478880636,1.0,0.0,0.4449922641509432,0.0793904492055706,0.4415613207547168,0.079295944578952,1.0,0.0,0.1194636427761305,0.0026175634267933,1.0,0.0,0.1202234905660376,0.0026151506996415
google_gemma_7b,clinical_knowledge,balanced,mmlu:clinical_knowledge,google_gemma_7b,200.0,two_way_balanced,PE-Rasch,0.1813425739740996,0.0175231141501761,0.2207088121073962,0.0199157106989759,0.1682557815212694,0.0184156531969395,0.7007206414746592,0.0357107390350051,0.2095211601005653,0.012161368012306,1.0,,,,,,,,,,,,,,,,,,,,
google_gemma_7b,clinical_knowledge,balanced,mmlu:clinical_knowledge,google_gemma_7b,400.0,two_way_balanced,Avg,0.2007783001632075,0.014024625405251,0.2375188668533907,0.0184621227975727,0.1860386775216981,0.0141990829867959,1.9047290300098605,0.3057873596374951,0.2898781116140996,0.0089109942025284,,,,,,,,,,,,,,,,,,,,,
google_gemma_7b,clinical_knowledge,balanced,mmlu:clinical_knowledge,google_gemma_7b,400.0,two_way_balanced,BayPIRE,0.0206113113189533,0.0065773571182559,0.0250220039713023,0.0072727380011247,0.0150460824560109,0.0089858792532457,0.358600522269523,0.0098517799785682,0.1035867295078894,0.0038438426287024,1.0,0.999,0.0031622776601683,0.1805534220326198,0.0451855791123177,0.1800309027602758,0.0444837640171853,1.0,0.0,0.1928521698113206,0.0431029866618189,0.1921226415094338,0.0428841586838073,0.9,0.3162277660168379,0.0614400705623402,0.0016108601042652,0.9,0.3162277660168379,0.0618516981132075,0.0018307121622699
google_gemma_7b,clinical_knowledge,balanced,mmlu:clinical_knowledge,google_gemma_7b,400.0,two_way_balanced,PE-Rasch,0.1045683309768199,0.017694555706493,0.1423807435151771,0.0213048683874887,0.0888850374231997,0.0180800613734748,0.5393382385521577,0.0446979059577606,0.1399921598405071,0.0120077463500641,1.0,,,,,,,,,,,,,,,,,,,,
google_gemma_7b,clinical_knowledge,balanced,mmlu:clinical_knowledge,google_gemma_7b,800.0,two_way_balanced,Avg,0.1315834902653962,0.0117735933849184,0.1654757768892172,0.0135707144389442,0.1180900940389811,0.012609383140143,0.9138598310365356,0.1653944091890189,0.2607118796276264,0.0047372980998316,,,,,,,,,,,,,,,,,,,,,
google_gemma_7b,clinical_knowledge,balanced,mmlu:clinical_knowledge,google_gemma_7b,800.0,two_way_balanced,BayPIRE,0.0173140586824379,0.0028613222121869,0.0209354400011246,0.0035178317082789,0.0132215425227366,0.0038524565398393,0.2830791489957324,0.0095825414465193,0.0815599004095584,0.0029839135229975,1.0,0.979,0.0366515120197425,0.1052651764788113,0.0140877837403414,0.1052805265226996,0.0139739828882224,0.998,0.0063245553203367,0.1204956603773584,0.0125480275096579,0.1211367924528301,0.0125106744106734,0.9,0.3162277660168379,0.0355817773361209,0.0008940810255888,0.9,0.3162277660168379,0.0366027358490565,0.0010412558416165
google_gemma_7b,clinical_knowledge,balanced,mmlu:clinical_knowledge,google_gemma_7b,800.0,two_way_balanced,PE-Rasch,0.0876431522106728,0.0067092077938106,0.1161415509645141,0.0078009192877998,0.0740312689825505,0.0070587379455627,0.5040059979982812,0.0301761607664795,0.1186122254535014,0.0063127679300078,1.0,,,,,,,,,,,,,,,,,,,,
google_gemma_7b,clinical_knowledge,balanced,mmlu:clinical_knowledge,google_gemma_7b,1600.0,two_way_balanced,Avg,0.0910676886510566,0.0086927134297057,0.1144645113701069,0.0101691511038043,0.0786488207265283,0.008018257210874,0.7094052372055366,0.0273232600662369,0.246320390916506,0.0026823954296441,,,,,,,,,,,,,,,,,,,,,
google_gemma_7b,clinical_knowledge,balanced,mmlu:clinical_knowledge,google_gemma_7b,1600.0,two_way_balanced,BayPIRE,0.0147015021013401,0.0008390063954231,0.0176999577379362,0.0009338796763362,0.0103906257457327,0.0011632577781137,0.243451970724772,0.0059661588845219,0.0726868766184884,0.001508129692187,1.0,0.947,0.0419126074906664,0.0722584251640919,0.0087805264051818,0.0723822159540378,0.0088905808529113,0.998,0.0042163702135578,0.0918880188679244,0.0065653416588374,0.0913632075471696,0.0066031165441333,1.0,0.0,0.0234182659682542,0.0006606288423384,1.0,0.0,0.0240630188679244,0.0006871923007267
google_gemma_7b,clinical_knowledge,balanced,mmlu:clinical_knowledge,google_gemma_7b,1600.0,two_way_balanced,PE-Rasch,0.0569673756005411,0.0048224585214912,0.0740537166331254,0.006482319542628,0.0448462659694855,0.003909543049665,0.3430184721408711,0.0210508045753544,0.091997694871733,0.0035480820099126,1.0,,,,,,,,,,,,,,,,,,,,
google_gemma_7b,clinical_knowledge,random,mmlu:clinical_knowledge,google_gemma_7b,200.0,random_uniform,Avg,0.2723801613680341,0.0247869742741109,0.3376515486067536,0.0215446501251361,0.2579069538208642,0.0241574861473286,4.374887350582,0.5010829973897699,0.3474920993803428,0.0145660684602541,,,,,,,,,,,,,,,,,,,,,
google_gemma_7b,clinical_knowledge,random,mmlu:clinical_knowledge,google_gemma_7b,200.0,random_uniform,BayPIRE,0.0280035707066225,0.0109853086889425,0.0328036511558244,0.011338586997044,0.0227212427447022,0.0146137166041373,0.5192538551976538,0.0120038219335266,0.1712380762151145,0.0051699949044412,1.0,1.0,0.0,0.2885304419489341,0.0554180990327715,0.2877842267391418,0.0549181668082713,1.0,0.0,0.2980225471698112,0.0541237630499034,0.2968301886792451,0.0540887350037108,1.0,0.0,0.1244314010645381,0.0059599594174354,1.0,0.0,0.1247114150943395,0.0060692541536149
google_gemma_7b,clinical_knowledge,random,mmlu:clinical_knowledge,google_gemma_7b,200.0,random_uniform,PE-Rasch,0.184106519059199,0.0178603392991565,0.2220869417834401,0.0192461791389823,0.1699337883155568,0.0168246765795307,0.7407434712951928,0.0492477392716305,0.2284214281018704,0.0126742536267555,1.0,,,,,,,,,,,,,,,,,,,,
google_gemma_7b,clinical_knowledge,random,mmlu:clinical_knowledge,google_gemma_7b,400.0,random_uniform,Avg,0.2119209422303222,0.0144061322744391,0.2652981845168316,0.0192057084290704,0.199139935941014,0.01449937775048,2.5868436861263047,0.3188831759277148,0.3040918887412088,0.0101519345130768,,,,,,,,,,,,,,,,,,,,,
google_gemma_7b,clinical_knowledge,random,mmlu:clinical_knowledge,google_gemma_7b,400.0,random_uniform,BayPIRE,0.0192462901010647,0.0038038381118813,0.0232018700215053,0.004546424608444,0.0141698256644733,0.0063777851766629,0.412363350338438,0.0151543912211737,0.1285382977168801,0.0059240314848209,1.0,1.0,0.0,0.1799377095907233,0.0247592988277694,0.1796209276336781,0.0249062497104087,1.0,0.0,0.1918916981132074,0.0237024726916937,0.1915377358490565,0.0240659865781528,1.0,0.0,0.0797708783038131,0.0017707723806102,1.0,0.0,0.0804066981132074,0.0016091931766814
google_gemma_7b,clinical_knowledge,random,mmlu:clinical_knowledge,google_gemma_7b,400.0,random_uniform,PE-Rasch,0.1383862991824035,0.0176327511037131,0.1762972155480509,0.0197669137113155,0.1247447745393594,0.0168558707868292,0.6635561837773061,0.0625662603093653,0.1809447237515424,0.0145035098353209,1.0,,,,,,,,,,,,,,,,,,,,
google_gemma_7b,clinical_knowledge,random,mmlu:clinical_knowledge,google_gemma_7b,800.0,random_uniform,Avg,0.1415635302322521,0.0108384037088098,0.1754839049871349,0.0150409048876611,0.1267882668164226,0.0114154147649279,1.009731631744761,0.1487208339241116,0.2642428442663099,0.0053415671999763,,,,,,,,,,,,,,,,,,,,,
google_gemma_7b,clinical_knowledge,random,mmlu:clinical_knowledge,google_gemma_7b,800.0,random_uniform,BayPIRE,0.0180906425084593,0.0027880765301389,0.0219685664289658,0.0036845528331784,0.0138212794684956,0.0047441050008106,0.3102768553375244,0.0093054357130596,0.0921539176861822,0.003955491816888,1.0,0.979,0.0395671019352637,0.1144547266652666,0.0194013301726845,0.1143373674384741,0.019388052829488,0.996,0.006992058987801,0.1297211320754716,0.0167901309385739,0.1302075471698112,0.016142878920814,1.0,0.0,0.0469259049246321,0.002138865562404,1.0,0.0,0.0473635849056603,0.0019799314121503
google_gemma_7b,clinical_knowledge,random,mmlu:clinical_knowledge,google_gemma_7b,800.0,random_uniform,PE-Rasch,0.100240507397175,0.008488772521595,0.1333162719130664,0.0111352802554235,0.0864947202385021,0.0083731044005886,0.5496153909210606,0.0354680572815295,0.1358101279752581,0.0069490300186444,1.0,,,,,,,,,,,,,,,,,,,,
google_gemma_7b,clinical_knowledge,random,mmlu:clinical_knowledge,google_gemma_7b,1600.0,random_uniform,Avg,0.0960431277836023,0.0092061972355934,0.1200757204753664,0.0113390989287045,0.082718835381515,0.0084585055525261,0.7070902499650092,0.0280257686620005,0.2477673315115561,0.0029553291871431,,,,,,,,,,,,,,,,,,,,,
google_gemma_7b,clinical_knowledge,random,mmlu:clinical_knowledge,google_gemma_7b,1600.0,random_uniform,BayPIRE,0.0154004797996857,0.0008342530255727,0.0187605208202708,0.0012504226426292,0.0109151677541112,0.0013412843995955,0.2504096671792568,0.0069192254784847,0.0747416948329742,0.0018355020492563,1.0,0.925,0.0501663898109746,0.0718061578575307,0.0123945981459105,0.071880265652257,0.0125577180192966,0.992,0.0063245553203367,0.0917139622641508,0.0093934206953313,0.0918915094339622,0.0095094581398813,1.0,0.0,0.0265632842132212,0.0010310974375394,1.0,0.0,0.0271201886792452,0.0009955296623263
google_gemma_7b,clinical_knowledge,random,mmlu:clinical_knowledge,google_gemma_7b,1600.0,random_uniform,PE-Rasch,0.0562425026900473,0.0047480337289829,0.0730201826811537,0.0075283759621613,0.0419312527897238,0.0049552211067985,0.3448550870956925,0.0268955633432967,0.0924121936672451,0.0030671975383535,1.0,,,,,,,,,,,,,,,,,,,,
google_gemma_7b,college_biology,balanced,mmlu:college_biology,google_gemma_7b,200.0,two_way_balanced,Avg,0.2835277719005556,0.0126448141330533,0.308175573485806,0.0193321167796352,0.2675694385672222,0.0123591165918014,3.847157373380233,0.3573683378651622,0.2946478834509859,0.0119689880401802,,,,,,,,,,,,,,,,,,,,,
google_gemma_7b,college_biology,balanced,mmlu:college_biology,google_gemma_7b,200.0,two_way_balanced,BayPIRE,0.0219115197212332,0.0043414451321485,0.0268415830277562,0.0046597838124097,0.0148636709763655,0.0072178923312156,0.3187798931610587,0.0180929357803786,0.0884129356006405,0.0071366942395397,1.0,1.0,0.0,0.2388192860486413,0.0353706048821166,0.2373102923595807,0.0342867163912314,1.0,0.0,0.2563531249999998,0.0340814513368506,0.2548958333333332,0.0317755026758316,1.0,0.0,0.089747002465904,0.0053654738857104,1.0,0.0,0.0903067708333333,0.0052075912569343
google_gemma_7b,college_biology,balanced,mmlu:college_biology,google_gemma_7b,200.0,two_way_balanced,PE-Rasch,0.1110300458010523,0.0089813227965676,0.1494353718989144,0.0145121027576262,0.0952406967680047,0.0094366094004706,0.3999919450903048,0.0380151562794727,0.1101058820980896,0.0097854042071035,1.0,,,,,,,,,,,,,,,,,,,,
google_gemma_7b,college_biology,balanced,mmlu:college_biology,google_gemma_7b,400.0,two_way_balanced,Avg,0.1655416640124999,0.0142767146033672,0.2167315512649329,0.0123855698281735,0.1528611084569444,0.0146097567616816,1.8836644402111573,0.1786802850625673,0.2464267841925714,0.0056663003741947,,,,,,,,,,,,,,,,,,,,,
google_gemma_7b,college_biology,balanced,mmlu:college_biology,google_gemma_7b,400.0,two_way_balanced,BayPIRE,0.0177199843101674,0.0010161550516673,0.0214803931792163,0.0014637553508477,0.0138709681707563,0.0015683041405965,0.2167364671529322,0.0101091280268061,0.0579018233397315,0.003251877597524,1.0,0.991,0.0159513148186738,0.115389726004042,0.0209313391268622,0.1153538279270375,0.0208531206110376,0.999,0.0031622776601683,0.1386746527777777,0.0183630830300201,0.1395833333333333,0.0186482722788174,1.0,0.0,0.0481411089908864,0.0026388032140316,1.0,0.0,0.0491303819444445,0.0025349857235035
google_gemma_7b,college_biology,balanced,mmlu:college_biology,google_gemma_7b,400.0,two_way_balanced,PE-Rasch,0.0651029243142518,0.0147515635275229,0.0946686020870719,0.017769812247609,0.049488670820321,0.0150029484215618,0.3161084027698746,0.0208060115762883,0.0792122080934757,0.0073344992832182,1.0,,,,,,,,,,,,,,,,,,,,
google_gemma_7b,college_biology,balanced,mmlu:college_biology,google_gemma_7b,800.0,two_way_balanced,Avg,0.1249861103461111,0.0129682858315816,0.1539978214558111,0.0142787286100719,0.1109166659016666,0.0127176607269925,1.0063526345646312,0.0867479760287598,0.223341911307647,0.0048280934184539,,,,,,,,,,,,,,,,,,,,,
google_gemma_7b,college_biology,balanced,mmlu:college_biology,google_gemma_7b,800.0,two_way_balanced,BayPIRE,0.0172073312882364,0.001111009744581,0.0210651918449836,0.0016423479148371,0.0127874007881521,0.0022171680762845,0.1774649566180241,0.0050595467136003,0.0502526222005523,0.0017938904625359,1.0,0.911,0.0568526360182377,0.081556376812961,0.0159962649654348,0.0816208205828004,0.0159611538177472,0.993,0.0105934990547138,0.1068263888888888,0.0122474233657186,0.1069618055555555,0.0119231081192396,1.0,0.0,0.029972990821294,0.0012682683566044,1.0,0.0,0.030968923611111,0.0010438414315655
google_gemma_7b,college_biology,balanced,mmlu:college_biology,google_gemma_7b,800.0,two_way_balanced,PE-Rasch,0.058234369063029,0.0058353409739547,0.0784972080788284,0.0062229054274555,0.042585055588461,0.0058034141188784,0.2995195524057228,0.0228037486476321,0.0737997155641499,0.0043667802618736,1.0,,,,,,,,,,,,,,,,,,,,
google_gemma_7b,college_biology,balanced,mmlu:college_biology,google_gemma_7b,1600.0,two_way_balanced,Avg,0.0848402777511111,0.0060169201791717,0.1045931903928973,0.0071745998566829,0.0710763888622222,0.0074936565708002,0.6358372875742875,0.0247125789904801,0.2104345702942187,0.0018221564638582,,,,,,,,,,,,,,,,,,,,,
google_gemma_7b,college_biology,balanced,mmlu:college_biology,google_gemma_7b,1600.0,two_way_balanced,BayPIRE,0.0163297349089493,0.0010007898347651,0.0199578862486856,0.0012590421166727,0.0113142596961973,0.0016407408323788,0.1564371337963768,0.0031083422950575,0.0460014532707631,0.0010258717588432,1.0,0.836,0.0609553570701998,0.0570746414612948,0.009189086931279,0.0570300226471999,0.0092747267687592,0.981,0.0144913767461894,0.0858749999999999,0.0066333472738256,0.0854340277777777,0.0080472906529284,0.8,0.4216370213557839,0.0189676101856411,0.0006171839690223,0.8,0.4216370213557839,0.0201753472222223,0.0006200080349065
google_gemma_7b,college_biology,balanced,mmlu:college_biology,google_gemma_7b,1600.0,two_way_balanced,PE-Rasch,0.0429128358202294,0.0014695913720355,0.0557871655257756,0.0024614686615032,0.0293644523104108,0.0023679118368261,0.2228322343842455,0.0141458355850259,0.0607393557972259,0.0016894049783705,1.0,,,,,,,,,,,,,,,,,,,,
google_gemma_7b,college_biology,random,mmlu:college_biology,google_gemma_7b,200.0,random_uniform,Avg,0.2472607089119643,0.0244178430985004,0.3077881122361459,0.0274877077107216,0.2312090422452976,0.0247152608272783,3.8129547789836806,0.4487225948427538,0.2945577462231158,0.0176450835704383,,,,,,,,,,,,,,,,,,,,,
google_gemma_7b,college_biology,random,mmlu:college_biology,google_gemma_7b,200.0,random_uniform,BayPIRE,0.0253870837119388,0.0106159267744037,0.0299586847110065,0.0110332254369214,0.0222396179892282,0.0126274154969593,0.3570934455204015,0.0144383127419105,0.1063659345202392,0.0060807150634624,1.0,0.999,0.0031622776601683,0.200957178552443,0.0176207976099386,0.201079034196888,0.0179995360701817,1.0,0.0,0.2199270833333332,0.0160076231202031,0.2208506944444443,0.0175316565435209,1.0,0.0,0.1068554752784742,0.0054223641989217,1.0,0.0,0.1070718749999999,0.005083587313614
google_gemma_7b,college_biology,random,mmlu:college_biology,google_gemma_7b,200.0,random_uniform,PE-Rasch,0.1143515407888311,0.0105582985583611,0.1510765523819524,0.013105982057497,0.0969806524405805,0.0116392840438441,0.4715658658610676,0.0276957537430313,0.1369313379898222,0.0078582068318153,1.0,,,,,,,,,,,,,,,,,,,,
google_gemma_7b,college_biology,random,mmlu:college_biology,google_gemma_7b,400.0,random_uniform,Avg,0.1971935967829058,0.0100947938839127,0.2416229083688133,0.0160219764777584,0.1802742317035408,0.0097281000467729,2.4450273807140763,0.2998541529803213,0.2584187464689963,0.0085446667974735,,,,,,,,,,,,,,,,,,,,,
google_gemma_7b,college_biology,random,mmlu:college_biology,google_gemma_7b,400.0,random_uniform,BayPIRE,0.0182992526580639,0.0008279906960914,0.0220553497718683,0.0011480746282637,0.0144595732095864,0.0016275472709039,0.2557341414132585,0.0094900885602952,0.0725222594564018,0.004514332099156,1.0,0.996,0.006992058987801,0.1223376612117469,0.0142977389039657,0.1221827641610215,0.0141324844197352,0.999,0.0031622776601683,0.1453755208333332,0.0128446553118908,0.1458333333333333,0.0130945700219731,1.0,0.0,0.0632891807719936,0.0027112080486946,1.0,0.0,0.0637706597222222,0.0026055799213045
google_gemma_7b,college_biology,random,mmlu:college_biology,google_gemma_7b,400.0,random_uniform,PE-Rasch,0.0745999324114792,0.0124068808854166,0.1098271168437878,0.0176734422944345,0.0574933913150216,0.0126065130032373,0.3819653116164862,0.0295029853148635,0.0994459726451571,0.0075132107197843,1.0,,,,,,,,,,,,,,,,,,,,
google_gemma_7b,college_biology,random,mmlu:college_biology,google_gemma_7b,800.0,random_uniform,Avg,0.1311439645252647,0.0042212887165715,0.1664790037657574,0.0073652852184901,0.1168079977142978,0.0050092276235336,1.199650912349256,0.138082826681788,0.227402059308975,0.002674336965278,,,,,,,,,,,,,,,,,,,,,
google_gemma_7b,college_biology,random,mmlu:college_biology,google_gemma_7b,800.0,random_uniform,BayPIRE,0.0172229896052321,0.0012742485989381,0.0211372048889166,0.001940356742339,0.0131218951614267,0.0022776542449189,0.1815246198349432,0.0064440583750974,0.0500861718408442,0.0017372866891009,1.0,0.935,0.0501663898109746,0.0842250094941029,0.0127884802555299,0.0845026860713205,0.0130035856515512,0.996,0.0051639777949432,0.1093852430555554,0.0099807412128782,0.1083593749999999,0.0099039563869401,1.0,0.0,0.0342818172277417,0.0018391815991895,1.0,0.0,0.0352545138888888,0.0018462792674113
google_gemma_7b,college_biology,random,mmlu:college_biology,google_gemma_7b,800.0,random_uniform,PE-Rasch,0.0597435891025011,0.0053574585944194,0.0849334153660349,0.0071030015332621,0.0446307716820782,0.006561942445661,0.3042921520558083,0.0153430365607177,0.0740577471370063,0.0025354290175957,1.0,,,,,,,,,,,,,,,,,,,,
google_gemma_7b,college_biology,random,mmlu:college_biology,google_gemma_7b,1600.0,random_uniform,Avg,0.0847502257423785,0.0076775643576374,0.1065286576219188,0.0075972538020634,0.0688622040855799,0.0072870653104875,0.6489547587838886,0.0250921160428208,0.2106200062350251,0.0019278024010396,,,,,,,,,,,,,,,,,,,,,
google_gemma_7b,college_biology,random,mmlu:college_biology,google_gemma_7b,1600.0,random_uniform,BayPIRE,0.0167742227129496,0.0017752379265053,0.020423027482294,0.0023422851512291,0.0111755712430665,0.0028725688289989,0.1613950049213799,0.005486651451863,0.0468571249879752,0.0014151595230201,1.0,0.841,0.1097927340239072,0.0624501333646994,0.0148384764910612,0.0628234226060499,0.015112016871745,0.979,0.0276686746259294,0.0889420138888888,0.011548799115787,0.0888888888888888,0.0117121394821051,0.9,0.3162277660168379,0.0200668635416616,0.0010660121264082,0.9,0.3162277660168379,0.021225,0.0010063802831035
google_gemma_7b,college_biology,random,mmlu:college_biology,google_gemma_7b,1600.0,random_uniform,PE-Rasch,0.0439846967750232,0.0046454219825886,0.0579331297834139,0.0058007443420583,0.0295013339140141,0.004457549059866,0.2346238483538241,0.0093773155644715,0.0617500205119421,0.0021736903841106,1.0,,,,,,,,,,,,,,,,,,,,
google_gemma_7b,college_chemistry,balanced,mmlu:college_chemistry,google_gemma_7b,200.0,two_way_balanced,Avg,0.2737799951784,0.0188500983390189,0.3400362008884932,0.015999220605891,0.2553199951784,0.0177740005922203,4.697707730181958,0.3676746470416748,0.3629081585471428,0.0114280142164585,,,,,,,,,,,,,,,,,,,,,
google_gemma_7b,college_chemistry,balanced,mmlu:college_chemistry,google_gemma_7b,200.0,two_way_balanced,BayPIRE,0.0255050000328846,0.0024599658799486,0.0317097040242723,0.0029985174620641,0.0188250159665423,0.0031487741800102,0.3617549262989378,0.0079269755812779,0.1048309706202197,0.0029986653071736,1.0,0.999,0.0031622776601683,0.2201889338667471,0.0245311036042354,0.2196743060041054,0.0239679988253978,1.0,0.0,0.2480062499999999,0.0225531433892508,0.248025,0.0236079671109375,1.0,0.0,0.0880899334206847,0.0038553902404801,1.0,0.0,0.0896134999999999,0.0035657684227168
google_gemma_7b,college_chemistry,balanced,mmlu:college_chemistry,google_gemma_7b,200.0,two_way_balanced,PE-Rasch,0.1193940132306581,0.0115469146582021,0.1584991901785528,0.0128186770645171,0.0960542393333025,0.0118710156832131,0.567745556368461,0.0388895564654254,0.1493591518471007,0.0089034295493063,1.0,,,,,,,,,,,,,,,,,,,,
google_gemma_7b,college_chemistry,balanced,mmlu:college_chemistry,google_gemma_7b,400.0,two_way_balanced,Avg,0.2004899986943999,0.0161079307882783,0.2395647731621242,0.0185956481409541,0.1830299986944,0.0153341336991206,1.8034248227070429,0.3092678010544845,0.3048541654264584,0.0097074475113944,,,,,,,,,,,,,,,,,,,,,
google_gemma_7b,college_chemistry,balanced,mmlu:college_chemistry,google_gemma_7b,400.0,two_way_balanced,BayPIRE,0.024668551811377,0.002006421865919,0.0305555641736065,0.0022588996421682,0.0167015505898871,0.0042192986078972,0.3140802431687318,0.0058172976957338,0.0929212241238198,0.0020954107206535,1.0,0.977,0.0231180545125329,0.1555604807431893,0.0259728999042757,0.1555642376353289,0.0259674656881914,0.999,0.0031622776601683,0.1880857499999999,0.0225171353593583,0.1860499999999999,0.0222338580647723,1.0,0.0,0.0560590275671478,0.002113818888068,1.0,0.0,0.0571882499999999,0.0027741267519908
google_gemma_7b,college_chemistry,balanced,mmlu:college_chemistry,google_gemma_7b,400.0,two_way_balanced,PE-Rasch,0.1059844230275757,0.011855141475139,0.141535207950608,0.0130360461394196,0.0845679655073399,0.0127398896666822,0.63560636651136,0.0435221093852023,0.147854288835521,0.0105857030302845,1.0,,,,,,,,,,,,,,,,,,,,
google_gemma_7b,college_chemistry,balanced,mmlu:college_chemistry,google_gemma_7b,800.0,two_way_balanced,Avg,0.1327149998436,0.008490911758589,0.1643368033079455,0.0097348144743851,0.1134949998436,0.009206653640355,0.872619991583519,0.0844456097851507,0.2741691574586956,0.0037767584788427,,,,,,,,,,,,,,,,,,,,,
google_gemma_7b,college_chemistry,balanced,mmlu:college_chemistry,google_gemma_7b,800.0,two_way_balanced,BayPIRE,0.0248711631623016,0.0028496438239275,0.0311868389148768,0.0034209526557667,0.0172415461217767,0.0046982081164921,0.2718780716099334,0.0083856822167422,0.0824309102049969,0.0025323037988433,1.0,0.884,0.050155314330144,0.1084706366946344,0.0304551773792046,0.1085270786823175,0.030800301659302,0.983,0.0094868329805051,0.1485592499999999,0.0234263205500541,0.149,0.0223358207570012,0.7,0.4830458915396479,0.0353320973946645,0.0008963441780904,0.7,0.4830458915396479,0.0368344999999999,0.0009853050852964
google_gemma_7b,college_chemistry,balanced,mmlu:college_chemistry,google_gemma_7b,800.0,two_way_balanced,PE-Rasch,0.0823496538477048,0.0079286272977095,0.1030760363943834,0.0113818118630836,0.0638178205499345,0.0077194601811007,0.4551538848087174,0.0438086127727652,0.1174564142442301,0.0063779033655652,1.0,,,,,,,,,,,,,,,,,,,,
google_gemma_7b,college_chemistry,balanced,mmlu:college_chemistry,google_gemma_7b,1600.0,two_way_balanced,Avg,0.08879,0.0084098421176883,0.110779243911019,0.0082384004989474,0.07119,0.0086957780304901,0.7159294771578933,0.0061154507864707,0.2594471726190476,0.0025269024528649,,,,,,,,,,,,,,,,,,,,,
google_gemma_7b,college_chemistry,balanced,mmlu:college_chemistry,google_gemma_7b,1600.0,two_way_balanced,BayPIRE,0.021069798245102,0.0007781479295015,0.0266480180293819,0.0009748878221053,0.0125503294703199,0.0029246388250819,0.2511440260683028,0.003632303472661,0.0776072621034193,0.0012654994344497,1.0,0.768,0.09114091653405,0.0683130697576458,0.0168830958182809,0.0682748199916174,0.0168378047340237,0.975,0.0117851130197757,0.1164452499999999,0.0107169835651694,0.1150124999999999,0.0117792853136342,1.0,0.0,0.0219742410908178,0.000877785776124,1.0,0.0,0.02387275,0.0012039607378703
google_gemma_7b,college_chemistry,balanced,mmlu:college_chemistry,google_gemma_7b,1600.0,two_way_balanced,PE-Rasch,0.0511616515140143,0.0048772552301836,0.065373120561271,0.0058092472370144,0.0331341020045133,0.0058919573941105,0.3122364694465909,0.0149537352252309,0.0925191521295216,0.0030812659047881,1.0,,,,,,,,,,,,,,,,,,,,
google_gemma_7b,college_chemistry,random,mmlu:college_chemistry,google_gemma_7b,200.0,random_uniform,Avg,0.2809349952755,0.0133126861731379,0.3469193878233216,0.0125306033570872,0.2593449952755,0.0130809184863319,4.657185410188767,0.2725872845905004,0.3673891591787302,0.0089159449214264,,,,,,,,,,,,,,,,,,,,,
google_gemma_7b,college_chemistry,random,mmlu:college_chemistry,google_gemma_7b,200.0,random_uniform,BayPIRE,0.0279842569079244,0.0038720485572198,0.0346630525959832,0.0044800962492336,0.020170598179337,0.0071623238765319,0.4129642154320398,0.0196257146986343,0.1272463455754889,0.0074813807304935,1.0,0.996,0.006992058987801,0.2441309909431131,0.0492789757926698,0.2442258386532139,0.0497918470951546,1.0,0.0,0.2705074999999998,0.0454571865116568,0.2690749999999997,0.0462981056127929,1.0,0.0,0.1127421387204173,0.0053496148187648,1.0,0.0,0.11303875,0.0049907314441093
google_gemma_7b,college_chemistry,random,mmlu:college_chemistry,google_gemma_7b,200.0,random_uniform,PE-Rasch,0.1229631828787762,0.0198930901620141,0.163189670597838,0.019775323991651,0.0993248591425447,0.0203569604781883,0.6490336809227815,0.0613860843627977,0.1749581659600534,0.0152047695833177,1.0,,,,,,,,,,,,,,,,,,,,
google_gemma_7b,college_chemistry,random,mmlu:college_chemistry,google_gemma_7b,400.0,random_uniform,Avg,0.2180825048730072,0.0157027169648733,0.2750524106878027,0.0176167366289421,0.1976517905872929,0.0162727793774869,2.7268658285676106,0.390513300543866,0.3238261147595677,0.0103865024912398,,,,,,,,,,,,,,,,,,,,,
google_gemma_7b,college_chemistry,random,mmlu:college_chemistry,google_gemma_7b,400.0,random_uniform,BayPIRE,0.0265285327021916,0.0039613374696364,0.0330040592801655,0.004417641652089,0.0201397916388274,0.0060662380840818,0.3247889292780891,0.0157487767544558,0.0969595960385593,0.0058995088496618,1.0,0.961,0.0321282153600573,0.1532317306830001,0.0264544408982574,0.153288754091547,0.026758781247139,0.996,0.006992058987801,0.1871639999999999,0.0224632961801641,0.188,0.0229975844142137,1.0,0.0,0.0674626878737108,0.0043053827587213,1.0,0.0,0.0684182499999999,0.0044151173461817
google_gemma_7b,college_chemistry,random,mmlu:college_chemistry,google_gemma_7b,400.0,random_uniform,PE-Rasch,0.1051570206217511,0.0088460327908537,0.1434799885356282,0.0087424717879931,0.0840099338267667,0.0096936342251115,0.6052598453879957,0.0551492596462038,0.1472628238953917,0.0096620405884482,1.0,,,,,,,,,,,,,,,,,,,,
google_gemma_7b,college_chemistry,random,mmlu:college_chemistry,google_gemma_7b,800.0,random_uniform,Avg,0.141699521989382,0.0086509976159797,0.1759189395725512,0.0093397896852393,0.1212468411734659,0.00970608937293,1.0293065596398607,0.1324376434720859,0.2784198347728198,0.0038861908955309,,,,,,,,,,,,,,,,,,,,,
google_gemma_7b,college_chemistry,random,mmlu:college_chemistry,google_gemma_7b,800.0,random_uniform,BayPIRE,0.0244673227927562,0.0015697222225399,0.0300760361449424,0.0021518046716486,0.0154944573633294,0.0047589138851879,0.2765320770745929,0.0054808867740837,0.0833216410737038,0.0022315381010705,1.0,0.919,0.0502106673039814,0.1118274982795023,0.0227328781150712,0.1123680133218203,0.0232487964190198,0.989,0.0137032031940629,0.1492514999999999,0.017597207133204,0.149,0.0185292561462497,1.0,0.0,0.0387444952138284,0.0015325676564659,1.0,0.0,0.03999525,0.0013344232264249
google_gemma_7b,college_chemistry,random,mmlu:college_chemistry,google_gemma_7b,800.0,random_uniform,PE-Rasch,0.0843024137568019,0.005180639979176,0.107994497798236,0.0067983480124887,0.0657474395819961,0.0064308519041049,0.4671234680794007,0.0337876516639266,0.1189785910990306,0.0068966346466157,1.0,,,,,,,,,,,,,,,,,,,,
google_gemma_7b,college_chemistry,random,mmlu:college_chemistry,google_gemma_7b,1600.0,random_uniform,Avg,0.0913944721443831,0.0108380664395933,0.1159655958992454,0.0114175900030425,0.0712300152699135,0.0106822134730209,0.7266582712995262,0.0224454731500137,0.2608112625118157,0.0035513783709186,,,,,,,,,,,,,,,,,,,,,
google_gemma_7b,college_chemistry,random,mmlu:college_chemistry,google_gemma_7b,1600.0,random_uniform,BayPIRE,0.0219992567659796,0.0017638091499509,0.0273636974556714,0.001995111287115,0.011990289270102,0.0025201293939876,0.2499017499859535,0.0020628242058341,0.077199429507397,0.0009178018953128,1.0,0.792,0.1051770993240554,0.0749333510385649,0.0167022754565204,0.075113873135029,0.0168981013021069,0.978,0.0175119007154182,0.1217252499999999,0.0102720777440864,0.121,0.0099442892601175,1.0,0.0,0.0236399896614029,0.00085939783957,1.0,0.0,0.0256529999999999,0.0007591696853214
google_gemma_7b,college_chemistry,random,mmlu:college_chemistry,google_gemma_7b,1600.0,random_uniform,PE-Rasch,0.0583357314593068,0.0043981684864391,0.0743969446582065,0.0050780156741531,0.0395112061894461,0.0057978109437021,0.3209979112720257,0.0137292899731962,0.0958926443009517,0.0023137636528993,1.0,,,,,,,,,,,,,,,,,,,,
google_gemma_7b,college_computer_science,balanced,mmlu:college_computer_science,google_gemma_7b,200.0,two_way_balanced,Avg,0.2611999951,0.0283166612150043,0.3496240232111442,0.0229501286988731,0.2318799951,0.025328323517673,4.975803442793554,0.5158923264997072,0.3763061174228571,0.0161822595049849,,,,,,,,,,,,,,,,,,,,,
google_gemma_7b,college_computer_science,balanced,mmlu:college_computer_science,google_gemma_7b,200.0,two_way_balanced,BayPIRE,0.0380177368296772,0.0087771356169099,0.0474184892998548,0.0089581351167139,0.024482040323949,0.0137714959632171,0.472885602637166,0.0180167318610648,0.1496342785881181,0.0075414895681061,1.0,0.991,0.0152388392675499,0.3181990541820693,0.0681694425364621,0.3180068291589498,0.0685141057132401,0.997,0.0067494855771055,0.3420232499999999,0.0641805486071433,0.3420374999999999,0.0640560748810499,0.9,0.3162277660168379,0.0983419162371335,0.0052805997232187,0.9,0.3162277660168379,0.0993397499999999,0.0051222868767008
google_gemma_7b,college_computer_science,balanced,mmlu:college_computer_science,google_gemma_7b,200.0,two_way_balanced,PE-Rasch,0.1493856008690816,0.0235204421769127,0.1872412042842736,0.0238114528314979,0.1226586849187422,0.021731265892745,0.8304464623327951,0.0699893547162377,0.2123133390215331,0.0169935074093897,1.0,,,,,,,,,,,,,,,,,,,,
google_gemma_7b,college_computer_science,balanced,mmlu:college_computer_science,google_gemma_7b,400.0,two_way_balanced,Avg,0.1948199987712,0.0101376963232236,0.2485362361274571,0.0085464825490369,0.1666799987712,0.0113239960126277,1.881824819016347,0.1698965064561662,0.3155624986935416,0.0045885779659797,,,,,,,,,,,,,,,,,,,,,
google_gemma_7b,college_computer_science,balanced,mmlu:college_computer_science,google_gemma_7b,400.0,two_way_balanced,BayPIRE,0.0334815888238216,0.004157919967022,0.0424169030975505,0.004774806092825,0.0192799797558056,0.009474466370798,0.4141055195703617,0.0087562458711951,0.130073240936001,0.0034314362707922,1.0,0.966,0.0323865541373096,0.218576702362324,0.0441274221369585,0.218617252364319,0.0439522164467149,0.99,0.0156347191994114,0.2490072499999998,0.0399559679948162,0.2480249999999999,0.0390669741882095,1.0,0.0,0.0638569491511785,0.0021428280779407,1.0,0.0,0.0650857499999999,0.0026516108966479
google_gemma_7b,college_computer_science,balanced,mmlu:college_computer_science,google_gemma_7b,400.0,two_way_balanced,PE-Rasch,0.1408454037360431,0.0085027863311928,0.1794894236950295,0.0071449795239134,0.1150707340273816,0.0104264784298647,0.956166914541883,0.0424689073744477,0.2075013575541135,0.0076695321448245,1.0,,,,,,,,,,,,,,,,,,,,
google_gemma_7b,college_computer_science,balanced,mmlu:college_computer_science,google_gemma_7b,800.0,two_way_balanced,Avg,0.1356199999632,0.0080436033696811,0.17047915234811,0.0095950552736454,0.1077399999631999,0.0096753064543911,0.80790326414428,0.0659280371807179,0.2827065216947826,0.003904974682021,,,,,,,,,,,,,,,,,,,,,
google_gemma_7b,college_computer_science,balanced,mmlu:college_computer_science,google_gemma_7b,800.0,two_way_balanced,BayPIRE,0.0302496737512082,0.0017096313371601,0.0385978892281999,0.0020439530729009,0.0164357284850973,0.0038609431596389,0.3730814170887203,0.0062924297633581,0.1179833061123954,0.0022162504777238,1.0,0.89,0.0557773351022716,0.1378890349429267,0.0293312772844489,0.1377964841269589,0.0292075086920864,0.981,0.0137032031940629,0.1816374999999999,0.0213827701926366,0.1820249999999998,0.0215098330227517,1.0,0.0,0.0414347722039436,0.0011289273022926,1.0,0.0,0.04328275,0.0012589962106111
google_gemma_7b,college_computer_science,balanced,mmlu:college_computer_science,google_gemma_7b,800.0,two_way_balanced,PE-Rasch,0.10171795180314,0.0069683548060589,0.1276130895438736,0.0090503657600167,0.0749247052912353,0.0061937852730777,0.58128038573216,0.0482380696575995,0.1570554776813527,0.0068361471315288,1.0,,,,,,,,,,,,,,,,,,,,
google_gemma_7b,college_computer_science,balanced,mmlu:college_computer_science,google_gemma_7b,1600.0,two_way_balanced,Avg,0.09098,0.0090515790519297,0.1135698808229196,0.0101074598340825,0.0648099999999999,0.0080799666528464,0.7291283919599488,0.0076115386874513,0.2663872767857143,0.003207871855646,,,,,,,,,,,,,,,,,,,,,
google_gemma_7b,college_computer_science,balanced,mmlu:college_computer_science,google_gemma_7b,1600.0,two_way_balanced,BayPIRE,0.0278774711006644,0.0004069393573801,0.0355518311757703,0.0007911599355624,0.015417704228882,0.0047244733274989,0.3522206665931371,0.0041731499631871,0.11207598362796,0.0015426333560211,1.0,0.773,0.0990005611656373,0.0876012980942334,0.0259223323350297,0.0875022250001216,0.0259984119275035,0.959,0.0284604989415153,0.1443564999999999,0.015098547952627,0.145,0.0150923085635623,1.0,0.0,0.0266406904881847,0.0008244913032241,1.0,0.0,0.02902325,0.0008510924760434
google_gemma_7b,college_computer_science,balanced,mmlu:college_computer_science,google_gemma_7b,1600.0,two_way_balanced,PE-Rasch,0.0619285943292762,0.0045945919893805,0.0784952196340672,0.0061572256334683,0.0384967225749235,0.0054847512025172,0.4116130444403789,0.0163381659029957,0.1266743477649206,0.003196538082516,1.0,,,,,,,,,,,,,,,,,,,,
google_gemma_7b,college_computer_science,random,mmlu:college_computer_science,google_gemma_7b,200.0,random_uniform,Avg,0.2838983287353334,0.0208949594178438,0.3549981591924933,0.0144102002334123,0.2529783287353334,0.0224973560928208,4.775495930618489,0.3962920773421947,0.3795062055529705,0.0107563592850051,,,,,,,,,,,,,,,,,,,,,
google_gemma_7b,college_computer_science,random,mmlu:college_computer_science,google_gemma_7b,200.0,random_uniform,BayPIRE,0.0411858813226824,0.0166110046115534,0.0505622239354739,0.016585024601169,0.0322028818113009,0.0208405160522196,0.5017384024851241,0.0125524797798856,0.163550960447618,0.0056860974772269,1.0,0.977,0.0559861093883513,0.2781012506021657,0.043171485794682,0.2789135834574228,0.0440142038586493,0.991,0.0223358207570012,0.3059997499999998,0.0382479410021346,0.308,0.0379473319220205,0.9,0.3162277660168379,0.1192574256241258,0.0040247163472677,0.9,0.3162277660168379,0.1203244999999999,0.0039728650451112
google_gemma_7b,college_computer_science,random,mmlu:college_computer_science,google_gemma_7b,200.0,random_uniform,PE-Rasch,0.1529919730136286,0.0144087506042273,0.1967321720170976,0.0104755558314834,0.1222542517298696,0.0163435342259098,0.913778246803662,0.0543329508961858,0.2328804279964905,0.0126533008049894,1.0,,,,,,,,,,,,,,,,,,,,
google_gemma_7b,college_computer_science,random,mmlu:college_computer_science,google_gemma_7b,400.0,random_uniform,Avg,0.2204330100878123,0.0229617045031201,0.2768560575626378,0.0226940574205865,0.1914141211989233,0.0249442545167953,2.686817021893805,0.4724815033664617,0.3313430890450951,0.0134175777298809,,,,,,,,,,,,,,,,,,,,,
google_gemma_7b,college_computer_science,random,mmlu:college_computer_science,google_gemma_7b,400.0,random_uniform,BayPIRE,0.0355059201617126,0.0065308720907532,0.0446085250740172,0.0067027019220168,0.0227017649298219,0.0095313128426763,0.4234583770529504,0.0145098361196176,0.1338307836961615,0.0059711436645302,1.0,0.962,0.0358391468152416,0.2294038278775527,0.0625550161913766,0.2295649359557292,0.0622795787614399,0.989,0.0119721899973786,0.2606794999999998,0.0542313113969534,0.2600749999999999,0.0546352552031296,0.9,0.3162277660168379,0.0754900325870334,0.0035916972286822,0.9,0.3162277660168379,0.0763684999999999,0.0031566948696381
google_gemma_7b,college_computer_science,random,mmlu:college_computer_science,google_gemma_7b,400.0,random_uniform,PE-Rasch,0.1380478499212644,0.0153784169339407,0.1787806799171239,0.0146763112984527,0.1122769111209463,0.0149485634162443,0.9069075881126136,0.0708139238968047,0.2055676112578945,0.0106999390542165,1.0,,,,,,,,,,,,,,,,,,,,
google_gemma_7b,college_computer_science,random,mmlu:college_computer_science,google_gemma_7b,800.0,random_uniform,Avg,0.1422968313179876,0.0053798280449814,0.1810590358228144,0.0063625163374362,0.1153278602890166,0.0060678869233865,1.0474094539105545,0.1207852487689999,0.2866464178228899,0.0026530712015611,,,,,,,,,,,,,,,,,,,,,
google_gemma_7b,college_computer_science,random,mmlu:college_computer_science,google_gemma_7b,800.0,random_uniform,BayPIRE,0.0302317783234529,0.0034724009499367,0.0385488119658089,0.0037332936065819,0.0192983561807268,0.0041983995599046,0.3785056264590482,0.0054577160537903,0.1195706573676129,0.0022846051963849,1.0,0.917,0.0419126074906664,0.1415812235166433,0.0244214439442032,0.1413287966045996,0.0243705553114187,0.982,0.0147572957474524,0.1844689999999998,0.0176610454579185,0.1840624999999997,0.0165417453818442,0.9,0.3162277660168379,0.0457163935813325,0.0016931094183175,1.0,0.0,0.0473344999999999,0.0019978466880341
google_gemma_7b,college_computer_science,random,mmlu:college_computer_science,google_gemma_7b,800.0,random_uniform,PE-Rasch,0.1038162522653354,0.0046424005577128,0.1333765924670514,0.0080409442680268,0.0810362773653902,0.0040976909947234,0.6126289586617579,0.022592290366717,0.1614863095735695,0.0053353896765448,1.0,,,,,,,,,,,,,,,,,,,,
google_gemma_7b,college_computer_science,random,mmlu:college_computer_science,google_gemma_7b,1600.0,random_uniform,Avg,0.0917394385336897,0.0068949394427187,0.1155663660832462,0.0076446465003688,0.069099844997524,0.0055909520762637,0.7309335570700919,0.005704303431601,0.2670073995566446,0.0023991286912312,,,,,,,,,,,,,,,,,,,,,
google_gemma_7b,college_computer_science,random,mmlu:college_computer_science,google_gemma_7b,1600.0,random_uniform,BayPIRE,0.0265920873258459,0.0016928836476953,0.0343212148035607,0.0018290813894716,0.0173941205347202,0.0042397580403679,0.3535857159888697,0.0049136846248304,0.1127112204684119,0.0017557140775213,1.0,0.783,0.1222974515951443,0.0872459566325366,0.0228056188834292,0.0875575335917318,0.0228344774951749,0.961,0.0255821118057998,0.1438969999999999,0.0131163936227404,0.1430124999999999,0.0115914914316973,0.9,0.3162277660168379,0.0280573259007639,0.0010623003407775,1.0,0.0,0.0301212499999999,0.0008889462004093
google_gemma_7b,college_computer_science,random,mmlu:college_computer_science,google_gemma_7b,1600.0,random_uniform,PE-Rasch,0.0603295782702284,0.00407409453282,0.0779302673345218,0.0052826659027872,0.0412072996311412,0.0050378051055941,0.4110547907831711,0.0108050910056793,0.1270288516167993,0.0028112628187612,1.0,,,,,,,,,,,,,,,,,,,,
google_gemma_7b,college_mathematics,balanced,mmlu:college_mathematics,google_gemma_7b,200.0,two_way_balanced,Avg,0.2869199948942,0.0132048641509538,0.3300572330363685,0.0148779729830675,0.2622999948942,0.0129206120123708,4.40618337072768,0.2946400504216552,0.3409234649642857,0.0099922293624303,,,,,,,,,,,,,,,,,,,,,
google_gemma_7b,college_mathematics,balanced,mmlu:college_mathematics,google_gemma_7b,200.0,two_way_balanced,BayPIRE,0.0392368287374535,0.0055369997286531,0.0483350690659436,0.0063372717637037,0.025241445765487,0.0106764323504994,0.5353501350417249,0.0229314315551926,0.1774757590992489,0.0098953508195037,1.0,0.994,0.0126491106406735,0.3499134557575053,0.0571180402924128,0.346744293146777,0.055495019060038,1.0,0.0,0.3747107499999998,0.0563305329808157,0.371025,0.0538511902788085,0.9,0.3162277660168379,0.1064378424577726,0.0054915444537553,1.0,0.0,0.1069582499999999,0.0057474094466309
google_gemma_7b,college_mathematics,balanced,mmlu:college_mathematics,google_gemma_7b,200.0,two_way_balanced,PE-Rasch,0.1673778738728663,0.0179559129864221,0.2086780964414671,0.0169965397385483,0.1399716800073924,0.0194042378600181,1.0212254118799884,0.0780297772591613,0.2486414621126937,0.0124475366667569,1.0,,,,,,,,,,,,,,,,,,,,
google_gemma_7b,college_mathematics,balanced,mmlu:college_mathematics,google_gemma_7b,400.0,two_way_balanced,Avg,0.1942699981184,0.0105550460128427,0.2323399701043003,0.0111871411657815,0.1729299981183999,0.0107343734434145,1.9599376289003752,0.196389108013556,0.2861510401722916,0.0056549511079779,,,,,,,,,,,,,,,,,,,,,
google_gemma_7b,college_mathematics,balanced,mmlu:college_mathematics,google_gemma_7b,400.0,two_way_balanced,BayPIRE,0.0350712437114226,0.0051343328236063,0.0435766029308783,0.0056658189630629,0.0223234803538326,0.0098121877244572,0.4939050643355284,0.0071739030886879,0.1622535033727422,0.002956980213796,1.0,0.987,0.0125166555703457,0.2316360363979881,0.0300923470393525,0.2300309014827622,0.0295971076728725,0.998,0.0042163702135578,0.2664009999999998,0.0241067440771249,0.2640749999999996,0.0236387893326015,0.8,0.4216370213557839,0.0692839363815695,0.0029477378611611,0.8,0.4216370213557839,0.0710242499999999,0.0028200152801989
google_gemma_7b,college_mathematics,balanced,mmlu:college_mathematics,google_gemma_7b,400.0,two_way_balanced,PE-Rasch,0.1572428721411767,0.0086161941611378,0.19688462460215,0.010525958195352,0.1333859243703688,0.0084973111449072,1.2061765959853004,0.0986540864782366,0.2480378305886236,0.0077906775997496,1.0,,,,,,,,,,,,,,,,,,,,
google_gemma_7b,college_mathematics,balanced,mmlu:college_mathematics,google_gemma_7b,800.0,two_way_balanced,Avg,0.1264099997332,0.0058412707683075,0.1587982177173609,0.0075554147909988,0.1021399997332,0.0065190234162746,0.8942685869312132,0.0775005600452342,0.2571508149971739,0.0027735168371434,,,,,,,,,,,,,,,,,,,,,
google_gemma_7b,college_mathematics,balanced,mmlu:college_mathematics,google_gemma_7b,800.0,two_way_balanced,BayPIRE,0.0296641244343844,0.0023868704492255,0.0375237321812349,0.0030055271979467,0.0169378143938138,0.0034449408363312,0.449665548524958,0.0054772493869716,0.1465508147679995,0.0020253067393117,1.0,0.918,0.0473286382647969,0.1425633456254894,0.0274059444405254,0.141983402974328,0.0267468044180469,0.986,0.0107496769977314,0.1930137499999999,0.0196475241319075,0.1920249999999998,0.0187943734192499,1.0,0.0,0.0463178416294179,0.0016226094787051,1.0,0.0,0.0483059999999999,0.0011185104181703
google_gemma_7b,college_mathematics,balanced,mmlu:college_mathematics,google_gemma_7b,800.0,two_way_balanced,PE-Rasch,0.1076131136922583,0.0087103094852135,0.137379241784654,0.0082658267298553,0.0829216518246979,0.0073976495111279,0.6684050335283649,0.0487347112820919,0.1859654991843395,0.006935980724925,1.0,,,,,,,,,,,,,,,,,,,,
google_gemma_7b,college_mathematics,balanced,mmlu:college_mathematics,google_gemma_7b,1600.0,two_way_balanced,Avg,0.0900699999916,0.0087229964306752,0.1111054691979917,0.0081274369505125,0.0682449999916,0.0091036912568154,0.6961514903563542,0.0193354525749617,0.2444337797533333,0.0024976068491641,,,,,,,,,,,,,,,,,,,,,
google_gemma_7b,college_mathematics,balanced,mmlu:college_mathematics,google_gemma_7b,1600.0,two_way_balanced,BayPIRE,0.0285115361202045,0.0025511716660801,0.0355896299229683,0.0027301595078722,0.0160682643616985,0.0055117925521894,0.4280440790525723,0.0028155930609521,0.1399560963979669,0.0010372669746335,1.0,0.818,0.1010830241819949,0.1020117961484663,0.0294640450566276,0.1019072380135862,0.0296052401808458,0.983,0.0141813649241217,0.1649087499999999,0.0195420021382008,0.163,0.0205750658160146,0.8,0.4216370213557839,0.0301496419123466,0.0008271623854262,0.8,0.4216370213557839,0.0330437499999999,0.0009930335467646
google_gemma_7b,college_mathematics,balanced,mmlu:college_mathematics,google_gemma_7b,1600.0,two_way_balanced,PE-Rasch,0.0713087392593129,0.0045799901413392,0.0894560761421405,0.0047420307888812,0.0507096745717634,0.0065692355974054,0.4868377076431852,0.0163735005595378,0.1558433464374987,0.0028211323184785,1.0,,,,,,,,,,,,,,,,,,,,
google_gemma_7b,college_mathematics,random,mmlu:college_mathematics,google_gemma_7b,200.0,random_uniform,Avg,0.2813583282479334,0.0158904061710556,0.3463029439174151,0.0126964758778262,0.2545083282479333,0.0146346222756411,4.606777927227584,0.2521429879012688,0.351908478920907,0.0090429291619878,,,,,,,,,,,,,,,,,,,,,
google_gemma_7b,college_mathematics,random,mmlu:college_mathematics,google_gemma_7b,200.0,random_uniform,BayPIRE,0.0393722975380487,0.0146660844631704,0.0478389447892785,0.0152033129375918,0.0251147122749274,0.0202345513320323,0.5409059530134289,0.0123763464541192,0.1802356953594898,0.0052803602446066,1.0,0.993,0.018885620632287,0.3305188719807911,0.0474287419760448,0.3306181957403443,0.0477579051613731,0.997,0.0067494855771055,0.3553327499999998,0.0451773916148885,0.3565124999999999,0.0447178053805814,0.9,0.3162277660168379,0.1189666594185864,0.005334465747119,0.9,0.3162277660168379,0.1194912499999999,0.0053672761364588
google_gemma_7b,college_mathematics,random,mmlu:college_mathematics,google_gemma_7b,200.0,random_uniform,PE-Rasch,0.1640455340958442,0.0143619815550787,0.2144663423075213,0.0122786392176382,0.1370236415913909,0.0148290665724601,1.072618259963633,0.0505140459272852,0.2621635011118353,0.0098454789700997,1.0,,,,,,,,,,,,,,,,,,,,
google_gemma_7b,college_mathematics,random,mmlu:college_mathematics,google_gemma_7b,400.0,random_uniform,Avg,0.2121722411414438,0.011432480335265,0.2671371991163347,0.0129298261664056,0.1866685398427426,0.0115112087891773,2.6993465721505685,0.2329355005783261,0.3041165345456271,0.0072247233427284,,,,,,,,,,,,,,,,,,,,,
google_gemma_7b,college_mathematics,random,mmlu:college_mathematics,google_gemma_7b,400.0,random_uniform,BayPIRE,0.0336860693850463,0.0053361659643304,0.0423454599876091,0.0062863948241273,0.0192720932499778,0.0087930535332655,0.4944872682304904,0.0118735598030153,0.1621381597140223,0.0049463582156146,1.0,0.973,0.0316403399335581,0.228422406474705,0.0452190509323076,0.2284557106061324,0.0447047411754759,0.995,0.0097182531580755,0.2634467499999998,0.0375299937466687,0.2640374999999998,0.0377558885216009,1.0,0.0,0.0790799647545578,0.0039912423544855,1.0,0.0,0.0804484999999999,0.0042869067778786
google_gemma_7b,college_mathematics,random,mmlu:college_mathematics,google_gemma_7b,400.0,random_uniform,PE-Rasch,0.1497462750305218,0.0064965566826235,0.1916036562358454,0.0078795554759807,0.1224948428771153,0.0066910290669563,1.0882136583799986,0.0900335249006887,0.2421594458092894,0.0062207244704438,1.0,,,,,,,,,,,,,,,,,,,,
google_gemma_7b,college_mathematics,random,mmlu:college_mathematics,google_gemma_7b,800.0,random_uniform,Avg,0.1303759905118664,0.009452997602444,0.1672735468136675,0.0109679357367585,0.1068193416052175,0.0105644386513643,0.9915516443465232,0.121727691952665,0.2598917686087924,0.0042087355951656,,,,,,,,,,,,,,,,,,,,,
google_gemma_7b,college_mathematics,random,mmlu:college_mathematics,google_gemma_7b,800.0,random_uniform,BayPIRE,0.0284591501995017,0.0015741028433543,0.0361214694322731,0.0016544381870269,0.0163832362310235,0.0030321090448831,0.4508178315399797,0.0087509847803135,0.1469991298876743,0.0032125284351259,1.0,0.924,0.0514673575083167,0.1430083443610304,0.0248872363578924,0.1430931840418769,0.0251521605557093,0.994,0.006992058987801,0.1950652499999999,0.0177695757644132,0.1940624999999997,0.0177798311531165,1.0,0.0,0.0502372441832547,0.0014040862004607,1.0,0.0,0.0522857499999999,0.0011584196910254
google_gemma_7b,college_mathematics,random,mmlu:college_mathematics,google_gemma_7b,800.0,random_uniform,PE-Rasch,0.1094830163867084,0.0061542819611774,0.1405698298257822,0.0074078637013764,0.085113075395516,0.0074104164269238,0.6741442211224552,0.0550781813784233,0.1882855221368467,0.006943859471778,1.0,,,,,,,,,,,,,,,,,,,,
google_gemma_7b,college_mathematics,random,mmlu:college_mathematics,google_gemma_7b,1600.0,random_uniform,Avg,0.0883218945424854,0.0074413252736573,0.1112237898471445,0.0076568001845971,0.0656171152084848,0.0071984654537102,0.7069503092128404,0.0351839005393283,0.2440190346777581,0.0024888521467739,,,,,,,,,,,,,,,,,,,,,
google_gemma_7b,college_mathematics,random,mmlu:college_mathematics,google_gemma_7b,1600.0,random_uniform,BayPIRE,0.0271858767340669,0.0021724007442822,0.034688378520687,0.0021217415212573,0.0143327934623734,0.0038406673470624,0.4270241037661922,0.0049715332512253,0.1394888426516891,0.00189885160631,1.0,0.8009999999999999,0.0530094331227942,0.0930951329946812,0.0134417626446805,0.0930249397797395,0.0132421962713768,0.982,0.0122927259430571,0.1582082499999999,0.0073850119470677,0.1595124999999999,0.0059989727129826,0.9,0.3162277660168379,0.0314907926950026,0.0004455805099994,0.9,0.3162277660168379,0.0340545,0.0006775864028545
google_gemma_7b,college_mathematics,random,mmlu:college_mathematics,google_gemma_7b,1600.0,random_uniform,PE-Rasch,0.0710529467962027,0.0053457580448639,0.0902955412559882,0.0066087288693766,0.0491420433308082,0.0050962053084105,0.4885113837231413,0.0167421596494984,0.1562382582721811,0.0032308584073294,1.0,,,,,,,,,,,,,,,,,,,,
google_gemma_7b,college_physics,balanced,mmlu:college_physics,google_gemma_7b,200.0,two_way_balanced,Avg,0.2951078377352941,0.0140221172441555,0.3340208981811221,0.0150932506779308,0.2726372495,0.0140776063753745,4.5008227153183045,0.3527305616890466,0.3396899954512,0.0105627696468042,,,,,,,,,,,,,,,,,,,,,
google_gemma_7b,college_physics,balanced,mmlu:college_physics,google_gemma_7b,200.0,two_way_balanced,BayPIRE,0.028457929662326,0.0031512606649994,0.0347505198027523,0.0038411456990986,0.0193684890715423,0.0047499859375148,0.36093848879212,0.0174265686095558,0.1052084136196664,0.0070973769809291,1.0,1.0,0.0,0.2516761686299833,0.0391304035145656,0.2509798397451986,0.0384385920832972,1.0,0.0,0.2760642156862743,0.0358589839465177,0.2745833333333329,0.034585138855268,1.0,0.0,0.0875401763488415,0.0043328097464428,1.0,0.0,0.0891235294117646,0.0038738667058549
google_gemma_7b,college_physics,balanced,mmlu:college_physics,google_gemma_7b,200.0,two_way_balanced,PE-Rasch,0.1208388662529195,0.0142753313710078,0.1613508167981771,0.017526526488013,0.0961205273873755,0.0141801092872899,0.5414441616752761,0.0375356618694431,0.1447874879818721,0.0095234864586116,1.0,,,,,,,,,,,,,,,,,,,,
google_gemma_7b,college_physics,balanced,mmlu:college_physics,google_gemma_7b,400.0,two_way_balanced,Avg,0.1890392139280391,0.0093273949026426,0.2252847296980359,0.0111786509777463,0.1688823511829411,0.0095038161931627,1.799337801675696,0.1463952343327476,0.2784821415422449,0.0055159912273873,,,,,,,,,,,,,,,,,,,,,
google_gemma_7b,college_physics,balanced,mmlu:college_physics,google_gemma_7b,400.0,two_way_balanced,BayPIRE,0.0262793463865127,0.001954630234206,0.0322589032338619,0.002538872293251,0.0195428227677533,0.0033184595067879,0.3012740696366045,0.0148892686940414,0.0876492768557376,0.0047121886829214,1.0,0.957,0.0386005181312375,0.1421331914832892,0.0140173708946463,0.1421045033244379,0.0141973338255151,0.997,0.0067494855771055,0.1732122549019606,0.0115466439330417,0.1735906862745096,0.0130162789997414,1.0,0.0,0.0530291481117617,0.0019027393104098,1.0,0.0,0.053533088235294,0.0018255097834867
google_gemma_7b,college_physics,balanced,mmlu:college_physics,google_gemma_7b,400.0,two_way_balanced,PE-Rasch,0.0899849222488706,0.0057819397142571,0.1260001160514767,0.0072907534842805,0.0653394470962184,0.0065081192614385,0.5452273252096738,0.0387418704229536,0.1277462775010789,0.0077080448920263,1.0,,,,,,,,,,,,,,,,,,,,
google_gemma_7b,college_physics,balanced,mmlu:college_physics,google_gemma_7b,800.0,two_way_balanced,Avg,0.1325857840464706,0.0065621436314359,0.1624967388740686,0.0069532809332001,0.1096936271837254,0.0070865529714832,0.8782679310607359,0.0978227117707727,0.2544238694751063,0.0027837598149621,,,,,,,,,,,,,,,,,,,,,
google_gemma_7b,college_physics,balanced,mmlu:college_physics,google_gemma_7b,800.0,two_way_balanced,BayPIRE,0.0248373689693353,0.0018093283329669,0.0307386690511481,0.0020418190885321,0.0170793694420015,0.0031693009654607,0.2632356858618739,0.0056307570434549,0.0781639453913597,0.0018477183084562,1.0,0.8779999999999999,0.0709929573971953,0.104993446207122,0.0174717799830094,0.1047329155104483,0.0172520354198022,0.983,0.0211081869319834,0.142995588235294,0.0137389440947681,0.1431495098039215,0.0132383763961174,0.9,0.3162277660168379,0.0347951987022745,0.0013458717649912,0.9,0.3162277660168379,0.0363083333333333,0.0013474160770091
google_gemma_7b,college_physics,balanced,mmlu:college_physics,google_gemma_7b,800.0,two_way_balanced,PE-Rasch,0.0782267821376771,0.005197259927557,0.1017134253160517,0.0078096137639879,0.0563165066190686,0.0064171423358453,0.4329324821467395,0.0198777874800281,0.1098225960079485,0.0044419946275017,1.0,,,,,,,,,,,,,,,,,,,,
google_gemma_7b,college_physics,balanced,mmlu:college_physics,google_gemma_7b,1600.0,two_way_balanced,Avg,0.0893774509803921,0.0055401579201317,0.1093021294359453,0.006012816455117,0.0686813725490196,0.0038850474656139,0.6801884401141207,0.0047578341827044,0.2399533066860465,0.0016850024616422,,,,,,,,,,,,,,,,,,,,,
google_gemma_7b,college_physics,balanced,mmlu:college_physics,google_gemma_7b,1600.0,two_way_balanced,BayPIRE,0.0232988316883211,0.001710417076365,0.0290696120558255,0.0024345794472083,0.0116749233419254,0.0033410721932484,0.245428951849998,0.0026921929018711,0.0744348695975716,0.0007442314279735,1.0,0.827,0.0849901955129727,0.0894139898128139,0.0217318319237401,0.0891131841163416,0.0211253499127718,0.978,0.0175119007154182,0.129179656862745,0.0153055633639596,0.1284313725490196,0.0142072321041072,1.0,0.0,0.0222598874500888,0.000720451377736,1.0,0.0,0.0239620098039215,0.000774104864013
google_gemma_7b,college_physics,balanced,mmlu:college_physics,google_gemma_7b,1600.0,two_way_balanced,PE-Rasch,0.0554199152257353,0.003639200526666,0.0704549738794086,0.0053864511987486,0.0367753108996559,0.0040675833192879,0.3171047124374794,0.0151965431483181,0.0913148794089891,0.0026761151000946,1.0,,,,,,,,,,,,,,,,,,,,
google_gemma_7b,college_physics,random,mmlu:college_physics,google_gemma_7b,200.0,random_uniform,Avg,0.2709633983545798,0.0261953738363607,0.3296126126109003,0.0295274588153789,0.2474888885506582,0.0261678855404091,4.30895865122743,0.6036243065810128,0.3369767748420612,0.0202499411012763,,,,,,,,,,,,,,,,,,,,,
google_gemma_7b,college_physics,random,mmlu:college_physics,google_gemma_7b,200.0,random_uniform,BayPIRE,0.0397587630148268,0.0157324465308428,0.0469716739073103,0.0156559744180858,0.0333072471775754,0.0189914121382067,0.4110073365208549,0.0193498620907905,0.1269960759280935,0.008768484919676,1.0,0.975,0.0476678321535836,0.2609988005635035,0.0623163147997083,0.2616976151084562,0.0627928417418397,0.996,0.0084327404271156,0.28565931372549,0.0581052538544692,0.2853431372549018,0.0587364097056501,0.9,0.3162277660168379,0.1091362636271488,0.0051930017973102,0.9,0.3162277660168379,0.1098340686274508,0.0048339137353307
google_gemma_7b,college_physics,random,mmlu:college_physics,google_gemma_7b,200.0,random_uniform,PE-Rasch,0.1287352990725486,0.0216765509312506,0.1701653535659598,0.0311747679541806,0.1050090272588609,0.0235984125890557,0.6352525670106539,0.0629361347054761,0.1714395883342842,0.0148539885258482,1.0,,,,,,,,,,,,,,,,,,,,
google_gemma_7b,college_physics,random,mmlu:college_physics,google_gemma_7b,400.0,random_uniform,Avg,0.203047824140915,0.0113146372800228,0.2581316245592522,0.0131145658732228,0.1794644347851727,0.0118731748226493,2.55544691050672,0.2473374060455236,0.2951240082862369,0.0069438414494159,,,,,,,,,,,,,,,,,,,,,
google_gemma_7b,college_physics,random,mmlu:college_physics,google_gemma_7b,400.0,random_uniform,BayPIRE,0.0298873140348376,0.0074943653645369,0.0364139828385965,0.0079736384732522,0.0233273678383653,0.0101004575367402,0.3156241213672137,0.0177119039087129,0.0921957154122272,0.0062400180414,1.0,0.924,0.1163519564845292,0.1583538521693361,0.0446490764228196,0.1585789868861144,0.0449311069264615,0.982,0.0473286382647969,0.1902987745098038,0.0387442415587764,0.1892401960784312,0.03838103647745,0.9,0.3162277660168379,0.0648133490650616,0.0039344646757936,0.9,0.3162277660168379,0.0658906862745097,0.0039525630760206
google_gemma_7b,college_physics,random,mmlu:college_physics,google_gemma_7b,400.0,random_uniform,PE-Rasch,0.1045033736287953,0.013219569915492,0.144659921389736,0.0165385038298523,0.0812339890392898,0.0122063341109533,0.5845269274549458,0.056428500487682,0.1412674464554209,0.012459729037641,1.0,,,,,,,,,,,,,,,,,,,,
google_gemma_7b,college_physics,random,mmlu:college_physics,google_gemma_7b,800.0,random_uniform,Avg,0.127891146441539,0.0141545821003321,0.1610209799355191,0.015356972898346,0.1053548435287655,0.0131593082378501,1.0129528996935122,0.1156426873777805,0.2536720875114494,0.0054139957293683,,,,,,,,,,,,,,,,,,,,,
google_gemma_7b,college_physics,random,mmlu:college_physics,google_gemma_7b,800.0,random_uniform,BayPIRE,0.0259791832569642,0.0034810263047093,0.0318861906321052,0.0042459375782809,0.0205651806417614,0.0041691317120558,0.2679664361043004,0.0062895380080294,0.0795505662527878,0.0023282159387579,1.0,0.834,0.0622182538417071,0.092675867977366,0.0142223614905792,0.0928975404547721,0.0142914184531968,0.983,0.0141813649241217,0.1351453431372548,0.010376644957573,0.1362745098039215,0.0107892640648491,0.9,0.3162277660168379,0.0384374908642742,0.0020225271345043,0.9,0.3162277660168379,0.039417156862745,0.0018593603866546
google_gemma_7b,college_physics,random,mmlu:college_physics,google_gemma_7b,800.0,random_uniform,PE-Rasch,0.0766619203365468,0.0079031366942794,0.0968228165995495,0.0114899444264527,0.0569632044961853,0.0074515021894954,0.4194263589041319,0.0202582481478347,0.1081031861917518,0.0049250802484822,1.0,,,,,,,,,,,,,,,,,,,,
google_gemma_7b,college_physics,random,mmlu:college_physics,google_gemma_7b,1600.0,random_uniform,Avg,0.0898330663027468,0.0062197045359105,0.1123767948156082,0.0080358178030132,0.068268408106962,0.0057543791927916,0.6945630519493367,0.0259787874385492,0.2406616646525579,0.002167970140428,,,,,,,,,,,,,,,,,,,,,
google_gemma_7b,college_physics,random,mmlu:college_physics,google_gemma_7b,1600.0,random_uniform,BayPIRE,0.0229725172557662,0.0007573658492608,0.0282585612931309,0.0010306505457439,0.013848748052421,0.0035343336852337,0.2471829429162936,0.0065247472127417,0.0750055643523548,0.0013719163935755,1.0,0.782,0.092951600308978,0.0744566357354446,0.0185691580522695,0.0740136742902744,0.0183832362294977,0.984,0.013498971154211,0.119542156862745,0.0127158353943648,0.1186519607843136,0.0125914835481577,1.0,0.0,0.0229775999165141,0.0006429478177218,1.0,0.0,0.0249431372549019,0.0006587579964683
google_gemma_7b,college_physics,random,mmlu:college_physics,google_gemma_7b,1600.0,random_uniform,PE-Rasch,0.0537829897682206,0.0037314981642046,0.0695153537613533,0.0054746786056077,0.0351249941677518,0.003913518626776,0.3130648980406426,0.0166729188939945,0.0906431183081771,0.0023324568775315,1.0,,,,,,,,,,,,,,,,,,,,
meta_llama_llama_3_8b,abstract_algebra,balanced,mmlu:abstract_algebra,meta_llama_llama_3_8b,200.0,two_way_balanced,Avg,0.2895399942572,0.0142495375784488,0.318384358048923,0.018955987890879,0.2664599942572,0.0142810048057323,4.14271216173877,0.4128164032158878,0.3128163223442857,0.0125023432477826,,,,,,,,,,,,,,,,,,,,,
meta_llama_llama_3_8b,abstract_algebra,balanced,mmlu:abstract_algebra,meta_llama_llama_3_8b,200.0,two_way_balanced,BayPIRE,0.029497653127617,0.0040664816594872,0.0364267756054415,0.0044783319543973,0.0206772611902441,0.0048141250658388,0.3786720807714122,0.0124739248758693,0.1130418851836623,0.0049578971851325,1.0,0.997,0.0048304589153964,0.2447121479541825,0.0518282281452864,0.2438380170193018,0.0508256706896335,1.0,0.0,0.2696162499999998,0.0481723558239058,0.2660874999999997,0.049009212923581,1.0,0.0,0.0875122766339637,0.005289375306629,1.0,0.0,0.0883402499999999,0.0056434405692213
meta_llama_llama_3_8b,abstract_algebra,balanced,mmlu:abstract_algebra,meta_llama_llama_3_8b,200.0,two_way_balanced,PE-Rasch,0.1187983615627215,0.0171507285923098,0.1594215050690373,0.0199199188504113,0.0941391705220341,0.0185865527387013,0.5945029174496237,0.0347610161362844,0.1548130557417618,0.0109687820883854,1.0,,,,,,,,,,,,,,,,,,,,
meta_llama_llama_3_8b,abstract_algebra,balanced,mmlu:abstract_algebra,meta_llama_llama_3_8b,400.0,two_way_balanced,Avg,0.1746599977728,0.0110803327771479,0.2217851341545866,0.0166116732782179,0.1550599977728,0.009872092958597,1.872208835963987,0.2203388397670567,0.2603749985375,0.0080574558649071,,,,,,,,,,,,,,,,,,,,,
meta_llama_llama_3_8b,abstract_algebra,balanced,mmlu:abstract_algebra,meta_llama_llama_3_8b,400.0,two_way_balanced,BayPIRE,0.0278120391812102,0.002939799724493,0.0341112896677586,0.0036530488039113,0.0187667673082892,0.0044465109319622,0.3210237788702608,0.0083486560491104,0.095580316564339,0.0029644290705017,1.0,0.978,0.0220100986922922,0.1671382222568596,0.0251528012188457,0.1669310235122708,0.0251743263815909,0.996,0.006992058987801,0.1990167499999999,0.0207218616123299,0.1980624999999997,0.0214608210532071,0.9,0.3162277660168379,0.0567341749156644,0.0025343058170145,0.9,0.3162277660168379,0.0576669999999999,0.002373275631321
meta_llama_llama_3_8b,abstract_algebra,balanced,mmlu:abstract_algebra,meta_llama_llama_3_8b,400.0,two_way_balanced,PE-Rasch,0.1069135104281022,0.0098439845302616,0.1448170187161696,0.010764757613952,0.0836436325023725,0.0102919216070586,0.6652592179012327,0.0392212710204552,0.1527146038818405,0.007506893728232,1.0,,,,,,,,,,,,,,,,,,,,
meta_llama_llama_3_8b,abstract_algebra,balanced,mmlu:abstract_algebra,meta_llama_llama_3_8b,800.0,two_way_balanced,Avg,0.1242549995492,0.0116644151203101,0.1540535443970578,0.0120821357758632,0.1050949995492,0.0106555005280659,0.9097152507926228,0.1112493447128378,0.2348919833952173,0.0043286220048321,,,,,,,,,,,,,,,,,,,,,
meta_llama_llama_3_8b,abstract_algebra,balanced,mmlu:abstract_algebra,meta_llama_llama_3_8b,800.0,two_way_balanced,BayPIRE,0.0258593131125328,0.0027951653284523,0.0319772580747444,0.003416946652905,0.0163441376108547,0.0051226545663657,0.2929424751832309,0.0060480026536431,0.0886693123466991,0.0025437363301456,1.0,0.909,0.0517365119298418,0.1181401793551483,0.0218719109031019,0.1178491927779492,0.0215764311701298,0.99,0.0105409255338946,0.1572472499999999,0.0170090955835236,0.157,0.0156702123647242,0.9,0.3162277660168379,0.0374903411889443,0.0017331263027201,0.9,0.3162277660168379,0.0389359999999999,0.001556921463801
meta_llama_llama_3_8b,abstract_algebra,balanced,mmlu:abstract_algebra,meta_llama_llama_3_8b,800.0,two_way_balanced,PE-Rasch,0.0878863642988267,0.0042663321450644,0.1105367907859889,0.0071027702277419,0.0666633412065296,0.0053606627841783,0.4786630934496209,0.0210850683936053,0.1237147569201516,0.0051093639099639,1.0,,,,,,,,,,,,,,,,,,,,
meta_llama_llama_3_8b,abstract_algebra,balanced,mmlu:abstract_algebra,meta_llama_llama_3_8b,1600.0,two_way_balanced,Avg,0.0827649999916,0.0051713177807522,0.1028541680054064,0.0052262818255028,0.0624949999916,0.0053591277159415,0.648570700167826,0.0182435684426599,0.2217771577319047,0.0012451138352634,,,,,,,,,,,,,,,,,,,,,
meta_llama_llama_3_8b,abstract_algebra,balanced,mmlu:abstract_algebra,meta_llama_llama_3_8b,1600.0,two_way_balanced,BayPIRE,0.0239048002591746,0.0016666652321203,0.0294619009332272,0.0019096377774912,0.0141127652573315,0.0030370425536843,0.2738306131829014,0.0064216882571466,0.0843785492472247,0.0014416871016045,1.0,0.812,0.0881665091365952,0.0824795376120826,0.0164021066830699,0.0823489759237554,0.0160734968768736,0.984,0.0117378779077726,0.1290242499999999,0.0107070964298605,0.129,0.0110050493461461,0.8,0.4216370213557839,0.023921054041908,0.0007995596098785,0.9,0.3162277660168379,0.0261422499999999,0.0007327833638486
meta_llama_llama_3_8b,abstract_algebra,balanced,mmlu:abstract_algebra,meta_llama_llama_3_8b,1600.0,two_way_balanced,PE-Rasch,0.0545680032194457,0.0052750381818075,0.0697947566745505,0.0058682669667776,0.0360472490470401,0.0051526445234145,0.3338387257980805,0.0157414005352295,0.0983305188916016,0.002570524965832,1.0,,,,,,,,,,,,,,,,,,,,
meta_llama_llama_3_8b,abstract_algebra,random,mmlu:abstract_algebra,meta_llama_llama_3_8b,200.0,random_uniform,Avg,0.2518499948283,0.0173012413638665,0.3106981412123452,0.0229696564543321,0.2288766614949666,0.0167235345439768,3.920274328010707,0.3907450481725567,0.3076513736371428,0.0148251878167786,,,,,,,,,,,,,,,,,,,,,
meta_llama_llama_3_8b,abstract_algebra,random,mmlu:abstract_algebra,meta_llama_llama_3_8b,200.0,random_uniform,BayPIRE,0.0318060196805563,0.0098248668510703,0.0383696109441825,0.0107942516764394,0.0250462069379013,0.0126057070060013,0.4132137001079778,0.0229687633788212,0.1274162501106332,0.0097462272537941,1.0,0.992,0.0220100986922922,0.2351304908892372,0.0263529385046605,0.2350274958745412,0.0259715447103634,0.999,0.0031622776601683,0.2620199999999998,0.0245970081175197,0.2610499999999997,0.024242066285236,1.0,0.0,0.1080448415024434,0.0041128905816834,1.0,0.0,0.1085817499999999,0.0039728049582267
meta_llama_llama_3_8b,abstract_algebra,random,mmlu:abstract_algebra,meta_llama_llama_3_8b,200.0,random_uniform,PE-Rasch,0.1200041565705209,0.0136648286338044,0.1628207235468964,0.01638755139436,0.0941192478284519,0.0129989841258941,0.6789192313451042,0.0574005904610923,0.1760229903482094,0.0146050307831939,1.0,,,,,,,,,,,,,,,,,,,,
meta_llama_llama_3_8b,abstract_algebra,random,mmlu:abstract_algebra,meta_llama_llama_3_8b,400.0,random_uniform,Avg,0.2031817862032893,0.017443171588604,0.2572209529146885,0.0229485908021065,0.1793070242985274,0.0173626030814154,2.5853486437377513,0.3839929958176969,0.2782959034841452,0.0125781141724515,,,,,,,,,,,,,,,,,,,,,
meta_llama_llama_3_8b,abstract_algebra,random,mmlu:abstract_algebra,meta_llama_llama_3_8b,400.0,random_uniform,BayPIRE,0.0301896425048653,0.0077356269883178,0.0368988349698237,0.0086634536171142,0.0223101568209599,0.0101128340877542,0.3452679441111954,0.0145758273598262,0.1039756439702926,0.005454013184703,1.0,0.945,0.0713753770178795,0.1675355537470484,0.0274538907146042,0.1674249186958673,0.0277278913634917,0.993,0.018885620632287,0.1990072499999999,0.0230357569711982,0.1995374999999999,0.0231461277359014,0.9,0.3162277660168379,0.0682727045606002,0.001819455984759,0.9,0.3162277660168379,0.0690077499999999,0.0017271775507071
meta_llama_llama_3_8b,abstract_algebra,random,mmlu:abstract_algebra,meta_llama_llama_3_8b,400.0,random_uniform,PE-Rasch,0.1114761692937592,0.0079975871064328,0.158593572445011,0.011698300894636,0.0858110605735427,0.0090814973197082,0.713903727571796,0.0505239056593345,0.1645434831311741,0.0072440069712402,1.0,,,,,,,,,,,,,,,,,,,,
meta_llama_llama_3_8b,abstract_algebra,random,mmlu:abstract_algebra,meta_llama_llama_3_8b,800.0,random_uniform,Avg,0.1298531269162863,0.0115767037780638,0.1654319510488658,0.0117711978963628,0.1092773293804887,0.0107566261676517,1.1550020939227983,0.1618309024170563,0.2391189061969025,0.0044691900503108,,,,,,,,,,,,,,,,,,,,,
meta_llama_llama_3_8b,abstract_algebra,random,mmlu:abstract_algebra,meta_llama_llama_3_8b,800.0,random_uniform,BayPIRE,0.0265587572252463,0.0029922340095075,0.0326566330264916,0.0040649604590924,0.0167656877351625,0.0049177018623945,0.2992756332068628,0.0062442789869906,0.0905332511121847,0.0021259574644087,1.0,0.908,0.0630343821523883,0.1242077801623954,0.0341081107145585,0.123675368674466,0.0336469930673764,0.992,0.0122927259430571,0.1628574999999999,0.0267001919728845,0.1629999999999999,0.0266874918683307,0.9,0.3162277660168379,0.0406544618699609,0.0021445638898772,0.9,0.3162277660168379,0.0420654999999999,0.0019396161561848
meta_llama_llama_3_8b,abstract_algebra,random,mmlu:abstract_algebra,meta_llama_llama_3_8b,800.0,random_uniform,PE-Rasch,0.0855626939935085,0.0064801976077464,0.1102071277405245,0.0093588172941808,0.0649662547896048,0.0061434815917704,0.4932798139135037,0.0265917006483382,0.1257130230273,0.0047628651288638,1.0,,,,,,,,,,,,,,,,,,,,
meta_llama_llama_3_8b,abstract_algebra,random,mmlu:abstract_algebra,meta_llama_llama_3_8b,1600.0,random_uniform,Avg,0.0799958942042523,0.0071512668711494,0.1006150084501129,0.0086151172168407,0.0593839758603357,0.006722791884601,0.6495848863470977,0.0225980575068208,0.2204420940890719,0.0025039405246678,,,,,,,,,,,,,,,,,,,,,
meta_llama_llama_3_8b,abstract_algebra,random,mmlu:abstract_algebra,meta_llama_llama_3_8b,1600.0,random_uniform,BayPIRE,0.0230789734304732,0.0010518551257878,0.0285024990094605,0.0012863414199653,0.0146125699293918,0.0014270159883617,0.2735886873006468,0.0044108618041025,0.0843369350698348,0.0014365544273571,1.0,0.765,0.0834332734052255,0.0710497207258634,0.012470465358028,0.0709297184590251,0.0124472460262745,0.984,0.0142984070596848,0.1225172499999999,0.0076244314405512,0.123,0.0082327260234856,1.0,0.0,0.0246019518415508,0.0011335188683778,1.0,0.0,0.0266132499999999,0.0011145434104999
meta_llama_llama_3_8b,abstract_algebra,random,mmlu:abstract_algebra,meta_llama_llama_3_8b,1600.0,random_uniform,PE-Rasch,0.0556189261973407,0.0035031536948366,0.0723689364209988,0.0038871393856866,0.0358667180349763,0.0034407628372883,0.3363893385431591,0.019803729536721,0.0998457331255353,0.0024700382617355,1.0,,,,,,,,,,,,,,,,,,,,
meta_llama_llama_3_8b,anatomy,balanced,mmlu:anatomy,meta_llama_llama_3_8b,200.0,two_way_balanced,Avg,0.2925148094652593,0.0130467302223742,0.3296186623942924,0.0154748885107976,0.2744555502060001,0.0117167327070616,4.315579500441164,0.3172589776476004,0.3313327024252632,0.0104959931389486,,,,,,,,,,,,,,,,,,,,,
meta_llama_llama_3_8b,anatomy,balanced,mmlu:anatomy,meta_llama_llama_3_8b,200.0,two_way_balanced,BayPIRE,0.0281209535998058,0.0062273337215576,0.0339214196875052,0.0067797118150777,0.0223942783550468,0.0082121023270136,0.3354808828080928,0.0101145548676219,0.0930274201547429,0.0044448296368472,1.0,0.998,0.0042163702135578,0.2436003190236021,0.0320105720553477,0.2429555558649942,0.031301635564511,1.0,0.0,0.2617887037037035,0.02998546785723,0.2614814814814815,0.0296399159099706,1.0,0.0,0.0906528908679331,0.0034276412909639,1.0,0.0,0.0912237037037037,0.0028985147219489
meta_llama_llama_3_8b,anatomy,balanced,mmlu:anatomy,meta_llama_llama_3_8b,200.0,two_way_balanced,PE-Rasch,0.122508739838143,0.0138582718814549,0.1602502669265778,0.0179728098608865,0.1025656436943003,0.0139596751976505,0.4588158733343778,0.0231209130955042,0.1277033489631766,0.0086472584787086,1.0,,,,,,,,,,,,,,,,,,,,
meta_llama_llama_3_8b,anatomy,balanced,mmlu:anatomy,meta_llama_llama_3_8b,400.0,two_way_balanced,Avg,0.1914870349992593,0.0163823181048525,0.2315234132101354,0.0184053423814481,0.1719611090733334,0.0153306425871853,1.948455544988899,0.2645464256494848,0.2764041015441221,0.009270419448668,,,,,,,,,,,,,,,,,,,,,
meta_llama_llama_3_8b,anatomy,balanced,mmlu:anatomy,meta_llama_llama_3_8b,400.0,two_way_balanced,BayPIRE,0.0229203975435381,0.0029874129251488,0.028019617368436,0.0031953746471513,0.018776173501797,0.003454906597443,0.244315483033533,0.0081758012911666,0.0671114961482735,0.0028493505038103,1.0,0.965,0.0206827894099847,0.1190098327921495,0.0092406861093788,0.1187905780702796,0.0092703093184469,0.996,0.006992058987801,0.1441407407407406,0.0079118322061584,0.1451851851851851,0.0086947243761279,0.9,0.3162277660168379,0.0502235201283489,0.0017393027480213,0.9,0.3162277660168379,0.0510188888888889,0.0015979791669718
meta_llama_llama_3_8b,anatomy,balanced,mmlu:anatomy,meta_llama_llama_3_8b,400.0,two_way_balanced,PE-Rasch,0.0807981737173045,0.0092918875210392,0.1199357502492332,0.0121183763164649,0.0607224677444024,0.0092685479106713,0.424500648353924,0.0437357937535189,0.1052290309416565,0.0090481600811493,1.0,,,,,,,,,,,,,,,,,,,,
meta_llama_llama_3_8b,anatomy,balanced,mmlu:anatomy,meta_llama_llama_3_8b,800.0,two_way_balanced,Avg,0.1370425921504444,0.0105845318155958,0.1662000131531263,0.0118012903923204,0.1185388884467407,0.010383457077143,0.9603189582682956,0.0946292205204822,0.2505556099149606,0.0044644849049419,,,,,,,,,,,,,,,,,,,,,
meta_llama_llama_3_8b,anatomy,balanced,mmlu:anatomy,meta_llama_llama_3_8b,800.0,two_way_balanced,BayPIRE,0.0204637991083095,0.0010610505012961,0.0251663026276493,0.0010841576637582,0.0151955988544347,0.001924657601304,0.1999959994085628,0.0067903985679688,0.0570801018175751,0.0015893387752528,1.0,0.893,0.0611101010017529,0.0849193314547612,0.0178760397412854,0.0848735509613417,0.0179105085113426,0.984,0.0117378779077726,0.1134735185185184,0.0138027305141553,0.1133518518518517,0.0135770057860677,1.0,0.0,0.0314014631070949,0.0016833636704679,1.0,0.0,0.0323903703703704,0.0018128810559184
meta_llama_llama_3_8b,anatomy,balanced,mmlu:anatomy,meta_llama_llama_3_8b,800.0,two_way_balanced,PE-Rasch,0.0657403277480399,0.0056712844232681,0.0876243258070589,0.0082767913215303,0.0467631027131668,0.0057413284792441,0.3473263281124644,0.0281000912717179,0.0858985497827685,0.0049674517079646,1.0,,,,,,,,,,,,,,,,,,,,
meta_llama_llama_3_8b,anatomy,balanced,mmlu:anatomy,meta_llama_llama_3_8b,1600.0,two_way_balanced,Avg,0.0864412037037037,0.0059359864486455,0.108701141638419,0.0061690529363517,0.0690634259259259,0.0066179479330193,0.668192137868716,0.0050085636046652,0.2341361278886554,0.0017490831927458,,,,,,,,,,,,,,,,,,,,,
meta_llama_llama_3_8b,anatomy,balanced,mmlu:anatomy,meta_llama_llama_3_8b,1600.0,two_way_balanced,BayPIRE,0.0190978440180667,0.0008506502344748,0.0231471209207901,0.0009604409839218,0.013467455389364,0.0018628780298608,0.1770079664483973,0.0019814564052999,0.0533059773401448,0.0006167462354856,1.0,0.8230000000000001,0.0658364978142401,0.0655788893379838,0.0108042285923191,0.0656102042293575,0.0107086193453345,0.982,0.0175119007154182,0.0967059259259259,0.0064705553880185,0.0966759259259259,0.0074938945326155,1.0,0.0,0.0201835923694068,0.0007217578966116,1.0,0.0,0.0215727777777777,0.00071684823999
meta_llama_llama_3_8b,anatomy,balanced,mmlu:anatomy,meta_llama_llama_3_8b,1600.0,two_way_balanced,PE-Rasch,0.0470589680048798,0.0029059753630102,0.0589847087978083,0.003831837937328,0.0322194691298446,0.0031572969036454,0.2366779218361813,0.0111817014976616,0.0686815848825113,0.0016474684555317,1.0,,,,,,,,,,,,,,,,,,,,
meta_llama_llama_3_8b,anatomy,random,mmlu:anatomy,meta_llama_llama_3_8b,200.0,random_uniform,Avg,0.2657006035256085,0.020019366275774,0.330138637830083,0.0180168358648878,0.2443539368589419,0.0188481671488303,4.201221564875009,0.4458492802351703,0.3314711872885468,0.0122599121662437,,,,,,,,,,,,,,,,,,,,,
meta_llama_llama_3_8b,anatomy,random,mmlu:anatomy,meta_llama_llama_3_8b,200.0,random_uniform,BayPIRE,0.0300062992511817,0.0101352330741407,0.035781912780241,0.0105944930670554,0.0245313791886675,0.0137918045805927,0.3855068616854766,0.0239597255153658,0.1162633912403871,0.0096453854570156,1.0,0.996,0.0096609178307929,0.2239536030874574,0.0399521315464797,0.2240406067410963,0.0401580395912305,1.0,0.0,0.2445762962962962,0.0382838855227349,0.2455648148148148,0.0376135290581203,1.0,0.0,0.1114414984185526,0.0042258676067417,1.0,0.0,0.111887037037037,0.0045908898509475
meta_llama_llama_3_8b,anatomy,random,mmlu:anatomy,meta_llama_llama_3_8b,200.0,random_uniform,PE-Rasch,0.1293590788697918,0.0188821667341987,0.1755968140272843,0.0247509911056559,0.1081474982907967,0.0187750754517117,0.5641079362512934,0.0712762093378987,0.1618064239379046,0.0176092707423907,1.0,,,,,,,,,,,,,,,,,,,,
meta_llama_llama_3_8b,anatomy,random,mmlu:anatomy,meta_llama_llama_3_8b,400.0,random_uniform,Avg,0.2035996146768399,0.0215111802653608,0.2533840802679308,0.0205844344817255,0.1841270749943002,0.0201140294397814,2.549834847485937,0.4046601619739224,0.2874547230822325,0.0111441945183111,,,,,,,,,,,,,,,,,,,,,
meta_llama_llama_3_8b,anatomy,random,mmlu:anatomy,meta_llama_llama_3_8b,400.0,random_uniform,BayPIRE,0.0209685724759904,0.0010895174361571,0.025904667545434,0.0017210150515532,0.0162011157361431,0.0019557624808349,0.2702481485530431,0.0118598586405723,0.0761443304783704,0.0050055894417975,1.0,0.989,0.0137032031940629,0.1370679167356047,0.0189350355899526,0.1371631212847995,0.019151950962985,0.998,0.0042163702135578,0.1608607407407407,0.0159278039566434,0.160796296296296,0.015220036790043,1.0,0.0,0.0666506040663477,0.0028348080152573,1.0,0.0,0.0669844444444444,0.0026130308735228
meta_llama_llama_3_8b,anatomy,random,mmlu:anatomy,meta_llama_llama_3_8b,400.0,random_uniform,PE-Rasch,0.0878261252449109,0.0093875995738454,0.1267744883639585,0.012951293185,0.0674853439760336,0.0106420048823253,0.4467747069063668,0.042903545159356,0.1149125490593942,0.0090835909085117,1.0,,,,,,,,,,,,,,,,,,,,
meta_llama_llama_3_8b,anatomy,random,mmlu:anatomy,meta_llama_llama_3_8b,800.0,random_uniform,Avg,0.1436733392634816,0.0127150705861763,0.181184793716988,0.0162307499762601,0.1243191545592969,0.0130917444643528,1.1693946137838391,0.2092408483343792,0.2560875438966578,0.0060609318716962,,,,,,,,,,,,,,,,,,,,,
meta_llama_llama_3_8b,anatomy,random,mmlu:anatomy,meta_llama_llama_3_8b,800.0,random_uniform,BayPIRE,0.020335032035032,0.0011867836048655,0.0250720367345914,0.0015441753932641,0.015409329062952,0.0016633979397145,0.2080924261525762,0.0058308193880322,0.0591325415683816,0.0024922049031039,1.0,0.906,0.051033757890679,0.0888879341351979,0.0118743600257172,0.0890015361383388,0.0119015604553224,0.987,0.0082327260234856,0.1163981481481481,0.0088354756225804,0.1159351851851851,0.0081878533628579,1.0,0.0,0.0362586514072726,0.0015703968467085,1.0,0.0,0.0371824074074074,0.0010869927816791
meta_llama_llama_3_8b,anatomy,random,mmlu:anatomy,meta_llama_llama_3_8b,800.0,random_uniform,PE-Rasch,0.0694768241765838,0.0073152959397994,0.0950231671368421,0.0110403181031943,0.0512558228319533,0.0063751915473667,0.3586302184940255,0.0265702593965473,0.0892726080325325,0.0067938200359105,1.0,,,,,,,,,,,,,,,,,,,,
meta_llama_llama_3_8b,anatomy,random,mmlu:anatomy,meta_llama_llama_3_8b,1600.0,random_uniform,Avg,0.0896484020919552,0.0079528407950246,0.1139640591617695,0.0090600440454636,0.0722373635984595,0.0062853146622902,0.7046436280307,0.0322821271538011,0.2355921327237578,0.0025740111539059,,,,,,,,,,,,,,,,,,,,,
meta_llama_llama_3_8b,anatomy,random,mmlu:anatomy,meta_llama_llama_3_8b,1600.0,random_uniform,BayPIRE,0.0197433216766697,0.001828257262298,0.0240359210154631,0.0017722039063843,0.0137779004662182,0.0021391167681296,0.1788981562537544,0.0039356814811804,0.0537561362967513,0.0013650867749137,1.0,0.8119999999999999,0.058271395689099,0.0649660555297728,0.0102737994565005,0.0651036803111656,0.0102683961565279,0.968,0.020976176963403,0.0960559259259258,0.0069357390044079,0.0963148148148147,0.008535700153306,0.9,0.3162277660168379,0.0212627444203813,0.0008281397934347,0.9,0.3162277660168379,0.0226322222222222,0.0006634399507159
meta_llama_llama_3_8b,anatomy,random,mmlu:anatomy,meta_llama_llama_3_8b,1600.0,random_uniform,PE-Rasch,0.0475965601247754,0.0035470205378501,0.0609220838830447,0.0048639671601315,0.0314256993061911,0.0033360395752283,0.2438981901390228,0.0105757288165793,0.0693315676125162,0.0025323404863751,1.0,,,,,,,,,,,,,,,,,,,,
meta_llama_llama_3_8b,astronomy,balanced,mmlu:astronomy,meta_llama_llama_3_8b,200.0,two_way_balanced,Avg,0.2964999946611842,0.0163638753757393,0.3409593022603828,0.0174984382253599,0.2834605209769737,0.0168870239273292,4.643207592336704,0.3949933918164806,0.3495433286374667,0.0123947819120131,,,,,,,,,,,,,,,,,,,,,
meta_llama_llama_3_8b,astronomy,balanced,mmlu:astronomy,meta_llama_llama_3_8b,200.0,two_way_balanced,BayPIRE,0.0230292922498915,0.0079101987742011,0.027413864669405,0.0078414548886436,0.0163788844668816,0.0114011615849273,0.3535711781875684,0.0185936149526587,0.098009613429203,0.0074537554654171,1.0,1.0,0.0,0.2772917181207351,0.0356619171716344,0.2762812989613782,0.0347099551225414,1.0,0.0,0.2931120065789472,0.0339892675620422,0.2918092105263157,0.034164329153143,1.0,0.0,0.0965816960341015,0.0027235426265642,1.0,0.0,0.0973378289473683,0.0028372467677836
meta_llama_llama_3_8b,astronomy,balanced,mmlu:astronomy,meta_llama_llama_3_8b,200.0,two_way_balanced,PE-Rasch,0.1358606275132924,0.012985608974531,0.1733329441571411,0.0152363313989567,0.1225060237041761,0.0138333269291052,0.4673094433982686,0.0387268206412029,0.1333702862928861,0.0126905917833951,1.0,,,,,,,,,,,,,,,,,,,,
meta_llama_llama_3_8b,astronomy,balanced,mmlu:astronomy,meta_llama_llama_3_8b,400.0,two_way_balanced,Avg,0.1923157880423684,0.0116452858093083,0.2243584726102367,0.0137062261924161,0.1793552617265789,0.0123301320496137,1.6522508503922473,0.2024382730262309,0.2831165529394595,0.0063872658988906,,,,,,,,,,,,,,,,,,,,,
meta_llama_llama_3_8b,astronomy,balanced,mmlu:astronomy,meta_llama_llama_3_8b,400.0,two_way_balanced,BayPIRE,0.0173558151448974,0.0025615254966331,0.0213983912291509,0.0027617664596274,0.0135938759686611,0.0040168022848618,0.2482240079454823,0.0101800811621943,0.0671564478335583,0.0038159127543759,1.0,0.992,0.0147572957474524,0.1258142986337522,0.0209456403875069,0.1257993109357895,0.0209699034762991,1.0,0.0,0.1489546052631578,0.0185889240476977,0.1499999999999999,0.0177618041502777,1.0,0.0,0.052811188694924,0.0024404247724447,1.0,0.0,0.0533541118421051,0.002426181297341
meta_llama_llama_3_8b,astronomy,balanced,mmlu:astronomy,meta_llama_llama_3_8b,400.0,two_way_balanced,PE-Rasch,0.0792553694554385,0.0109934341601572,0.1179949781248837,0.0151857835949793,0.065621463196693,0.0110164325872105,0.3979360428585297,0.037523481007308,0.0992180134147968,0.0105250639659306,1.0,,,,,,,,,,,,,,,,,,,,
meta_llama_llama_3_8b,astronomy,balanced,mmlu:astronomy,meta_llama_llama_3_8b,800.0,two_way_balanced,Avg,0.1313026313421052,0.0115195178320513,0.1653812612412126,0.0101290628326969,0.1192499997631579,0.0119411549143055,0.8761040907508683,0.0697777686206254,0.2604184025891666,0.0037398450489428,,,,,,,,,,,,,,,,,,,,,
meta_llama_llama_3_8b,astronomy,balanced,mmlu:astronomy,meta_llama_llama_3_8b,800.0,two_way_balanced,BayPIRE,0.0135409643555039,0.0006351166593257,0.0170223302410807,0.0007818541887166,0.0086270904965348,0.0013570598637043,0.2037744046753666,0.0048153708236819,0.05682664225823,0.0011745537302143,1.0,0.964,0.0201108041719978,0.0837074484067865,0.016707186054635,0.0837816038580456,0.0167732631331094,0.999,0.0031622776601683,0.1111508223684209,0.0128509690436754,0.1105263157894737,0.0130845911317335,1.0,0.0,0.0322269404657141,0.0011658278641541,1.0,0.0,0.0331560855263157,0.001333672663657
meta_llama_llama_3_8b,astronomy,balanced,mmlu:astronomy,meta_llama_llama_3_8b,800.0,two_way_balanced,PE-Rasch,0.0638757655579658,0.0036495084665193,0.0872673424702581,0.0043052214981651,0.0513980598606803,0.0035855749197151,0.3361617575213882,0.0125315854858618,0.0827878138542926,0.0023075966032229,1.0,,,,,,,,,,,,,,,,,,,,
meta_llama_llama_3_8b,astronomy,balanced,mmlu:astronomy,meta_llama_llama_3_8b,1600.0,two_way_balanced,Avg,0.0910625,0.0065119403803266,0.1124449862935395,0.0065777167241745,0.0791282894736842,0.0069686697532186,0.6899224448528121,0.0052518123909481,0.2455227481617647,0.001829760915257,,,,,,,,,,,,,,,,,,,,,
meta_llama_llama_3_8b,astronomy,balanced,mmlu:astronomy,meta_llama_llama_3_8b,1600.0,two_way_balanced,BayPIRE,0.0134301626118398,0.0007418931039715,0.0168418175653125,0.0011355519837314,0.008075871754181,0.0015009340578532,0.1791013063731393,0.0026442780760609,0.0523650607001848,0.0007437347542067,0.9,0.874,0.055216744642263,0.0564143838199953,0.009928167777731,0.0563145046635183,0.010044968412276,0.997,0.0048304589153964,0.0879374999999999,0.0064053208240339,0.0888157894736842,0.0071060753272015,1.0,0.0,0.0206078591534711,0.0008207621781483,1.0,0.0,0.0216136513157893,0.0007428448682193
meta_llama_llama_3_8b,astronomy,balanced,mmlu:astronomy,meta_llama_llama_3_8b,1600.0,two_way_balanced,PE-Rasch,0.0475410610480986,0.0035545896765683,0.0599285089315198,0.0041065324059107,0.036321416916594,0.0032195819797653,0.2407955184881167,0.0129931089190994,0.067047016345517,0.0030223358246453,1.0,,,,,,,,,,,,,,,,,,,,
meta_llama_llama_3_8b,astronomy,random,mmlu:astronomy,meta_llama_llama_3_8b,200.0,random_uniform,Avg,0.2703486417501597,0.0200611589869981,0.3338237957449108,0.0198321245021176,0.2587554838554229,0.0201749180484224,4.3333414352266715,0.3783711524308122,0.3445264873889938,0.0133573239916742,,,,,,,,,,,,,,,,,,,,,
meta_llama_llama_3_8b,astronomy,random,mmlu:astronomy,meta_llama_llama_3_8b,200.0,random_uniform,BayPIRE,0.0195166390237929,0.003837987119481,0.0234634785521571,0.0042222413180022,0.0149613105751186,0.0066977577735896,0.3998046642731338,0.0164881343666345,0.1221309696718691,0.0066909295254719,1.0,1.0,0.0,0.2321921001667375,0.0383400415389099,0.2320276296279935,0.0382377680422949,1.0,0.0,0.2500447368421051,0.0360601136698835,0.25,0.0365643245625725,1.0,0.0,0.1144974592147805,0.0045458054609413,1.0,0.0,0.1150699013157894,0.0040697639566571
meta_llama_llama_3_8b,astronomy,random,mmlu:astronomy,meta_llama_llama_3_8b,200.0,random_uniform,PE-Rasch,0.1293649556835229,0.0198453185432399,0.1660275941329363,0.0255606418071001,0.1169789227153735,0.0206255609477259,0.5465567985281505,0.062369669961774,0.1605866484968639,0.0166616408214557,1.0,,,,,,,,,,,,,,,,,,,,
meta_llama_llama_3_8b,astronomy,random,mmlu:astronomy,meta_llama_llama_3_8b,400.0,random_uniform,Avg,0.2087473283544362,0.0115923347205039,0.264601489157034,0.012511558072217,0.1973389073018047,0.0117047544289829,2.631887329699878,0.2674321465353309,0.3034796900095896,0.0068067584889789,,,,,,,,,,,,,,,,,,,,,
meta_llama_llama_3_8b,astronomy,random,mmlu:astronomy,meta_llama_llama_3_8b,400.0,random_uniform,BayPIRE,0.0203167025807269,0.0083464461558109,0.0238087989201644,0.0084537311507675,0.0174610596439771,0.0100216957807423,0.2842693209105259,0.0140362034029642,0.0809299230552851,0.0060886197661969,1.0,0.979,0.0597122730730923,0.1283800975809415,0.0108516536741816,0.1283749487495775,0.0107234070312432,0.997,0.0094868329805051,0.1515021381578946,0.0092262926047875,0.1519901315789472,0.0099884422908435,0.9,0.3162277660168379,0.0682578429882873,0.0031698589929359,0.9,0.3162277660168379,0.0685690789473683,0.0032765723796574
meta_llama_llama_3_8b,astronomy,random,mmlu:astronomy,meta_llama_llama_3_8b,400.0,random_uniform,PE-Rasch,0.0878223031899455,0.0089442283807172,0.1279101658229267,0.0104979859948407,0.0762404735864919,0.0097936292458885,0.4359663798262135,0.035443680345258,0.1139652905136363,0.0090719548976617,1.0,,,,,,,,,,,,,,,,,,,,
meta_llama_llama_3_8b,astronomy,random,mmlu:astronomy,meta_llama_llama_3_8b,800.0,random_uniform,Avg,0.1384512257250342,0.0092824273753509,0.1776794558864359,0.0106719663739938,0.126240756369828,0.0092121457406356,1.0506729043572105,0.1727931671783659,0.2647876095165666,0.0041865200855596,,,,,,,,,,,,,,,,,,,,,
meta_llama_llama_3_8b,astronomy,random,mmlu:astronomy,meta_llama_llama_3_8b,800.0,random_uniform,BayPIRE,0.015154491625781,0.0025710506123525,0.0185698553086531,0.0031196565265969,0.0121269509003574,0.0034142819845714,0.2148325975043881,0.0074069823871719,0.0597220678115113,0.0022819516321754,1.0,0.954,0.0347051068928543,0.0754019827840607,0.0087715069014956,0.0754158069678716,0.0088565749606953,0.997,0.0067494855771055,0.1039133223684209,0.0069159073139339,0.1039473684210526,0.0067947076249253,0.9,0.3162277660168379,0.0374091193371426,0.0020287668520115,1.0,0.0,0.0381407894736841,0.001915385671077
meta_llama_llama_3_8b,astronomy,random,mmlu:astronomy,meta_llama_llama_3_8b,800.0,random_uniform,PE-Rasch,0.0603653122272135,0.0076735236523051,0.088185149024649,0.0094245563324825,0.0482732949920126,0.0079204702878864,0.3546693974018732,0.0256431412504853,0.0860018883440952,0.0064263705904835,1.0,,,,,,,,,,,,,,,,,,,,
meta_llama_llama_3_8b,astronomy,random,mmlu:astronomy,meta_llama_llama_3_8b,1600.0,random_uniform,Avg,0.0942503947099882,0.0073214521721438,0.1177737518099762,0.0098985963218758,0.0820036905885163,0.0068677294333245,0.7015933155847601,0.0244616752047631,0.2472814302651717,0.0029985865580259,,,,,,,,,,,,,,,,,,,,,
meta_llama_llama_3_8b,astronomy,random,mmlu:astronomy,meta_llama_llama_3_8b,1600.0,random_uniform,BayPIRE,0.0144807627148329,0.0011383708832695,0.0177047391480563,0.0012301454596502,0.0085946560944957,0.0019006577786306,0.1844841121135845,0.0024804599569784,0.0533601944945611,0.0007617518194717,1.0,0.891,0.0690330033792211,0.0618876456954087,0.0139141450636416,0.0619050190708013,0.0139786256980309,0.995,0.0052704627669473,0.091750822368421,0.0098876549055014,0.0914802631578946,0.0100281901058473,0.9,0.3162277660168379,0.021702392659768,0.0013088232526158,1.0,0.0,0.0228840460526314,0.0014441936810014
meta_llama_llama_3_8b,astronomy,random,mmlu:astronomy,meta_llama_llama_3_8b,1600.0,random_uniform,PE-Rasch,0.0484340940649033,0.005121302728549,0.0623764173531274,0.0059312795800867,0.0370079812091189,0.0051153562980352,0.2592816079171869,0.0179406168975007,0.0694225484614071,0.0035426232628751,1.0,,,,,,,,,,,,,,,,,,,,
meta_llama_llama_3_8b,business_ethics,balanced,mmlu:business_ethics,meta_llama_llama_3_8b,200.0,two_way_balanced,Avg,0.2799599950608,0.0148728085922129,0.3388883117224186,0.0134042974089534,0.2572999950608,0.0131969690488856,4.66683402833304,0.2923092210128999,0.3586836687757143,0.0093486315401908,,,,,,,,,,,,,,,,,,,,,
meta_llama_llama_3_8b,business_ethics,balanced,mmlu:business_ethics,meta_llama_llama_3_8b,200.0,two_way_balanced,BayPIRE,0.029806335165098,0.0033383990010789,0.0366775995704796,0.0042456924471838,0.0224121674885031,0.0050864048068301,0.3550574046906261,0.0079799013030759,0.10291659829374,0.0031599639564422,1.0,0.992,0.0154919333848296,0.2208267009062351,0.0362850368833851,0.2205166099414494,0.0356943878087424,0.999,0.0031622776601683,0.2478677499999998,0.0337449940824561,0.2490249999999998,0.0344448431876562,1.0,0.0,0.086450438867635,0.0034040986038348,1.0,0.0,0.0874917499999999,0.0031679138004721
meta_llama_llama_3_8b,business_ethics,balanced,mmlu:business_ethics,meta_llama_llama_3_8b,200.0,two_way_balanced,PE-Rasch,0.1156623303678785,0.0163123215352932,0.1541125223948513,0.0184451640869985,0.0884386977297117,0.0158884787685271,0.5349718285453954,0.0304346107323731,0.1427247552893725,0.0093107643997197,1.0,,,,,,,,,,,,,,,,,,,,
meta_llama_llama_3_8b,business_ethics,balanced,mmlu:business_ethics,meta_llama_llama_3_8b,400.0,two_way_balanced,Avg,0.2006799985408,0.011434819881461,0.2384523885123819,0.0109268878499109,0.1774999985407999,0.0100410267347163,1.861840889363536,0.2031371780259357,0.300708332006875,0.0057108923600654,,,,,,,,,,,,,,,,,,,,,
meta_llama_llama_3_8b,business_ethics,balanced,mmlu:business_ethics,meta_llama_llama_3_8b,400.0,two_way_balanced,BayPIRE,0.0272103939228694,0.0026337768043533,0.0339629559541419,0.0034120130787306,0.0208417836898189,0.0037589238855088,0.2878675784987125,0.0074703157051755,0.0837324059740526,0.0023687609623545,1.0,0.943,0.0571644800359259,0.1412367607746266,0.0203260757414572,0.1410877429401996,0.0203229900374245,0.99,0.0094280904158206,0.1740624999999999,0.0171572570084951,0.1730374999999997,0.0176550718633485,1.0,0.0,0.0541094080425948,0.0018562829143008,1.0,0.0,0.0550462499999999,0.0017699078954379
meta_llama_llama_3_8b,business_ethics,balanced,mmlu:business_ethics,meta_llama_llama_3_8b,400.0,two_way_balanced,PE-Rasch,0.0955531476298191,0.0131930953960966,0.1311435029161878,0.0141356802280136,0.0697724238354921,0.0107909719190849,0.5398314972869356,0.0619780969383208,0.128617246326629,0.0110011371652013,1.0,,,,,,,,,,,,,,,,,,,,
meta_llama_llama_3_8b,business_ethics,balanced,mmlu:business_ethics,meta_llama_llama_3_8b,800.0,two_way_balanced,Avg,0.132489999862,0.0090124543093482,0.1637573743507773,0.0107637373775389,0.110659999862,0.0107753009360605,0.847406108619009,0.0815730055972334,0.270577445525,0.004160704518075,,,,,,,,,,,,,,,,,,,,,
meta_llama_llama_3_8b,business_ethics,balanced,mmlu:business_ethics,meta_llama_llama_3_8b,800.0,two_way_balanced,BayPIRE,0.0249208808030628,0.0010856172747518,0.0310194466800747,0.0013575074112923,0.0153610766821967,0.0033610353466579,0.2545529653866999,0.004786568559309,0.0764920357677326,0.001693810360092,1.0,0.918,0.0518116246072678,0.1173437713366196,0.0261032733255536,0.11720104582677,0.0258195178394769,0.99,0.0066666666666666,0.1527294999999999,0.0206526346113247,0.1539999999999999,0.0222111083319435,1.0,0.0,0.0349601826752742,0.0015112374431919,1.0,0.0,0.0361537499999999,0.0013819035030227
meta_llama_llama_3_8b,business_ethics,balanced,mmlu:business_ethics,meta_llama_llama_3_8b,800.0,two_way_balanced,PE-Rasch,0.0798995526519761,0.006940555839478,0.1025077346883576,0.0104942007739516,0.0587395983005706,0.0075901920306775,0.4356994517662875,0.0360349591039441,0.1097870534626031,0.0055797673334199,1.0,,,,,,,,,,,,,,,,,,,,
meta_llama_llama_3_8b,business_ethics,balanced,mmlu:business_ethics,meta_llama_llama_3_8b,1600.0,two_way_balanced,Avg,0.088245,0.008242073633363,0.1089801043355422,0.0088990860338659,0.0663899999999999,0.0069866559319255,0.70843442767236,0.0069962539971238,0.2554877232142857,0.0027871846260666,,,,,,,,,,,,,,,,,,,,,
meta_llama_llama_3_8b,business_ethics,balanced,mmlu:business_ethics,meta_llama_llama_3_8b,1600.0,two_way_balanced,BayPIRE,0.0234835463952471,0.0009592729221248,0.0293827556207538,0.0009366175903332,0.0145347147438273,0.0030073309944723,0.2397923092244647,0.0054047252163802,0.0731842781965994,0.0013089147305139,1.0,0.794,0.0801664934163062,0.0783027973990502,0.017381170325566,0.0782475538747011,0.0173744605321033,0.973,0.011595018087284,0.1212739999999999,0.0119143511270139,0.1215374999999998,0.0110437969643095,0.9,0.3162277660168379,0.0220546991705015,0.0005830961517793,1.0,0.0,0.023972,0.0009616101947601
meta_llama_llama_3_8b,business_ethics,balanced,mmlu:business_ethics,meta_llama_llama_3_8b,1600.0,two_way_balanced,PE-Rasch,0.0511935398024479,0.0039170908034002,0.0650118665880757,0.0053163994425563,0.0331751734702642,0.0027052673999852,0.300227557265607,0.0157677269261348,0.0874128997242462,0.0029256380203212,1.0,,,,,,,,,,,,,,,,,,,,
meta_llama_llama_3_8b,business_ethics,random,mmlu:business_ethics,meta_llama_llama_3_8b,200.0,random_uniform,Avg,0.2789649952558,0.0242313833153865,0.3417894882648879,0.0206744220372343,0.2552083285891334,0.0253662697265694,4.54975919407976,0.5202743286788685,0.360615723918254,0.0144700062967369,,,,,,,,,,,,,,,,,,,,,
meta_llama_llama_3_8b,business_ethics,random,mmlu:business_ethics,meta_llama_llama_3_8b,200.0,random_uniform,BayPIRE,0.035361917302913,0.0089379137624601,0.0429035119989182,0.009974380904253,0.0299749939841792,0.0116577983024689,0.4064026400476241,0.0125713360453364,0.1245192497098961,0.0052650979451152,1.0,0.987,0.0182878222991269,0.237874300374095,0.0373148230514491,0.238405342041456,0.0376974603289341,0.997,0.0048304589153964,0.2643639999999999,0.0346520576830102,0.2630624999999997,0.0355650445779749,1.0,0.0,0.1125710068035172,0.0055950191345278,1.0,0.0,0.11275325,0.0050550614143428
meta_llama_llama_3_8b,business_ethics,random,mmlu:business_ethics,meta_llama_llama_3_8b,200.0,random_uniform,PE-Rasch,0.1260967740952622,0.0167047281132594,0.1668000760007454,0.019302408415286,0.099819734879952,0.0176927183862467,0.648270461315669,0.0548306011137868,0.1743370229603381,0.0132473234518341,1.0,,,,,,,,,,,,,,,,,,,,
meta_llama_llama_3_8b,business_ethics,random,mmlu:business_ethics,meta_llama_llama_3_8b,400.0,random_uniform,Avg,0.2164163287508311,0.0136376821892052,0.2708423719645493,0.0136211046114093,0.1939658525603549,0.0143864705376015,2.6846890424138588,0.3004140259224285,0.3180363666537888,0.0077573179400914,,,,,,,,,,,,,,,,,,,,,
meta_llama_llama_3_8b,business_ethics,random,mmlu:business_ethics,meta_llama_llama_3_8b,400.0,random_uniform,BayPIRE,0.02773732081741,0.0022721094029595,0.0339530648821464,0.0025670292046983,0.0198650785544934,0.0049100507186502,0.3126269792785083,0.0060426363920547,0.0922392849217566,0.002111335159331,1.0,0.984,0.0157762127549323,0.1656252191685376,0.0364309405991039,0.1661122543475328,0.0362869457347852,0.999,0.0031622776601683,0.1956592499999999,0.0334860191607797,0.1965624999999998,0.0338677600914366,1.0,0.0,0.0677401128197918,0.0045900257704128,1.0,0.0,0.0686082499999999,0.0046089689209072
meta_llama_llama_3_8b,business_ethics,random,mmlu:business_ethics,meta_llama_llama_3_8b,400.0,random_uniform,PE-Rasch,0.1001204958457152,0.0151861311350889,0.1363178979470768,0.0140157949843119,0.0774507501939093,0.0154318582552638,0.5857697603292258,0.0446071448121943,0.1409298825244702,0.0117311905680789,1.0,,,,,,,,,,,,,,,,,,,,
meta_llama_llama_3_8b,business_ethics,random,mmlu:business_ethics,meta_llama_llama_3_8b,800.0,random_uniform,Avg,0.1426050147593753,0.0128467739539236,0.1822842009608445,0.0173028104640883,0.1207875461169067,0.0116646424614831,1.165322199295685,0.1668722623269347,0.2780168959425179,0.0074790558193301,,,,,,,,,,,,,,,,,,,,,
meta_llama_llama_3_8b,business_ethics,random,mmlu:business_ethics,meta_llama_llama_3_8b,800.0,random_uniform,BayPIRE,0.0246459795558147,0.0017736776532119,0.0307607839359252,0.0019139197005535,0.0183002179669054,0.0020296630931192,0.2609567116436336,0.0051305538561434,0.0785419794229497,0.0018055198082252,1.0,0.8709999999999999,0.0788035532193821,0.0991490153100716,0.0225376099180605,0.099551078381499,0.0229112574033436,0.986,0.0157762127549323,0.1402169999999999,0.0170071831964548,0.1419999999999999,0.0161932770686548,1.0,0.0,0.039130105485573,0.0019320545891038,1.0,0.0,0.0401845,0.0017651557218053
meta_llama_llama_3_8b,business_ethics,random,mmlu:business_ethics,meta_llama_llama_3_8b,800.0,random_uniform,PE-Rasch,0.0793514250874914,0.0081734804977657,0.1038475419990945,0.010585449325369,0.0582044045659654,0.0079452330051507,0.426866075672819,0.0287151870674524,0.1116024016757515,0.006294148212852,1.0,,,,,,,,,,,,,,,,,,,,
meta_llama_llama_3_8b,business_ethics,random,mmlu:business_ethics,meta_llama_llama_3_8b,1600.0,random_uniform,Avg,0.0943612681408961,0.0034859300977032,0.1183905612381427,0.0030918305681206,0.0719933994470946,0.0060456826369983,0.722234685104383,0.022655061872014,0.2582358043960994,0.0010372020120414,,,,,,,,,,,,,,,,,,,,,
meta_llama_llama_3_8b,business_ethics,random,mmlu:business_ethics,meta_llama_llama_3_8b,1600.0,random_uniform,BayPIRE,0.0236847898285106,0.0011575078740151,0.0299170248325274,0.0011352932392965,0.0141207905037816,0.003890824398309,0.2392791963789576,0.0048614679164044,0.0734909462749367,0.0018574774931062,1.0,0.799,0.1262669130585417,0.0829771998365479,0.0239230232163521,0.0828641367834265,0.0237327087313412,0.969,0.0310733898304571,0.1251244999999999,0.0162140432016337,0.126,0.0164654520469712,1.0,0.0,0.0230559147249225,0.0006136975567071,1.0,0.0,0.02509325,0.0007124440036475
meta_llama_llama_3_8b,business_ethics,random,mmlu:business_ethics,meta_llama_llama_3_8b,1600.0,random_uniform,PE-Rasch,0.0544693577057589,0.0027432489493951,0.0711912454447056,0.0044408042767621,0.0347751087556808,0.0047553355951398,0.3092627326425888,0.0139550894028126,0.089872381377958,0.0028259382860114,1.0,,,,,,,,,,,,,,,,,,,,
meta_llama_llama_3_8b,clinical_knowledge,balanced,mmlu:clinical_knowledge,meta_llama_llama_3_8b,200.0,two_way_balanced,Avg,0.2974132016817735,0.0107659999661214,0.3289906451007828,0.0123622834885118,0.2873528243232829,0.0093883802433125,4.3033379980681445,0.3182777876643844,0.3204743302362738,0.0082427173867777,,,,,,,,,,,,,,,,,,,,,
meta_llama_llama_3_8b,clinical_knowledge,balanced,mmlu:clinical_knowledge,meta_llama_llama_3_8b,200.0,two_way_balanced,BayPIRE,0.0374847036639826,0.0129465664675901,0.0441023774850417,0.013956551546562,0.0285976305959423,0.0121859625801924,0.5462907183336327,0.011914441839716,0.1820122417802303,0.0058552677525778,1.0,1.0,0.0,0.4384447596664641,0.0657855305847535,0.4218693407605087,0.0530868720681297,1.0,0.0,0.4472013207547168,0.0638617358932637,0.4313726415094338,0.0518966564380423,1.0,0.0,0.1148015957367511,0.0025286882444291,1.0,0.0,0.1153694339622641,0.0023525774175396
meta_llama_llama_3_8b,clinical_knowledge,balanced,mmlu:clinical_knowledge,meta_llama_llama_3_8b,200.0,two_way_balanced,PE-Rasch,0.1791385234386845,0.0110743221637109,0.2126559113931076,0.0134366267817978,0.1690102215518921,0.0096820700088768,0.5917247855175002,0.0391044449360252,0.1791218718446634,0.0118763790844681,1.0,,,,,,,,,,,,,,,,,,,,
meta_llama_llama_3_8b,clinical_knowledge,balanced,mmlu:clinical_knowledge,meta_llama_llama_3_8b,400.0,two_way_balanced,Avg,0.1806566013999622,0.012940014875231,0.2242843912872107,0.0108127198222243,0.1713962240414717,0.0121346130925589,1.9192929093878213,0.2195786392220592,0.2624382168742528,0.0049812272093284,,,,,,,,,,,,,,,,,,,,,
meta_llama_llama_3_8b,clinical_knowledge,balanced,mmlu:clinical_knowledge,meta_llama_llama_3_8b,400.0,two_way_balanced,BayPIRE,0.0139123714142862,0.0028299075045392,0.0172609622525531,0.0033152581469886,0.0095269350842101,0.0030821049767749,0.2783054953929354,0.0148793596015475,0.0736801348821008,0.0054452513886932,1.0,1.0,0.0,0.1568620843088252,0.0315362227936234,0.1563267481559304,0.0311094194324993,1.0,0.0,0.1686148113207547,0.0299368238882886,0.1683301886792452,0.0301863550599031,1.0,0.0,0.057608179084501,0.0019440667994985,1.0,0.0,0.0581732075471698,0.0020125399563896
meta_llama_llama_3_8b,clinical_knowledge,balanced,mmlu:clinical_knowledge,meta_llama_llama_3_8b,400.0,two_way_balanced,PE-Rasch,0.0830617897408114,0.0151420327608931,0.1167203480809147,0.0169848052294635,0.071867640009169,0.0154568004135465,0.3691531344790518,0.026855664599861,0.09597521012536,0.0092688196948316,1.0,,,,,,,,,,,,,,,,,,,,
meta_llama_llama_3_8b,clinical_knowledge,balanced,mmlu:clinical_knowledge,meta_llama_llama_3_8b,800.0,two_way_balanced,Avg,0.1318712258623018,0.0095173250160252,0.1614550935996919,0.0105526489559125,0.1211617919000377,0.009385541818319,0.9575983057989924,0.0845824178140762,0.2382867822352529,0.0036053514044706,,,,,,,,,,,,,,,,,,,,,
meta_llama_llama_3_8b,clinical_knowledge,balanced,mmlu:clinical_knowledge,meta_llama_llama_3_8b,800.0,two_way_balanced,BayPIRE,0.0120930895996666,0.0016799446960854,0.0150845785570796,0.0018260826226047,0.0093605794619536,0.0023461535031218,0.2016935013796188,0.0077021428702308,0.053581088974836,0.0026222833459001,1.0,0.978,0.0181352940116472,0.076194361725394,0.0092456270339399,0.0761106184042772,0.009182251828959,0.997,0.0048304589153964,0.0925246226415094,0.007548293973536,0.0924575471698113,0.0083851023404747,1.0,0.0,0.0314983699602292,0.0011184164932198,1.0,0.0,0.0319951886792453,0.0013305995358474
meta_llama_llama_3_8b,clinical_knowledge,balanced,mmlu:clinical_knowledge,meta_llama_llama_3_8b,800.0,two_way_balanced,PE-Rasch,0.0601396802760593,0.0045161819245474,0.0896107643870422,0.0075432024226558,0.0494250339655562,0.0046655346023498,0.3206041120240659,0.0169769364124171,0.0771402761968221,0.0044951104991281,1.0,,,,,,,,,,,,,,,,,,,,
meta_llama_llama_3_8b,clinical_knowledge,balanced,mmlu:clinical_knowledge,meta_llama_llama_3_8b,1600.0,two_way_balanced,Avg,0.089648113160566,0.00644309263384,0.1137322460661142,0.0074106732271338,0.0796726414624528,0.006964984035514,0.675187120982271,0.0249196359537335,0.2250344188936546,0.0018793033897361,,,,,,,,,,,,,,,,,,,,,
meta_llama_llama_3_8b,clinical_knowledge,balanced,mmlu:clinical_knowledge,meta_llama_llama_3_8b,1600.0,two_way_balanced,BayPIRE,0.0117777811397448,0.0015977725004384,0.0145885194040413,0.0017135346268528,0.00853539334685,0.0022678247286632,0.1683283372325964,0.0042749409718713,0.0466240445896843,0.0014051291708421,0.6,0.922,0.0484882574559151,0.0554007370555221,0.0103824410498637,0.0553608391216909,0.0103798757086356,0.988,0.0103279555898864,0.073300754716981,0.0080801825392431,0.0732169811320754,0.0080080022573839,0.8,0.4216370213557839,0.0198264010242261,0.0009632530815388,0.8,0.4216370213557839,0.0205337735849055,0.0009092148104468
meta_llama_llama_3_8b,clinical_knowledge,balanced,mmlu:clinical_knowledge,meta_llama_llama_3_8b,1600.0,two_way_balanced,PE-Rasch,0.044708900044798,0.0032651116043929,0.0582203021725314,0.0048022768809385,0.0355506762207672,0.0031177833523533,0.2443823412000299,0.0086061632452716,0.0610852247500728,0.001861199575282,1.0,,,,,,,,,,,,,,,,,,,,
meta_llama_llama_3_8b,clinical_knowledge,random,mmlu:clinical_knowledge,meta_llama_llama_3_8b,200.0,random_uniform,Avg,0.2602982696379352,0.02583838349701,0.3253925613389604,0.0232695278244778,0.2494997790718975,0.0269176407963124,4.131814756246703,0.529327089846768,0.3183506099712492,0.0157249245251107,,,,,,,,,,,,,,,,,,,,,
meta_llama_llama_3_8b,clinical_knowledge,random,mmlu:clinical_knowledge,meta_llama_llama_3_8b,200.0,random_uniform,BayPIRE,0.0251657437751825,0.0144037068347903,0.029321327549747,0.013721080346254,0.0202143581530326,0.0173028470516062,0.4610457403857354,0.0160048684665963,0.14690539280658,0.0070958743414532,1.0,1.0,0.0,0.2770912043412595,0.0538689765203652,0.2765099424521174,0.0536313256353232,1.0,0.0,0.2858773584905659,0.0527393311706907,0.285132075471698,0.0523341246872419,0.9,0.3162277660168379,0.1184723220174138,0.0057095611578846,0.9,0.3162277660168379,0.1184661320754715,0.0060725877703129
meta_llama_llama_3_8b,clinical_knowledge,random,mmlu:clinical_knowledge,meta_llama_llama_3_8b,200.0,random_uniform,PE-Rasch,0.1705206154805227,0.0143384098702234,0.2117753344181709,0.0144086831560412,0.1598411274044272,0.0145003013786184,0.6288815627859601,0.0392867381780131,0.1965482678236496,0.0110780370678061,1.0,,,,,,,,,,,,,,,,,,,,
meta_llama_llama_3_8b,clinical_knowledge,random,mmlu:clinical_knowledge,meta_llama_llama_3_8b,400.0,random_uniform,Avg,0.2097232665749206,0.009789469670851,0.2664777714516528,0.0154636893259799,0.1994149242568613,0.0106071055469173,2.6305176538090707,0.2908647334141909,0.2835329648312615,0.008521383368304,,,,,,,,,,,,,,,,,,,,,
meta_llama_llama_3_8b,clinical_knowledge,random,mmlu:clinical_knowledge,meta_llama_llama_3_8b,400.0,random_uniform,BayPIRE,0.017032635916169,0.005240437941723,0.0203689262173561,0.005601841937377,0.0142823080836123,0.0067983983718296,0.3312785941413749,0.0082216360004909,0.0970343273637316,0.0035998317993631,1.0,1.0,0.0,0.156807601728791,0.0155238203065338,0.1567264078947611,0.0155912458582214,1.0,0.0,0.1686971698113207,0.0141845953883512,0.1685141509433962,0.0136599706974113,1.0,0.0,0.0761000584994654,0.0023117085462184,1.0,0.0,0.0763074528301886,0.0024712664437337
meta_llama_llama_3_8b,clinical_knowledge,random,mmlu:clinical_knowledge,meta_llama_llama_3_8b,400.0,random_uniform,PE-Rasch,0.1146577707886834,0.0077174611579845,0.1579126375357995,0.0117214043452736,0.1037718279148933,0.007844861978061,0.4883803172580442,0.0241742505804592,0.1372899241093026,0.0066136240730738,1.0,,,,,,,,,,,,,,,,,,,,
meta_llama_llama_3_8b,clinical_knowledge,random,mmlu:clinical_knowledge,meta_llama_llama_3_8b,800.0,random_uniform,Avg,0.134446616741734,0.011774033288611,0.1705587056030306,0.0167714769005858,0.1248875255739303,0.0113518627262577,1.093956516140065,0.1616298434889654,0.2413944229696413,0.0060624849911231,,,,,,,,,,,,,,,,,,,,,
meta_llama_llama_3_8b,clinical_knowledge,random,mmlu:clinical_knowledge,meta_llama_llama_3_8b,800.0,random_uniform,BayPIRE,0.0141971335138245,0.0030043421200035,0.0173828446469609,0.0031226823291613,0.0116748389450794,0.003751896050669,0.230105275289156,0.006415996305975,0.0629881115361593,0.0031877733091086,1.0,0.974,0.0259058123036339,0.0852605046449344,0.0141761406527074,0.0850964494927682,0.0142901757880645,0.996,0.0096609178307929,0.1007352830188678,0.0126025288288661,0.1000141509433962,0.0121198177216796,1.0,0.0,0.042388160381762,0.001827807542578,1.0,0.0,0.0426264150943397,0.0020585058905247
meta_llama_llama_3_8b,clinical_knowledge,random,mmlu:clinical_knowledge,meta_llama_llama_3_8b,800.0,random_uniform,PE-Rasch,0.0697700743552697,0.0085730129749243,0.101172029797466,0.0111747017377319,0.0593035236326555,0.0074667868973819,0.3601325118104845,0.0199105292377146,0.090025375666051,0.0048518883346536,1.0,,,,,,,,,,,,,,,,,,,,
meta_llama_llama_3_8b,clinical_knowledge,random,mmlu:clinical_knowledge,meta_llama_llama_3_8b,1600.0,random_uniform,Avg,0.0893151988242888,0.0051168306951401,0.1115766221212574,0.0058096563722079,0.0783415362583556,0.0054637194967826,0.692535393357246,0.0491182802736872,0.224365101292479,0.0014281770129893,,,,,,,,,,,,,,,,,,,,,
meta_llama_llama_3_8b,clinical_knowledge,random,mmlu:clinical_knowledge,meta_llama_llama_3_8b,1600.0,random_uniform,BayPIRE,0.0112725379639066,0.0007208585926792,0.0141478562287033,0.000832325876009,0.0082409624406068,0.0010948155472946,0.1734375315173122,0.0058250058844519,0.0478857395638746,0.0016613977139403,0.9,0.924,0.0309838667696593,0.0524420010890357,0.0060400069915295,0.0524796632437537,0.0060500889588198,0.991,0.0099442892601175,0.0722466037735848,0.0043598264808089,0.0724622641509433,0.0042823792686387,1.0,0.0,0.0229280656044571,0.0008235839736287,1.0,0.0,0.023629716981132,0.0007470679273758
meta_llama_llama_3_8b,clinical_knowledge,random,mmlu:clinical_knowledge,meta_llama_llama_3_8b,1600.0,random_uniform,PE-Rasch,0.0450292494223096,0.0036408187411904,0.059498234145662,0.0050379016981073,0.0349771273818927,0.0040080525319031,0.2432876232384674,0.0198099246541192,0.0628932625550321,0.0039483360148046,1.0,,,,,,,,,,,,,,,,,,,,
meta_llama_llama_3_8b,college_biology,balanced,mmlu:college_biology,meta_llama_llama_3_8b,200.0,two_way_balanced,Avg,0.2784166607105556,0.011924185771536,0.3015903355579269,0.0182109302957191,0.2609861051550001,0.0107874241635258,3.7291422650565913,0.3588636062929826,0.2865422497702817,0.0110995980142656,,,,,,,,,,,,,,,,,,,,,
meta_llama_llama_3_8b,college_biology,balanced,mmlu:college_biology,meta_llama_llama_3_8b,200.0,two_way_balanced,BayPIRE,0.0240549488207443,0.0054074331530875,0.0294551456681376,0.0064748740218981,0.0168994374470558,0.0054188448264502,0.3136599946911086,0.0207234117619516,0.0865326093310758,0.008366569455601,1.0,1.0,0.0,0.2480552482423767,0.0486484196261634,0.2461215347283233,0.0458564211685956,1.0,0.0,0.2645677083333332,0.046601403808506,0.262517361111111,0.043630456073818,1.0,0.0,0.0896533224168222,0.0048854533234607,1.0,0.0,0.0906545138888886,0.0043128217230295
meta_llama_llama_3_8b,college_biology,balanced,mmlu:college_biology,meta_llama_llama_3_8b,200.0,two_way_balanced,PE-Rasch,0.1104194293565357,0.0196750270396069,0.1468164917643293,0.0233942495214886,0.0925522215662511,0.0192844935883174,0.379139780521131,0.0483126894440897,0.1050355545726814,0.0144518276752904,1.0,,,,,,,,,,,,,,,,,,,,
meta_llama_llama_3_8b,college_biology,balanced,mmlu:college_biology,meta_llama_llama_3_8b,400.0,two_way_balanced,Avg,0.16226388605,0.0115896282272587,0.2152627194281829,0.01585336316461,0.1446666638277777,0.0117350287662282,1.9446664706319725,0.1815682753048646,0.2419089269588571,0.0072145185974883,,,,,,,,,,,,,,,,,,,,,
meta_llama_llama_3_8b,college_biology,balanced,mmlu:college_biology,meta_llama_llama_3_8b,400.0,two_way_balanced,BayPIRE,0.0204139625104266,0.0017364852736652,0.0244986062188435,0.0025372505248759,0.0170620192956518,0.0023975060532238,0.2079559482485514,0.008132449410413,0.05465888971734,0.0032727195658922,1.0,0.973,0.024517567397911,0.1100075261792972,0.0209960366860703,0.1098863716563302,0.020720117955103,0.998,0.0063245553203367,0.1334656249999999,0.0185615299802145,0.1340364583333332,0.0191014502369373,1.0,0.0,0.0488059002022716,0.0025270182823458,1.0,0.0,0.0491717013888889,0.0022574810096398
meta_llama_llama_3_8b,college_biology,balanced,mmlu:college_biology,meta_llama_llama_3_8b,400.0,two_way_balanced,PE-Rasch,0.0610283208857136,0.0118936090278517,0.0956976644036269,0.0233432250282113,0.0420144622134925,0.0128038732327002,0.3128891489915703,0.0415902599614504,0.0792813941020583,0.0132276771791265,1.0,,,,,,,,,,,,,,,,,,,,
meta_llama_llama_3_8b,college_biology,balanced,mmlu:college_biology,meta_llama_llama_3_8b,800.0,two_way_balanced,Avg,0.1212638881994444,0.0071642527090022,0.150701357765104,0.0062918101003839,0.1029861104216666,0.0083977065460838,0.9514472448276092,0.0671643732130702,0.2180477937155882,0.0021052105792207,,,,,,,,,,,,,,,,,,,,,
meta_llama_llama_3_8b,college_biology,balanced,mmlu:college_biology,meta_llama_llama_3_8b,800.0,two_way_balanced,BayPIRE,0.0188897377939376,0.0005870394659131,0.0225125904527811,0.0008763764782668,0.0154837883239613,0.0007232243241305,0.1665884143345677,0.0046073598272444,0.0455321736136078,0.0015366067649387,1.0,0.853,0.0535516365555505,0.0685808112753186,0.0068163203255311,0.068515342846266,0.0068137879008296,0.988,0.0122927259430572,0.0965619791666666,0.0057956082388076,0.0965277777777777,0.0060805210817424,1.0,0.0,0.0294597662909287,0.0012500536699534,1.0,0.0,0.0304602430555555,0.001309421311335
meta_llama_llama_3_8b,college_biology,balanced,mmlu:college_biology,meta_llama_llama_3_8b,800.0,two_way_balanced,PE-Rasch,0.0520041722786496,0.005731578963098,0.0726517430888515,0.0059421235970167,0.0341264971582702,0.0070589901202281,0.2656814051294294,0.0158085130425972,0.0652135263826207,0.003956340408474,1.0,,,,,,,,,,,,,,,,,,,,
meta_llama_llama_3_8b,college_biology,balanced,mmlu:college_biology,meta_llama_llama_3_8b,1600.0,two_way_balanced,Avg,0.0825555555111111,0.0069766843690974,0.1031628091910146,0.008202965459035,0.0654305555111111,0.0069512157760662,0.6337511852085418,0.0411966777218069,0.2060058593475,0.0021608012725346,,,,,,,,,,,,,,,,,,,,,
meta_llama_llama_3_8b,college_biology,balanced,mmlu:college_biology,meta_llama_llama_3_8b,1600.0,two_way_balanced,BayPIRE,0.0178781349944299,0.0005481044905844,0.021431420885894,0.0008703917715673,0.014282853776542,0.0009089785717359,0.1481538986318163,0.0036527269932773,0.0420247754207618,0.0011949271112928,1.0,0.728,0.0937846232361977,0.0495893948705141,0.005985680892938,0.0494040794782337,0.0059137699099524,0.971,0.0110050493461461,0.0798090277777777,0.003251939871461,0.0798784722222222,0.0036421111952181,0.9,0.3162277660168379,0.0184222106213995,0.0005576890975229,1.0,0.0,0.0194335069444444,0.0005875139828929
meta_llama_llama_3_8b,college_biology,balanced,mmlu:college_biology,meta_llama_llama_3_8b,1600.0,two_way_balanced,PE-Rasch,0.0385118398155041,0.0026335027731998,0.0504270821785651,0.003623856505416,0.0239196963536791,0.0039673345404177,0.1993633218676512,0.0151678115636527,0.0535799251160613,0.0028928454766929,1.0,,,,,,,,,,,,,,,,,,,,
meta_llama_llama_3_8b,college_biology,random,mmlu:college_biology,meta_llama_llama_3_8b,200.0,random_uniform,Avg,0.2546984865028671,0.0134872150374701,0.3168375070807229,0.0163011881859691,0.2367112642806449,0.0145105688412834,3.888973823025009,0.373478686787494,0.2959077427954441,0.0106053459139374,,,,,,,,,,,,,,,,,,,,,
meta_llama_llama_3_8b,college_biology,random,mmlu:college_biology,meta_llama_llama_3_8b,200.0,random_uniform,BayPIRE,0.0331784602375863,0.0145001619037821,0.0384424497403462,0.0141434636261394,0.0304563914052818,0.0164044387931735,0.3473809130088139,0.0295608894330787,0.1024520680513708,0.0127199636300289,1.0,0.986,0.0343834585552736,0.1949418084284147,0.0210981323419926,0.1946019488339139,0.0208975437141329,0.998,0.0063245553203367,0.2141218749999998,0.020025194610819,0.2146006944444444,0.0189906891059666,0.9,0.3162277660168379,0.1050471957372642,0.0052516846988115,0.9,0.3162277660168379,0.1059138888888888,0.0053014481360721
meta_llama_llama_3_8b,college_biology,random,mmlu:college_biology,meta_llama_llama_3_8b,200.0,random_uniform,PE-Rasch,0.1168802216184942,0.0162645193364192,0.1548085036677669,0.0188423922672368,0.0981638897171141,0.0163262562929334,0.4547564735128419,0.0499035220591557,0.1332652215792104,0.0128213269402232,1.0,,,,,,,,,,,,,,,,,,,,
meta_llama_llama_3_8b,college_biology,random,mmlu:college_biology,meta_llama_llama_3_8b,400.0,random_uniform,Avg,0.1939735822260858,0.0119173015423167,0.2443187714798929,0.0183884899456331,0.1756047727022763,0.0139540377631336,2.519937411401955,0.2917966968950834,0.2558513229861164,0.0093908913327895,,,,,,,,,,,,,,,,,,,,,
meta_llama_llama_3_8b,college_biology,random,mmlu:college_biology,meta_llama_llama_3_8b,400.0,random_uniform,BayPIRE,0.022204084855668,0.0031420793864236,0.0272216271301009,0.0042425741680948,0.018222064618177,0.0046416003660973,0.2513393242522164,0.0121908794571584,0.070677417598719,0.0056003974410636,1.0,0.974,0.0386436713231718,0.1284543024977961,0.0232695881412287,0.1282164755758132,0.0232688173048351,0.994,0.0107496769977314,0.1504432291666665,0.0216700008200317,0.1507204861111109,0.0215070017012166,1.0,0.0,0.0630532800599106,0.0033374185888468,1.0,0.0,0.0638265624999999,0.0034760188011185
meta_llama_llama_3_8b,college_biology,random,mmlu:college_biology,meta_llama_llama_3_8b,400.0,random_uniform,PE-Rasch,0.0795987063054864,0.017862181645748,0.1266795739171673,0.0285335967765307,0.06160461567693,0.017506770012326,0.3974044324900795,0.0506843082575015,0.1036264317583415,0.0126720090142295,1.0,,,,,,,,,,,,,,,,,,,,
meta_llama_llama_3_8b,college_biology,random,mmlu:college_biology,meta_llama_llama_3_8b,800.0,random_uniform,Avg,0.1322745438811136,0.007448451484181,0.1658014392621135,0.0136448286196876,0.1152296304612002,0.0088416655927559,1.1943582866427402,0.1760299665653169,0.2233204417533142,0.0048939947203094,,,,,,,,,,,,,,,,,,,,,
meta_llama_llama_3_8b,college_biology,random,mmlu:college_biology,meta_llama_llama_3_8b,800.0,random_uniform,BayPIRE,0.0187264334809907,0.0009401858972575,0.0225610751054054,0.0010426687631316,0.0145218053287942,0.0013118729698154,0.1740920119579806,0.0054719586994607,0.0470601597474766,0.0017365459134909,1.0,0.929,0.0484079883214881,0.0850885956801753,0.0133773586713031,0.0853052929482758,0.0133065397580256,0.995,0.0070710678118654,0.1102022569444443,0.0100764841176364,0.111111111111111,0.0098209275164798,1.0,0.0,0.035174608139396,0.0011067835132003,1.0,0.0,0.0359633680555555,0.001060881943558
meta_llama_llama_3_8b,college_biology,random,mmlu:college_biology,meta_llama_llama_3_8b,800.0,random_uniform,PE-Rasch,0.0613494070599158,0.003935615708288,0.0884689577247394,0.0096851814847568,0.0446165516659296,0.0025246306333261,0.2974248197575174,0.0193770789035861,0.0731315602930343,0.0040635703416912,1.0,,,,,,,,,,,,,,,,,,,,
meta_llama_llama_3_8b,college_biology,random,mmlu:college_biology,meta_llama_llama_3_8b,1600.0,random_uniform,Avg,0.0831573234280584,0.0092635777191177,0.1036671141520566,0.0107970368317563,0.0659951849267249,0.008777091291688,0.658095370495017,0.0361393635423557,0.2062509312829004,0.0026729977770567,,,,,,,,,,,,,,,,,,,,,
meta_llama_llama_3_8b,college_biology,random,mmlu:college_biology,meta_llama_llama_3_8b,1600.0,random_uniform,BayPIRE,0.0170586928615881,0.0012125015742803,0.0206190523044815,0.0015306131203513,0.0127777478176299,0.0021567565515128,0.1503436650794632,0.0047064811971989,0.0428547861305364,0.0013810023801737,0.9,0.828,0.0995322393331259,0.0600874163966774,0.0140957275667425,0.0602064724235002,0.0140420958214248,0.983,0.0235937844922485,0.087206423611111,0.0098875600111643,0.0875,0.0093742855237577,1.0,0.0,0.0200560464364904,0.0009121313994973,1.0,0.0,0.0210921874999999,0.0007736878738554
meta_llama_llama_3_8b,college_biology,random,mmlu:college_biology,meta_llama_llama_3_8b,1600.0,random_uniform,PE-Rasch,0.038382321766391,0.0026076719037975,0.0503608397390536,0.0038830608960122,0.024673323891988,0.0030972654306886,0.2051393064767027,0.0147347086774191,0.054720114170763,0.0019048136538849,1.0,,,,,,,,,,,,,,,,,,,,
meta_llama_llama_3_8b,college_chemistry,balanced,mmlu:college_chemistry,meta_llama_llama_3_8b,200.0,two_way_balanced,Avg,0.278939995051,0.0100243257178658,0.3448000797728299,0.009882663983305,0.254799995051,0.0100338314096859,4.798657002977963,0.2293913334174972,0.3656275461828572,0.0070390514857696,,,,,,,,,,,,,,,,,,,,,
meta_llama_llama_3_8b,college_chemistry,balanced,mmlu:college_chemistry,meta_llama_llama_3_8b,200.0,two_way_balanced,BayPIRE,0.0289699084476333,0.0011153836868934,0.0355663207278484,0.0014366649938341,0.0213290180632232,0.0019252490396023,0.3377790550929412,0.0166190733909643,0.0959055947778273,0.0066051778205094,1.0,0.997,0.0048304589153964,0.2186315844392097,0.023718517069341,0.2181745391529927,0.0237479991279946,1.0,0.0,0.2456439999999999,0.0215535326506404,0.247,0.0200277585143997,1.0,0.0,0.0874160973474103,0.0039579929209444,1.0,0.0,0.0884099999999999,0.0043478527586742
meta_llama_llama_3_8b,college_chemistry,balanced,mmlu:college_chemistry,meta_llama_llama_3_8b,200.0,two_way_balanced,PE-Rasch,0.1194507729078144,0.0136945477480223,0.1579352832823038,0.0152331032819965,0.0898186009449275,0.0140557872700813,0.5226099554319238,0.045595488475292,0.1399300617785628,0.0115494894067203,1.0,,,,,,,,,,,,,,,,,,,,
meta_llama_llama_3_8b,college_chemistry,balanced,mmlu:college_chemistry,meta_llama_llama_3_8b,400.0,two_way_balanced,Avg,0.2048999987424,0.0145752450699731,0.2427040530716711,0.015802304166989,0.1810399987424,0.0130299821926904,1.7574531525201398,0.2942726127056522,0.305822915486875,0.0085132059802405,,,,,,,,,,,,,,,,,,,,,
meta_llama_llama_3_8b,college_chemistry,balanced,mmlu:college_chemistry,meta_llama_llama_3_8b,400.0,two_way_balanced,BayPIRE,0.0292540114714424,0.0028130601343204,0.036040183676755,0.0032497800049322,0.0233523454709341,0.0039948558015928,0.2745440154686003,0.0059484015053065,0.0787406009278242,0.0018320560723338,1.0,0.918,0.049620784175809,0.135849390053978,0.0258889165690329,0.1358522591694996,0.0261042334898286,0.986,0.0189736659610102,0.1695657499999999,0.0211073088661118,0.169,0.0202484567313165,0.9,0.3162277660168379,0.0542744775513113,0.0024371973511176,0.9,0.3162277660168379,0.0553169999999999,0.0023706406775853
meta_llama_llama_3_8b,college_chemistry,balanced,mmlu:college_chemistry,meta_llama_llama_3_8b,400.0,two_way_balanced,PE-Rasch,0.0906498845464559,0.0140556315727127,0.1262049546975326,0.014383081800866,0.0633073282466115,0.0128091340568859,0.5065111516064791,0.045010021167441,0.1213907803076357,0.0108889104341973,1.0,,,,,,,,,,,,,,,,,,,,
meta_llama_llama_3_8b,college_chemistry,balanced,mmlu:college_chemistry,meta_llama_llama_3_8b,800.0,two_way_balanced,Avg,0.1338249998804,0.0112965641233538,0.1681663712170568,0.0110903610725228,0.1121349998804,0.0098478720041129,0.8454105429596369,0.0732451519438124,0.2751324727152174,0.0043370401380045,,,,,,,,,,,,,,,,,,,,,
meta_llama_llama_3_8b,college_chemistry,balanced,mmlu:college_chemistry,meta_llama_llama_3_8b,800.0,two_way_balanced,BayPIRE,0.0266141592183943,0.0014568044229185,0.0324707947338244,0.0018410396151975,0.0200259085603266,0.0027695559742204,0.240314733489926,0.0062966790552872,0.0711880358239653,0.0013524115090872,1.0,0.85,0.0791622805802527,0.096338378298127,0.0150410855293088,0.0964442469674274,0.015047718204056,0.974,0.0126491106406735,0.1345869999999999,0.0121150327761284,0.1359999999999999,0.0117378779077726,0.9,0.3162277660168379,0.0337929496873243,0.0017120495022732,0.9,0.3162277660168379,0.0354229999999999,0.0015963625319247
meta_llama_llama_3_8b,college_chemistry,balanced,mmlu:college_chemistry,meta_llama_llama_3_8b,800.0,two_way_balanced,PE-Rasch,0.0741580432976316,0.0063654986856972,0.0949525562042055,0.0092133146143516,0.0517136415647089,0.0062316663041468,0.4158395139852122,0.0253709413699881,0.1033773856782775,0.0047593509647898,1.0,,,,,,,,,,,,,,,,,,,,
meta_llama_llama_3_8b,college_chemistry,balanced,mmlu:college_chemistry,meta_llama_llama_3_8b,1600.0,two_way_balanced,Avg,0.0882775,0.0077859511122419,0.1097626744409754,0.0094169793201449,0.0636325,0.008977974978926,0.7143671537199664,0.0068978982850219,0.2584920014880952,0.0029384871873741,,,,,,,,,,,,,,,,,,,,,
meta_llama_llama_3_8b,college_chemistry,balanced,mmlu:college_chemistry,meta_llama_llama_3_8b,1600.0,two_way_balanced,BayPIRE,0.0245567227351331,0.0017097847648394,0.0300735557704324,0.0019266825535026,0.0157941814644825,0.0030982993154369,0.2191340733754732,0.0025016113145481,0.0667281077707516,0.0007853732962078,1.0,0.76,0.1346600658448276,0.0760371747887594,0.016072414822618,0.07605404196235,0.0160336502767143,0.962,0.0322490309931941,0.1167134999999999,0.0100275360604908,0.116,0.0107496769977313,0.9,0.3162277660168379,0.0212252317933041,0.0006198255516073,1.0,0.0,0.0231027499999999,0.0005991712447668
meta_llama_llama_3_8b,college_chemistry,balanced,mmlu:college_chemistry,meta_llama_llama_3_8b,1600.0,two_way_balanced,PE-Rasch,0.0499544965453922,0.0040008933728428,0.0636336069456051,0.0052787733123898,0.0297598824603638,0.0050474179716612,0.2776043334159193,0.0117883728474111,0.0807413112164548,0.0021514974176448,1.0,,,,,,,,,,,,,,,,,,,,
meta_llama_llama_3_8b,college_chemistry,random,mmlu:college_chemistry,meta_llama_llama_3_8b,200.0,random_uniform,Avg,0.2751666620984667,0.015802841612899,0.3400819423736206,0.0142608567956776,0.2481166620984666,0.0167041907103039,4.491991653218536,0.3387499182046732,0.3620324105045578,0.0101158028299314,,,,,,,,,,,,,,,,,,,,,
meta_llama_llama_3_8b,college_chemistry,random,mmlu:college_chemistry,meta_llama_llama_3_8b,200.0,random_uniform,BayPIRE,0.0313894075208191,0.0025028372023003,0.0381968110326484,0.0032468995252701,0.0254971638555218,0.0039642682634168,0.3836360436803029,0.0157652577162456,0.1160654784348892,0.0067308779662039,1.0,0.994,0.0189736659610102,0.2169751159769118,0.0332368349578575,0.2173072574930351,0.0330140168802744,0.997,0.0094868329805051,0.2446197499999998,0.0306404069963631,0.2455124999999999,0.0296552207554682,1.0,0.0,0.1103068300592355,0.0068889576817724,1.0,0.0,0.1110097499999999,0.0070075529143362
meta_llama_llama_3_8b,college_chemistry,random,mmlu:college_chemistry,meta_llama_llama_3_8b,200.0,random_uniform,PE-Rasch,0.1152377919947972,0.0158999402350276,0.1531272014060431,0.0182285854688607,0.0861899397084397,0.0154317410544406,0.5638061593216537,0.0695302985290652,0.1572541075238064,0.0182475589688068,1.0,,,,,,,,,,,,,,,,,,,,
meta_llama_llama_3_8b,college_chemistry,random,mmlu:college_chemistry,meta_llama_llama_3_8b,400.0,random_uniform,Avg,0.2184194782463805,0.0101776604957922,0.2734221103714417,0.0100410186935235,0.1930347163416186,0.0092953321864152,2.641963089736214,0.1621325050145398,0.3221962541126061,0.005837028658141,,,,,,,,,,,,,,,,,,,,,
meta_llama_llama_3_8b,college_chemistry,random,mmlu:college_chemistry,meta_llama_llama_3_8b,400.0,random_uniform,BayPIRE,0.0291385638750149,0.0024776026215214,0.0357618296733293,0.0034240920210018,0.0231328563341156,0.0034598703945107,0.2889276817948662,0.0102306672567255,0.0845727986607926,0.0036368085832638,1.0,0.943,0.0586988548061676,0.145053744119163,0.0219471600510022,0.1454761377407607,0.022179145693772,0.994,0.0189736659610102,0.1784207499999999,0.0181479281435313,0.1790124999999999,0.0196787083544627,1.0,0.0,0.0664139956217113,0.0027335368539409,1.0,0.0,0.0672589999999999,0.0029084768827992
meta_llama_llama_3_8b,college_chemistry,random,mmlu:college_chemistry,meta_llama_llama_3_8b,400.0,random_uniform,PE-Rasch,0.0990370296512407,0.0092966617642272,0.1351846709316232,0.011022829142605,0.0725920746839042,0.0091618560936142,0.5325363152310347,0.037946866710987,0.1315022692002947,0.0078052468915743,1.0,,,,,,,,,,,,,,,,,,,,
meta_llama_llama_3_8b,college_chemistry,random,mmlu:college_chemistry,meta_llama_llama_3_8b,800.0,random_uniform,Avg,0.1372873812397453,0.0062879530229374,0.1767416474049459,0.0077616553156064,0.11251326591063,0.0050166455080737,1.0523480777153211,0.1209410691259008,0.278056631951207,0.0028845864552922,,,,,,,,,,,,,,,,,,,,,
meta_llama_llama_3_8b,college_chemistry,random,mmlu:college_chemistry,meta_llama_llama_3_8b,800.0,random_uniform,BayPIRE,0.0275995600748476,0.0013711465880395,0.0338684105742032,0.0020991432955527,0.0206778773236093,0.0027654937464023,0.2408662051477548,0.0046399912829999,0.07104382936201,0.0015335229889077,1.0,0.833,0.0725794583734115,0.0972033288019017,0.0153082774736894,0.0977251728668937,0.0155456037451188,0.966,0.0267498701969851,0.1361332499999999,0.0114931804085195,0.1360249999999999,0.0108118055332531,0.9,0.3162277660168379,0.0377741634635622,0.0019477615350909,0.9,0.3162277660168379,0.0392124999999999,0.0020251632307325
meta_llama_llama_3_8b,college_chemistry,random,mmlu:college_chemistry,meta_llama_llama_3_8b,800.0,random_uniform,PE-Rasch,0.0744999322865444,0.0081704485251668,0.096327710013373,0.0078537198133061,0.0501819437341449,0.0075735487896682,0.3919917878801237,0.0342624710378922,0.1006297915182136,0.0076565666654462,1.0,,,,,,,,,,,,,,,,,,,,
meta_llama_llama_3_8b,college_chemistry,random,mmlu:college_chemistry,meta_llama_llama_3_8b,1600.0,random_uniform,Avg,0.090305379157269,0.0068217927830977,0.1153900985947588,0.0088646593703136,0.0678676620489933,0.0063370614896928,0.7195069745130236,0.0078093540596243,0.2602018701867455,0.0028540409272624,,,,,,,,,,,,,,,,,,,,,
meta_llama_llama_3_8b,college_chemistry,random,mmlu:college_chemistry,meta_llama_llama_3_8b,1600.0,random_uniform,BayPIRE,0.0249197911444239,0.0012448858133853,0.0307068438505737,0.0018920452468124,0.0170229878581405,0.0018963016445665,0.2199611014789528,0.0051230887105389,0.0669402727352982,0.0016719426321587,1.0,0.73,0.0860232526704262,0.0714987703739244,0.0131618442337125,0.0714793372829793,0.0126177024467905,0.954,0.0201108041719977,0.1150249999999999,0.0075048091063145,0.1149999999999999,0.0084983658559879,1.0,0.0,0.0227985688516115,0.0006996251283307,1.0,0.0,0.0248324999999999,0.0007180635610987
meta_llama_llama_3_8b,college_chemistry,random,mmlu:college_chemistry,meta_llama_llama_3_8b,1600.0,random_uniform,PE-Rasch,0.0520328094244435,0.0044206545042905,0.0674558254419383,0.005918655829467,0.0310673796343736,0.0043961350729209,0.2832139586161605,0.0241062678985016,0.0826514210639901,0.0047288207248405,1.0,,,,,,,,,,,,,,,,,,,,
meta_llama_llama_3_8b,college_computer_science,balanced,mmlu:college_computer_science,meta_llama_llama_3_8b,200.0,two_way_balanced,Avg,0.2666399949236,0.0261582868584544,0.3568794984939399,0.0194655972672572,0.2445999949236,0.0258152404281708,5.153548517174673,0.4787414956152538,0.3821326478285715,0.0141433375740509,,,,,,,,,,,,,,,,,,,,,
meta_llama_llama_3_8b,college_computer_science,balanced,mmlu:college_computer_science,meta_llama_llama_3_8b,200.0,two_way_balanced,BayPIRE,0.0259282353409808,0.0047180985884217,0.0326223679885235,0.0048403360408241,0.0174811614192438,0.0079544190915937,0.363195151297132,0.020965945092877,0.1051454915672804,0.0082508626620096,1.0,0.996,0.0096609178307929,0.2471792381854509,0.0409845182611871,0.2471711286049242,0.0409471581960914,1.0,0.0,0.2725317499999998,0.0377497791393465,0.2710499999999998,0.0375116278268784,1.0,0.0,0.0893615698494605,0.0036437758247877,1.0,0.0,0.0900484999999999,0.003752220305662
meta_llama_llama_3_8b,college_computer_science,balanced,mmlu:college_computer_science,meta_llama_llama_3_8b,200.0,two_way_balanced,PE-Rasch,0.1329747831252037,0.0168639525115555,0.1677693541852873,0.0170494742813756,0.1118728714806489,0.0176180195202872,0.5688579603540441,0.0582264422245012,0.153611311431492,0.0146512358493749,1.0,,,,,,,,,,,,,,,,,,,,
meta_llama_llama_3_8b,college_computer_science,balanced,mmlu:college_computer_science,meta_llama_llama_3_8b,400.0,two_way_balanced,Avg,0.1872099988768,0.0209420068072544,0.242843824672204,0.0226905682988392,0.1633699988767999,0.0205182326470907,1.803036447270676,0.4696416407039901,0.3135624987870833,0.0123389797395085,,,,,,,,,,,,,,,,,,,,,
meta_llama_llama_3_8b,college_computer_science,balanced,mmlu:college_computer_science,meta_llama_llama_3_8b,400.0,two_way_balanced,BayPIRE,0.0258133606315907,0.003426728852941,0.0320829674004095,0.0038709435583907,0.0167060028101031,0.0041784090736797,0.3001047680493122,0.0093517287944724,0.0869549278455311,0.0027686064956373,1.0,0.963,0.0397352348538282,0.1579655246224824,0.048300511949991,0.1581011254775892,0.0485039473114186,0.998,0.0042163702135578,0.1904882499999999,0.0424950264091444,0.1900249999999999,0.0432242939020793,1.0,0.0,0.0557929891047765,0.0026480260844503,1.0,0.0,0.0568747499999999,0.0027239568467172
meta_llama_llama_3_8b,college_computer_science,balanced,mmlu:college_computer_science,meta_llama_llama_3_8b,400.0,two_way_balanced,PE-Rasch,0.1000331877722987,0.0133427801077966,0.1370453068844582,0.0116848184620154,0.0776280864431148,0.0134338025702481,0.5820020166838125,0.0543127129390254,0.1364016457381567,0.0108861426244318,1.0,,,,,,,,,,,,,,,,,,,,
meta_llama_llama_3_8b,college_computer_science,balanced,mmlu:college_computer_science,meta_llama_llama_3_8b,800.0,two_way_balanced,Avg,0.1301399999816,0.0092093792719857,0.1610481963338755,0.0113640975304529,0.1075799999815999,0.0098394105545778,0.7790514106271406,0.0364123183919705,0.2797676630243478,0.0041867498422342,,,,,,,,,,,,,,,,,,,,,
meta_llama_llama_3_8b,college_computer_science,balanced,mmlu:college_computer_science,meta_llama_llama_3_8b,800.0,two_way_balanced,BayPIRE,0.0228806364123304,0.0018133558935749,0.0284491885054739,0.0022010295521004,0.0148896118447914,0.0030030600132169,0.2669845818438003,0.0043760991829495,0.0793498657084165,0.0013310792694435,1.0,0.907,0.061653151672166,0.1052351297736185,0.0190842917654456,0.1053141657456411,0.0191572664977603,0.99,0.0124721912892464,0.1452079999999999,0.0133530664809415,0.145,0.0143372087784043,1.0,0.0,0.035608943366849,0.0011579497351111,1.0,0.0,0.03701475,0.0011852604320007
meta_llama_llama_3_8b,college_computer_science,balanced,mmlu:college_computer_science,meta_llama_llama_3_8b,800.0,two_way_balanced,PE-Rasch,0.0790737248461098,0.007615479218994,0.1009566744693841,0.0092373872310767,0.0598543021198046,0.0079058950647487,0.4337609682056292,0.0265783741740996,0.1082948227364325,0.0041535961687523,1.0,,,,,,,,,,,,,,,,,,,,
meta_llama_llama_3_8b,college_computer_science,balanced,mmlu:college_computer_science,meta_llama_llama_3_8b,1600.0,two_way_balanced,Avg,0.0937025,0.0080874169238391,0.1169216873697794,0.0096846254217452,0.0756324999999999,0.0080338264890122,0.7331162203976465,0.0073799238516428,0.2682505580357143,0.0030933627827574,,,,,,,,,,,,,,,,,,,,,
meta_llama_llama_3_8b,college_computer_science,balanced,mmlu:college_computer_science,meta_llama_llama_3_8b,1600.0,two_way_balanced,BayPIRE,0.0213714556272114,0.001308394460674,0.0267922533419951,0.0010283475927403,0.0121058300519707,0.0029915645617954,0.2474690984660631,0.004484470876504,0.0756260892528092,0.0015449560025301,1.0,0.807,0.0939325999498221,0.0749582329584929,0.0158240406469239,0.0749305072477527,0.0158523770843362,0.976,0.0126491106406735,0.1196672499999999,0.0103550442921151,0.1190499999999999,0.0110358003284259,0.9,0.3162277660168379,0.0220946439632102,0.0007916120618586,0.9,0.3162277660168379,0.0239015,0.0006735088467619
meta_llama_llama_3_8b,college_computer_science,balanced,mmlu:college_computer_science,meta_llama_llama_3_8b,1600.0,two_way_balanced,PE-Rasch,0.0519703839705193,0.0036335394954,0.0658797723679076,0.0045217067058796,0.0351453205883744,0.0041813076110928,0.3084249260531476,0.0122267281413878,0.0905393637215147,0.0016780940605178,1.0,,,,,,,,,,,,,,,,,,,,
meta_llama_llama_3_8b,college_computer_science,random,mmlu:college_computer_science,meta_llama_llama_3_8b,200.0,random_uniform,Avg,0.2809349953836,0.0157757163741061,0.3534736467375167,0.0117762742670925,0.2579049953836,0.0151515347496084,4.778271557059804,0.2990680557754003,0.3789878552075283,0.0085276099594909,,,,,,,,,,,,,,,,,,,,,
meta_llama_llama_3_8b,college_computer_science,random,mmlu:college_computer_science,meta_llama_llama_3_8b,200.0,random_uniform,BayPIRE,0.0289143406146748,0.0053907806256897,0.0353073215927711,0.0057107559984063,0.021323718840795,0.0086920210562676,0.4086555691994449,0.0188264956487667,0.1252701566878434,0.0077846794760982,1.0,0.999,0.0031622776601683,0.2479406262371144,0.0415604449625802,0.2484151419102606,0.042451676704545,1.0,0.0,0.2744907499999999,0.0384094434830882,0.2740749999999997,0.0378140644763588,1.0,0.0,0.113740178610316,0.0053707936252317,1.0,0.0,0.1143347499999999,0.0047657135483576
meta_llama_llama_3_8b,college_computer_science,random,mmlu:college_computer_science,meta_llama_llama_3_8b,200.0,random_uniform,PE-Rasch,0.1270790706572391,0.0118913229944553,0.1662098168975989,0.0122435081276297,0.1034008288363588,0.0118715380962326,0.6358089285448,0.0482489049279941,0.1734206797104538,0.0120378500751481,1.0,,,,,,,,,,,,,,,,,,,,
meta_llama_llama_3_8b,college_computer_science,random,mmlu:college_computer_science,meta_llama_llama_3_8b,400.0,random_uniform,Avg,0.2274430170685195,0.0209757462571018,0.2877219087129593,0.0205288846695605,0.2029991281796306,0.0212693997242932,2.931133211235913,0.3954680117173076,0.3383839277983556,0.0126049848156828,,,,,,,,,,,,,,,,,,,,,
meta_llama_llama_3_8b,college_computer_science,random,mmlu:college_computer_science,meta_llama_llama_3_8b,400.0,random_uniform,BayPIRE,0.0262922706863888,0.0039017056347406,0.0329074040617486,0.0051758929566371,0.0184277612138964,0.0045392866632567,0.320516376240698,0.0123696384599263,0.0943695671161824,0.0047187909790443,1.0,0.972,0.0234757558155453,0.1702799873517975,0.053273544884909,0.1707415992435608,0.0537483882732416,0.996,0.0096609178307929,0.2012169999999999,0.0472122665145875,0.2020249999999999,0.0456423977483898,1.0,0.0,0.0674105571436904,0.0037007246891987,1.0,0.0,0.06805725,0.0032962127784103
meta_llama_llama_3_8b,college_computer_science,random,mmlu:college_computer_science,meta_llama_llama_3_8b,400.0,random_uniform,PE-Rasch,0.1045590204561236,0.0188973483659892,0.1441997129437079,0.017005322073765,0.0821609942470008,0.0198644136786362,0.5987189368454711,0.0692038432746621,0.1435821558261396,0.0152682937948036,1.0,,,,,,,,,,,,,,,,,,,,
meta_llama_llama_3_8b,college_computer_science,random,mmlu:college_computer_science,meta_llama_llama_3_8b,800.0,random_uniform,Avg,0.1456528352900522,0.0110978318634112,0.1828685294614051,0.0117544516026471,0.1235458267430437,0.0103707512414243,1.0212951982980556,0.0954081189321252,0.2881182378738403,0.0049772348464206,,,,,,,,,,,,,,,,,,,,,
meta_llama_llama_3_8b,college_computer_science,random,mmlu:college_computer_science,meta_llama_llama_3_8b,800.0,random_uniform,BayPIRE,0.0235181060605169,0.0031580483867705,0.0298716626822734,0.0036107923767783,0.0164463918086988,0.0049483975893485,0.2706618165321681,0.007091639116399,0.0801945381465627,0.0027778468512214,1.0,0.912,0.0364539283053128,0.1064912574024246,0.0165959097215225,0.1066466523134691,0.0168180822101578,0.982,0.0175119007154182,0.1465799999999999,0.0118531811834066,0.1460499999999997,0.0126340314231048,0.8,0.4216370213557839,0.0392470881318771,0.00204680695495,0.8,0.4216370213557839,0.0409535,0.0019474931179453
meta_llama_llama_3_8b,college_computer_science,random,mmlu:college_computer_science,meta_llama_llama_3_8b,800.0,random_uniform,PE-Rasch,0.0817026258178753,0.0095282479458721,0.1074997572613494,0.012971852770669,0.0627613594489393,0.0097918286222316,0.4452598031799596,0.045020963690998,0.113342118121605,0.0078403299403225,1.0,,,,,,,,,,,,,,,,,,,,
meta_llama_llama_3_8b,college_computer_science,random,mmlu:college_computer_science,meta_llama_llama_3_8b,1600.0,random_uniform,Avg,0.0951809564741673,0.0106274522598423,0.1205062869571491,0.0112976798696044,0.0750572936545831,0.0109771352843605,0.7454005357228357,0.0321295365336444,0.2691690243303055,0.0035627410057473,,,,,,,,,,,,,,,,,,,,,
meta_llama_llama_3_8b,college_computer_science,random,mmlu:college_computer_science,meta_llama_llama_3_8b,1600.0,random_uniform,BayPIRE,0.0209454659311931,0.0020047756940863,0.0267210843584931,0.0025415359016424,0.0130741519101324,0.0021356186640895,0.2464233605667301,0.0025669379177225,0.0747497405345823,0.0011039853760148,1.0,0.786,0.0691536132260797,0.0687790082297869,0.0098115879528297,0.0689912954006036,0.0101192911311141,0.978,0.0181352940116472,0.1170452499999999,0.0064904857130777,0.118,0.0078881063774661,0.9,0.3162277660168379,0.0234644197947445,0.0009433767702115,0.9,0.3162277660168379,0.02531225,0.0008155497889972
meta_llama_llama_3_8b,college_computer_science,random,mmlu:college_computer_science,meta_llama_llama_3_8b,1600.0,random_uniform,PE-Rasch,0.0524818454810126,0.0041011626801204,0.0678398371317233,0.0051355892693949,0.0352093855774838,0.0037598146155916,0.3013079159768613,0.0073998576241113,0.0884296695667032,0.0021164070069964,1.0,,,,,,,,,,,,,,,,,,,,
meta_llama_llama_3_8b,college_mathematics,balanced,mmlu:college_mathematics,meta_llama_llama_3_8b,200.0,two_way_balanced,Avg,0.288039994904,0.0213020180647624,0.3337853836945551,0.0216362165891335,0.2672999949039999,0.0218358007745547,4.504806871573785,0.5248768763403838,0.3464897913885714,0.0151568451570715,,,,,,,,,,,,,,,,,,,,,
meta_llama_llama_3_8b,college_mathematics,balanced,mmlu:college_mathematics,meta_llama_llama_3_8b,200.0,two_way_balanced,BayPIRE,0.0268741202879128,0.0066679197672011,0.0337274033334249,0.007275201716149,0.0197704766953875,0.0086609311249774,0.3776635587102007,0.0156841489784678,0.1125369879090753,0.006146507029493,1.0,0.994,0.0107496769977314,0.2369961749554757,0.0468334628293325,0.2362432350373954,0.0457901902150195,0.999,0.0031622776601683,0.2641084999999998,0.0431077425244648,0.2630499999999998,0.0432076382136307,1.0,0.0,0.0888484345164204,0.0039255761443443,1.0,0.0,0.0902497499999999,0.004176580115158
meta_llama_llama_3_8b,college_mathematics,balanced,mmlu:college_mathematics,meta_llama_llama_3_8b,200.0,two_way_balanced,PE-Rasch,0.1226618696337304,0.021851658989716,0.1622060897858693,0.0185789082745935,0.1010428469471299,0.0229120760384937,0.6145768092922006,0.0514626038904994,0.1612769522472417,0.0155027216249445,1.0,,,,,,,,,,,,,,,,,,,,
meta_llama_llama_3_8b,college_mathematics,balanced,mmlu:college_mathematics,meta_llama_llama_3_8b,400.0,two_way_balanced,Avg,0.2016999981856,0.0100349387247024,0.2397700853731859,0.0124411841354582,0.1834199981856,0.009300632910952,1.9980173903330976,0.2668679224576579,0.292531248476875,0.0064536737628663,,,,,,,,,,,,,,,,,,,,,
meta_llama_llama_3_8b,college_mathematics,balanced,mmlu:college_mathematics,meta_llama_llama_3_8b,400.0,two_way_balanced,BayPIRE,0.0254044426434327,0.0037338770009933,0.032144417679945,0.0055849674970629,0.0153029796381622,0.0032009739361835,0.3208905859829449,0.0118996910289708,0.09555222219487,0.0042823860262806,1.0,0.974,0.027968235951204,0.1746355498385896,0.0517439381029931,0.1745022292452752,0.0517265759500016,0.997,0.0048304589153964,0.2050269999999999,0.0466134974461975,0.205,0.0471993408616876,1.0,0.0,0.0558428635535546,0.0022322212808272,1.0,0.0,0.0572144999999999,0.001814746997977
meta_llama_llama_3_8b,college_mathematics,balanced,mmlu:college_mathematics,meta_llama_llama_3_8b,400.0,two_way_balanced,PE-Rasch,0.1041365417145391,0.0087413382935678,0.1424010087516706,0.0116500343663718,0.0840265429577501,0.0088248662390922,0.6481916672351442,0.0410383866690912,0.1478331358655494,0.0095382708771597,1.0,,,,,,,,,,,,,,,,,,,,
meta_llama_llama_3_8b,college_mathematics,balanced,mmlu:college_mathematics,meta_llama_llama_3_8b,800.0,two_way_balanced,Avg,0.1266549998344,0.0111729945047619,0.1573719269633538,0.0104722641113902,0.1065049998344,0.0126248091525384,0.8356599126638183,0.0831760429076712,0.2592683422497826,0.0038533497342033,,,,,,,,,,,,,,,,,,,,,
meta_llama_llama_3_8b,college_mathematics,balanced,mmlu:college_mathematics,meta_llama_llama_3_8b,800.0,two_way_balanced,BayPIRE,0.0223016623471922,0.001207189527419,0.0281433712330411,0.0016676034041412,0.014266761214519,0.001832927873191,0.2869273651753591,0.0044002351926798,0.0862239943012385,0.0013827935622736,1.0,0.897,0.0457165178026498,0.0986600597465443,0.009539800805419,0.0985584581768695,0.0097071175362582,0.991,0.0110050493461461,0.1414059999999999,0.0065965344647355,0.1420249999999999,0.0078461331594331,1.0,0.0,0.0361374314637527,0.0013308612694147,1.0,0.0,0.037766,0.0016288843318869
meta_llama_llama_3_8b,college_mathematics,balanced,mmlu:college_mathematics,meta_llama_llama_3_8b,800.0,two_way_balanced,PE-Rasch,0.0837216657346543,0.0056319464768908,0.1067142477912718,0.0074211531509194,0.0647463517300698,0.0066531712973615,0.4879893216761536,0.0293682776224824,0.1222090310922671,0.0030894807410424,1.0,,,,,,,,,,,,,,,,,,,,
meta_llama_llama_3_8b,college_mathematics,balanced,mmlu:college_mathematics,meta_llama_llama_3_8b,1600.0,two_way_balanced,Avg,0.0885224999748,0.0066478322593286,0.1115676936188247,0.0070656424918251,0.0694374999748,0.0052619869907426,0.7137633475751828,0.0302117753613514,0.2474421502733333,0.0021074090761498,,,,,,,,,,,,,,,,,,,,,
meta_llama_llama_3_8b,college_mathematics,balanced,mmlu:college_mathematics,meta_llama_llama_3_8b,1600.0,two_way_balanced,BayPIRE,0.0219677007559789,0.0016771174611375,0.0273032270744312,0.0016549820534096,0.011761949674125,0.0031596774254383,0.2682717352274164,0.0027342506846256,0.0823844015386099,0.0009673036055395,1.0,0.77,0.1003327796219493,0.0721847970201981,0.0156395601195506,0.0719952228628958,0.015716199227723,0.981,0.0159513148186738,0.1226034999999999,0.0091208739682359,0.122,0.0103279555898864,0.9,0.3162277660168379,0.0235243082762914,0.0006048637061583,1.0,0.0,0.0254822499999999,0.000710785412609
meta_llama_llama_3_8b,college_mathematics,balanced,mmlu:college_mathematics,meta_llama_llama_3_8b,1600.0,two_way_balanced,PE-Rasch,0.0560803346927012,0.0043619538524841,0.0708925623625401,0.0052934303708936,0.0380562911901338,0.0043181104120448,0.329535621158906,0.0078105839231586,0.0977761973955487,0.0013854945629488,1.0,,,,,,,,,,,,,,,,,,,,
meta_llama_llama_3_8b,college_mathematics,random,mmlu:college_mathematics,meta_llama_llama_3_8b,200.0,random_uniform,Avg,0.2793083284551333,0.0229734468534962,0.3419746387857044,0.0263384990390875,0.2585983284551333,0.0221394029346459,4.485723554099545,0.4815139128420447,0.3520683656952835,0.0185574693535122,,,,,,,,,,,,,,,,,,,,,
meta_llama_llama_3_8b,college_mathematics,random,mmlu:college_mathematics,meta_llama_llama_3_8b,200.0,random_uniform,BayPIRE,0.028251738866395,0.005476930838882,0.0349829057142197,0.0062508889867436,0.0218500374207226,0.0072825871278266,0.4187391182950478,0.0189900515604795,0.1290927851649381,0.0072907712494372,1.0,0.998,0.0042163702135578,0.2409285022486168,0.030636674317722,0.2411976514223676,0.0309190659771181,1.0,0.0,0.2680187499999998,0.02902224956463,0.2675624999999998,0.0292251348490376,1.0,0.0,0.1119507956303514,0.0070310963149995,1.0,0.0,0.1120794999999999,0.0068310155418746
meta_llama_llama_3_8b,college_mathematics,random,mmlu:college_mathematics,meta_llama_llama_3_8b,200.0,random_uniform,PE-Rasch,0.1284450861664775,0.0221180032330349,0.1734886131861423,0.0251425733856349,0.107200903089839,0.0222511928682648,0.6804156124734261,0.0521993648896343,0.180283030365045,0.0130451603007343,1.0,,,,,,,,,,,,,,,,,,,,
meta_llama_llama_3_8b,college_mathematics,random,mmlu:college_mathematics,meta_llama_llama_3_8b,400.0,random_uniform,Avg,0.2104931394643421,0.0110934242693932,0.2658988115760208,0.0130571270138769,0.1915200442262468,0.0120793337823673,2.6991373957120537,0.3391874832271263,0.306209672668172,0.0074551067636012,,,,,,,,,,,,,,,,,,,,,
meta_llama_llama_3_8b,college_mathematics,random,mmlu:college_mathematics,meta_llama_llama_3_8b,400.0,random_uniform,BayPIRE,0.0254253869180639,0.0031060477874847,0.0312858511192237,0.003154363953193,0.0186518105536606,0.0041729999501826,0.3421447473422819,0.0138547676014121,0.1039048826621661,0.0045988298695757,1.0,0.978,0.0220100986922922,0.1566188706845068,0.0229494779476971,0.1565655355077141,0.022726569059402,0.997,0.0067494855771055,0.1894377499999999,0.018333144750924,0.189,0.0191195071995999,1.0,0.0,0.0662111921289447,0.0029234756003879,1.0,0.0,0.0673467499999999,0.0029935152250786
meta_llama_llama_3_8b,college_mathematics,random,mmlu:college_mathematics,meta_llama_llama_3_8b,400.0,random_uniform,PE-Rasch,0.1005845735643646,0.0056037907198365,0.1388521697121603,0.0096653702222066,0.0787028405159421,0.0067431476366126,0.6523980061089847,0.0568637835381138,0.1524088762869407,0.0070629791834995,1.0,,,,,,,,,,,,,,,,,,,,
meta_llama_llama_3_8b,college_mathematics,random,mmlu:college_mathematics,meta_llama_llama_3_8b,800.0,random_uniform,Avg,0.1401507665970227,0.0101446392319444,0.1803658404472366,0.0098446082598211,0.1208353904045877,0.009487795218848,1.0621083665414424,0.1493953888957008,0.2678845304151253,0.0040327827234609,,,,,,,,,,,,,,,,,,,,,
meta_llama_llama_3_8b,college_mathematics,random,mmlu:college_mathematics,meta_llama_llama_3_8b,800.0,random_uniform,BayPIRE,0.0223185632805402,0.0010296195215135,0.0285065569594088,0.001183882477465,0.0144428345244883,0.0021578034268889,0.2927932447662341,0.0075074627479958,0.0886115210190913,0.0024302529211102,1.0,0.91,0.025819888974716,0.1027091670221037,0.0103216904794993,0.102812135963306,0.0101440016804692,0.989,0.0099442892601175,0.1466672499999999,0.0077912883553434,0.148,0.0063245553203367,1.0,0.0,0.0403321419675963,0.0016698642010473,1.0,0.0,0.041394,0.0022148219767937
meta_llama_llama_3_8b,college_mathematics,random,mmlu:college_mathematics,meta_llama_llama_3_8b,800.0,random_uniform,PE-Rasch,0.0835782616136356,0.0070086654686308,0.1095301884355799,0.0116111346347582,0.0648613320680943,0.0049720213140705,0.4675524985620006,0.0381405431346248,0.1216168767500652,0.0067668788575066,1.0,,,,,,,,,,,,,,,,,,,,
meta_llama_llama_3_8b,college_mathematics,random,mmlu:college_mathematics,meta_llama_llama_3_8b,1600.0,random_uniform,Avg,0.0886073226803926,0.0064376199339186,0.1138447187250198,0.0098316752613659,0.0708951167987494,0.006223941928615,0.7217076578662189,0.0400062271367148,0.2476981795485064,0.0030854224972813,,,,,,,,,,,,,,,,,,,,,
meta_llama_llama_3_8b,college_mathematics,random,mmlu:college_mathematics,meta_llama_llama_3_8b,1600.0,random_uniform,BayPIRE,0.0211469886761938,0.001068553981536,0.0268133476078907,0.0010389205749269,0.0120328270331343,0.0033319576620746,0.2722325640715796,0.0061126860684856,0.0832057713928627,0.0015166998134274,1.0,0.8039999999999999,0.0763326055278258,0.0720093680876196,0.0169475365116302,0.0721230403887491,0.0171161646113914,0.98,0.0169967317119759,0.1220322499999999,0.0104139726816373,0.1210499999999998,0.0088134997462855,1.0,0.0,0.0240205964898326,0.0011934285425431,1.0,0.0,0.0258635,0.0012403797581565
meta_llama_llama_3_8b,college_mathematics,random,mmlu:college_mathematics,meta_llama_llama_3_8b,1600.0,random_uniform,PE-Rasch,0.055661476999832,0.0033274083198008,0.0719836418285217,0.0042305172212946,0.0390690340229219,0.0035728312327226,0.3436652416777864,0.0120077547330801,0.0999643888565545,0.0023920954482694,1.0,,,,,,,,,,,,,,,,,,,,
meta_llama_llama_3_8b,college_physics,balanced,mmlu:college_physics,meta_llama_llama_3_8b,200.0,two_way_balanced,Avg,0.290696073245098,0.0128294048837868,0.3433235861354846,0.0115178617354905,0.2678529359901961,0.0122678751190308,4.741172671572943,0.300903532140784,0.3574099952068,0.0083065499456047,,,,,,,,,,,,,,,,,,,,,
meta_llama_llama_3_8b,college_physics,balanced,mmlu:college_physics,meta_llama_llama_3_8b,200.0,two_way_balanced,BayPIRE,0.0296993223601838,0.004918882291562,0.0360186474268214,0.0058735139774546,0.0233467939439286,0.0063102666305559,0.3430768206262941,0.0163266258858295,0.0978419594253917,0.0061166620432489,1.0,0.995,0.0126929551764398,0.2095395936301576,0.0313911217368106,0.2091965313556326,0.0312565051846424,0.999,0.0031622776601683,0.2363889705882351,0.0294003534292354,0.2363235294117644,0.0283092184657771,1.0,0.0,0.0850756573896737,0.0047950524142638,1.0,0.0,0.0860083333333333,0.0044233772368717
meta_llama_llama_3_8b,college_physics,balanced,mmlu:college_physics,meta_llama_llama_3_8b,200.0,two_way_balanced,PE-Rasch,0.110980463796009,0.0164947038523681,0.1484713723363022,0.0206838875399409,0.0842784013930645,0.0172322129653286,0.512598689044435,0.0557687747218623,0.1347534135393259,0.0160589533095369,1.0,,,,,,,,,,,,,,,,,,,,
meta_llama_llama_3_8b,college_physics,balanced,mmlu:college_physics,meta_llama_llama_3_8b,400.0,two_way_balanced,Avg,0.1976274495103921,0.01138752192262,0.2345368599740923,0.0116738272982288,0.1755294102947059,0.0099175278959158,1.8311622570358328,0.2033116871788944,0.2943290803267347,0.0059465810724009,,,,,,,,,,,,,,,,,,,,,
meta_llama_llama_3_8b,college_physics,balanced,mmlu:college_physics,meta_llama_llama_3_8b,400.0,two_way_balanced,BayPIRE,0.0266596214948158,0.0027560012274038,0.0323921449054542,0.0035155303764066,0.0202415262701315,0.0035297363761879,0.2889403129798166,0.0129437525616641,0.0829319983826656,0.0049423111390198,1.0,0.972,0.0261618891604647,0.1423159776057241,0.0189390133210239,0.1423069565597557,0.0189709203341338,0.998,0.0063245553203367,0.1748379901960783,0.0170515890383711,0.1745098039215686,0.0171685301131551,0.9,0.3162277660168379,0.0542600913940906,0.0030621624822145,1.0,0.0,0.0554654411764705,0.0029810015810861
meta_llama_llama_3_8b,college_physics,balanced,mmlu:college_physics,meta_llama_llama_3_8b,400.0,two_way_balanced,PE-Rasch,0.0940089483788225,0.0137378580910906,0.1314853393389783,0.0156921226214145,0.0706549916844277,0.0121229532708582,0.5476962638532611,0.0630503434862563,0.1290226092613581,0.0154271211260152,1.0,,,,,,,,,,,,,,,,,,,,
meta_llama_llama_3_8b,college_physics,balanced,mmlu:college_physics,meta_llama_llama_3_8b,800.0,two_way_balanced,Avg,0.1392965684523529,0.0129516170433284,0.1697457903986746,0.0120739127992561,0.1165024508052941,0.0138678187520628,0.8649117038107338,0.0463693179145528,0.2687017950621276,0.0047695427435475,,,,,,,,,,,,,,,,,,,,,
meta_llama_llama_3_8b,college_physics,balanced,mmlu:college_physics,meta_llama_llama_3_8b,800.0,two_way_balanced,BayPIRE,0.0249644593394754,0.0020278407000524,0.0301938195276927,0.0021018351145199,0.0178408766385599,0.0029341573894483,0.2558630297778648,0.0048629400623303,0.0740486879082316,0.0015179080399487,1.0,0.884,0.054609726443393,0.0994832522172663,0.0173858235780033,0.0995644583775206,0.0176716235593586,0.99,0.0115470053837925,0.1379193627450979,0.0124246158289952,0.1382598039215685,0.0117354222058704,0.9,0.3162277660168379,0.0343257157822103,0.0014125790617028,0.9,0.3162277660168379,0.0353281862745097,0.0015367733709401
meta_llama_llama_3_8b,college_physics,balanced,mmlu:college_physics,meta_llama_llama_3_8b,800.0,two_way_balanced,PE-Rasch,0.0738907443633627,0.0035078097489313,0.0940712170764432,0.0061518608721473,0.0523512371868059,0.0048070759677137,0.4131852905396592,0.029333532060744,0.1026871309642062,0.0034336666891601,1.0,,,,,,,,,,,,,,,,,,,,
meta_llama_llama_3_8b,college_physics,balanced,mmlu:college_physics,meta_llama_llama_3_8b,1600.0,two_way_balanced,Avg,0.087938725490196,0.0047532585653625,0.1099249114036412,0.0061592649101896,0.0664705882352941,0.0036250304737097,0.701985578252647,0.0060793728582862,0.2513688226744186,0.0018871549087606,,,,,,,,,,,,,,,,,,,,,
meta_llama_llama_3_8b,college_physics,balanced,mmlu:college_physics,meta_llama_llama_3_8b,1600.0,two_way_balanced,BayPIRE,0.0230337385845653,0.000755471414092,0.0280902880276589,0.0009165832752741,0.0156211718453705,0.0023892402998817,0.2346388275613097,0.0018506137926041,0.0700785686624557,0.0005663069975309,1.0,0.737,0.1026374417278823,0.0665106978933303,0.0169269317822315,0.0666748070383201,0.0173208161260767,0.972,0.0175119007154182,0.1121698529411764,0.0108293515174954,0.1108210784313723,0.0103873980065628,1.0,0.0,0.0212747807021288,0.0005861847979828,1.0,0.0,0.0230414215686274,0.0005104770385536
meta_llama_llama_3_8b,college_physics,balanced,mmlu:college_physics,meta_llama_llama_3_8b,1600.0,two_way_balanced,PE-Rasch,0.0484864829361245,0.0029155236673354,0.0623200046496542,0.0040949985620548,0.0290658539919355,0.0033092901649708,0.2887763086353486,0.0114269741651705,0.0830827876298325,0.0019367821387267,1.0,,,,,,,,,,,,,,,,,,,,
meta_llama_llama_3_8b,college_physics,random,mmlu:college_physics,meta_llama_llama_3_8b,200.0,random_uniform,Avg,0.2769961995712045,0.0161668076033904,0.3374515564601478,0.013934316299146,0.2543550231006162,0.0161643166730708,4.498662774116469,0.3188124922948741,0.353074259170068,0.0097348510683573,,,,,,,,,,,,,,,,,,,,,
meta_llama_llama_3_8b,college_physics,random,mmlu:college_physics,meta_llama_llama_3_8b,200.0,random_uniform,BayPIRE,0.0335501864585894,0.0098570768438288,0.0400917622326058,0.0106645610772185,0.0281207359125943,0.012172818002309,0.3998660661012692,0.0180953923421767,0.1220370257708406,0.0077500327290327,1.0,0.991,0.0202484567313166,0.2246051393836252,0.0186982135938302,0.2243679141197756,0.0185806793566878,1.0,0.0,0.25153431372549,0.0180685263423998,0.2510416666666665,0.0180556710802797,1.0,0.0,0.1096161907813727,0.0073627454676914,1.0,0.0,0.1096269607843136,0.0073273999755116
meta_llama_llama_3_8b,college_physics,random,mmlu:college_physics,meta_llama_llama_3_8b,200.0,random_uniform,PE-Rasch,0.1182576917197421,0.011069120552714,0.1577194714325888,0.0139975425251475,0.0930291036367075,0.011205158049138,0.6072595040677282,0.0575792967773914,0.1637245222375411,0.0126314435853545,1.0,,,,,,,,,,,,,,,,,,,,
meta_llama_llama_3_8b,college_physics,random,mmlu:college_physics,meta_llama_llama_3_8b,400.0,random_uniform,Avg,0.2104370587790709,0.0140676328885478,0.2675939667929397,0.0163483248397377,0.1878114425325723,0.0139872444686912,2.598115245265689,0.3252487546888649,0.311707378766732,0.0089142803724582,,,,,,,,,,,,,,,,,,,,,
meta_llama_llama_3_8b,college_physics,random,mmlu:college_physics,meta_llama_llama_3_8b,400.0,random_uniform,BayPIRE,0.0267644677649171,0.0013748088607836,0.0327399645321619,0.0018703662005776,0.0208020845633836,0.0020483045153395,0.3021989791239611,0.0115393759187477,0.0864048696324848,0.0043555468840457,1.0,0.968,0.0147572957474524,0.1430757477963393,0.0158578695325683,0.1432324997078727,0.0156652005606173,0.996,0.0051639777949432,0.1770301470588234,0.0131282925588844,0.1755024509803921,0.0117386424372586,1.0,0.0,0.0652135362081962,0.0034894017595145,1.0,0.0,0.0657340686274509,0.0035207603681128
meta_llama_llama_3_8b,college_physics,random,mmlu:college_physics,meta_llama_llama_3_8b,400.0,random_uniform,PE-Rasch,0.1007738640901413,0.009522090170163,0.1400926810416886,0.0107865797292961,0.0766359646736881,0.0092873345257238,0.5526189949869459,0.0473080235731891,0.1328862270689013,0.0106470547515683,1.0,,,,,,,,,,,,,,,,,,,,
meta_llama_llama_3_8b,college_physics,random,mmlu:college_physics,meta_llama_llama_3_8b,800.0,random_uniform,Avg,0.1427496416312597,0.0126730414204036,0.1818990076516285,0.0197402348234447,0.1198287938515884,0.0141220793436183,1.106033009165081,0.141894192027412,0.2733445757765589,0.0079246615447593,,,,,,,,,,,,,,,,,,,,,
meta_llama_llama_3_8b,college_physics,random,mmlu:college_physics,meta_llama_llama_3_8b,800.0,random_uniform,BayPIRE,0.0248376202446387,0.000997664764017,0.0299634917685503,0.0012598415312354,0.0176032180317223,0.0010435783546174,0.2558995507880972,0.0042400569016429,0.0741331845338924,0.0010529391403392,1.0,0.91,0.0457043640026736,0.102998816460056,0.0121862416497602,0.1029827483848018,0.0125221778238125,0.989,0.0087559503577091,0.1405110294117645,0.009880550085647,0.140220588235294,0.0093498111281412,1.0,0.0,0.0379910024449673,0.0027599762025011,1.0,0.0,0.0392590686274509,0.0028989007471785
meta_llama_llama_3_8b,college_physics,random,mmlu:college_physics,meta_llama_llama_3_8b,800.0,random_uniform,PE-Rasch,0.0768258492952696,0.0081163256881347,0.1017468854482489,0.0085804778461006,0.055491679136765,0.0074929394128809,0.42205765113187,0.0363745637441926,0.1059909624679068,0.0055240050542434,1.0,,,,,,,,,,,,,,,,,,,,
meta_llama_llama_3_8b,college_physics,random,mmlu:college_physics,meta_llama_llama_3_8b,1600.0,random_uniform,Avg,0.0914803193653008,0.004065087113722,0.1146071060867152,0.0072858153792046,0.0694684417083263,0.0063293918206887,0.7041890175801633,0.0060394600202979,0.2524961879985642,0.0021704609008404,,,,,,,,,,,,,,,,,,,,,
meta_llama_llama_3_8b,college_physics,random,mmlu:college_physics,meta_llama_llama_3_8b,1600.0,random_uniform,BayPIRE,0.0233909036601092,0.0014712553500747,0.0290189797141228,0.0017441787561511,0.0141014901559011,0.0038289973245298,0.234823521511189,0.0041250406596018,0.0696236815541802,0.0008395185608777,1.0,0.791,0.1119970237699794,0.0800110733918653,0.0203434962645851,0.0798821400667494,0.0202601020618063,0.975,0.0206827894099847,0.1218732843137254,0.014171708044585,0.1216176470588233,0.0152709169873517,0.7,0.4830458915396479,0.0226906729959636,0.0009348386904955,0.7,0.4830458915396479,0.024581862745098,0.0010275239459198
meta_llama_llama_3_8b,college_physics,random,mmlu:college_physics,meta_llama_llama_3_8b,1600.0,random_uniform,PE-Rasch,0.0540117851065519,0.0049362487707198,0.0679162221904701,0.0060483722607644,0.0339396077826571,0.005235563139678,0.2962038298546332,0.0141493318681554,0.0839633544796043,0.0033832016648975,1.0,,,,,,,,,,,,,,,,,,,,
meta_llama_llama_3_8b_instruct,abstract_algebra,balanced,mmlu:abstract_algebra,meta_llama_llama_3_8b_instruct,200.0,two_way_balanced,Avg,0.2813799948158,0.0168724491465423,0.3118866897386817,0.0222782634152498,0.2635199948158,0.016773576644408,4.013991864179352,0.4471813799712906,0.3179336694657143,0.0142474630579272,,,,,,,,,,,,,,,,,,,,,
meta_llama_llama_3_8b_instruct,abstract_algebra,balanced,mmlu:abstract_algebra,meta_llama_llama_3_8b_instruct,200.0,two_way_balanced,BayPIRE,0.023483903708393,0.0030956590310358,0.0286306243713669,0.0036171700345566,0.0171571041690872,0.0049665757442157,0.3064018584345417,0.014571585395627,0.084209355069282,0.0054867755139092,1.0,0.998,0.0042163702135578,0.2016131592242417,0.0429604608249262,0.2011515329180518,0.0429338376299975,1.0,0.0,0.2287947499999998,0.0402545318782383,0.2290499999999998,0.0389922624090697,1.0,0.0,0.0819903098677892,0.0060402091782352,1.0,0.0,0.0828169999999999,0.0059128549693772
meta_llama_llama_3_8b_instruct,abstract_algebra,balanced,mmlu:abstract_algebra,meta_llama_llama_3_8b_instruct,200.0,two_way_balanced,PE-Rasch,0.0944334988229933,0.0227238418710201,0.1318806485793783,0.0306162971958584,0.0756792644098115,0.023752478043321,0.4413210650948452,0.0456672984369034,0.1155791958771978,0.0158690833436804,1.0,,,,,,,,,,,,,,,,,,,,
meta_llama_llama_3_8b_instruct,abstract_algebra,balanced,mmlu:abstract_algebra,meta_llama_llama_3_8b_instruct,400.0,two_way_balanced,Avg,0.1860099979936,0.0137236572885011,0.2250564926963408,0.0138272601578624,0.1693299979936,0.0131006400431558,1.84333845014666,0.2339293595045281,0.2712499986066666,0.0068686837533963,,,,,,,,,,,,,,,,,,,,,
meta_llama_llama_3_8b_instruct,abstract_algebra,balanced,mmlu:abstract_algebra,meta_llama_llama_3_8b_instruct,400.0,two_way_balanced,BayPIRE,0.0226736608222657,0.0033538992045818,0.027701172942055,0.0040441881132773,0.0183707440136285,0.0042832716372821,0.2512704577200992,0.0113177719174828,0.0690989809675003,0.0040362690680998,1.0,0.942,0.0421109645262766,0.1129490912139499,0.0154495826563019,0.1128421162891426,0.0154109665207914,0.998,0.0042163702135578,0.1473604999999999,0.0126925830704391,0.1480124999999999,0.0147403982401351,0.9,0.3162277660168379,0.0491536119231328,0.0023267386379483,0.9,0.3162277660168379,0.0501049999999999,0.002567515011316
meta_llama_llama_3_8b_instruct,abstract_algebra,balanced,mmlu:abstract_algebra,meta_llama_llama_3_8b_instruct,400.0,two_way_balanced,PE-Rasch,0.0750778377214244,0.0084130237188441,0.1178973990171442,0.0152319809293739,0.0558126778329172,0.0104346456770991,0.4359564243079555,0.0168400013426593,0.1031400428624452,0.0051163913649385,1.0,,,,,,,,,,,,,,,,,,,,
meta_llama_llama_3_8b_instruct,abstract_algebra,balanced,mmlu:abstract_algebra,meta_llama_llama_3_8b_instruct,800.0,two_way_balanced,Avg,0.1290199996964,0.0083090378057272,0.1570893735496625,0.0100237788229669,0.1123199996963999,0.0083248689117703,0.8736442189665364,0.1215612658357868,0.245361412818913,0.0037863046398111,,,,,,,,,,,,,,,,,,,,,
meta_llama_llama_3_8b_instruct,abstract_algebra,balanced,mmlu:abstract_algebra,meta_llama_llama_3_8b_instruct,800.0,two_way_balanced,BayPIRE,0.0202088562986662,0.0011023476289594,0.0248169801814248,0.0012697653449918,0.0130955253467258,0.0011538806143692,0.2212368874735107,0.0049450419857622,0.0617657849774233,0.0011673243874735,1.0,0.915,0.0422295315310664,0.0900469954780676,0.0111031262308369,0.0899699613653866,0.0110355662468981,0.991,0.0087559503577091,0.1267364999999999,0.0077999384969085,0.1275374999999998,0.0078753417033451,1.0,0.0,0.031806646745753,0.0012261614226252,1.0,0.0,0.0331629999999999,0.0010568801046266
meta_llama_llama_3_8b_instruct,abstract_algebra,balanced,mmlu:abstract_algebra,meta_llama_llama_3_8b_instruct,800.0,two_way_balanced,PE-Rasch,0.0696079416660521,0.0044957400838718,0.0945455372247306,0.0075455492239639,0.0503161053256567,0.0053205441623291,0.3905824493088474,0.0261061245852547,0.0912844959577581,0.0050704703941437,1.0,,,,,,,,,,,,,,,,,,,,
meta_llama_llama_3_8b_instruct,abstract_algebra,balanced,mmlu:abstract_algebra,meta_llama_llama_3_8b_instruct,1600.0,two_way_balanced,Avg,0.08527,0.0047124952107255,0.1064599252300933,0.0070737637320306,0.06752,0.0057591328436763,0.6643671078511038,0.0061600099257099,0.2319270833333333,0.0022747720588354,,,,,,,,,,,,,,,,,,,,,
meta_llama_llama_3_8b_instruct,abstract_algebra,balanced,mmlu:abstract_algebra,meta_llama_llama_3_8b_instruct,1600.0,two_way_balanced,BayPIRE,0.0189188161739063,0.0010761218818287,0.0234368384708155,0.001546385689382,0.0113882902314348,0.0013306231592956,0.2045091846874604,0.0030619062000197,0.0584113882702923,0.0008684354732947,1.0,0.77,0.0787400787401181,0.0601043505445556,0.0113527466936704,0.0601793450150539,0.0113375912361505,0.982,0.0161932770686548,0.1042507499999999,0.006577355835871,0.1050249999999999,0.0070518417610027,1.0,0.0,0.020234998575997,0.0007972468399306,1.0,0.0,0.022052,0.0010336039968103
meta_llama_llama_3_8b_instruct,abstract_algebra,balanced,mmlu:abstract_algebra,meta_llama_llama_3_8b_instruct,1600.0,two_way_balanced,PE-Rasch,0.0477317541891883,0.0032305601533193,0.0612641221116377,0.0038404539354128,0.0309097916926363,0.0024637087253419,0.2685333268584291,0.0136246433388756,0.0725257386144695,0.0020422928833701,1.0,,,,,,,,,,,,,,,,,,,,
meta_llama_llama_3_8b_instruct,abstract_algebra,random,mmlu:abstract_algebra,meta_llama_llama_3_8b_instruct,200.0,random_uniform,Avg,0.2633183282886333,0.022849484912311,0.3277442615357468,0.0253134172242109,0.2448483282886333,0.0216428432801968,4.216214046636786,0.4655591091107514,0.3282232922644444,0.017375148059003,,,,,,,,,,,,,,,,,,,,,
meta_llama_llama_3_8b_instruct,abstract_algebra,random,mmlu:abstract_algebra,meta_llama_llama_3_8b_instruct,200.0,random_uniform,BayPIRE,0.0274988214176962,0.0049079671421266,0.0336085525929116,0.0055467957982342,0.0231562857856773,0.0072524518993922,0.3548703154087151,0.0310030839753217,0.1048173500126833,0.0124727286016792,1.0,0.998,0.0042163702135578,0.21181238274429,0.024022750017441,0.2118189176579303,0.0237219333745801,1.0,0.0,0.2389059999999998,0.0222445363516527,0.2390499999999999,0.0223261182375162,1.0,0.0,0.1057631473775312,0.0048985279543319,1.0,0.0,0.1063109999999999,0.0051666708602133
meta_llama_llama_3_8b_instruct,abstract_algebra,random,mmlu:abstract_algebra,meta_llama_llama_3_8b_instruct,200.0,random_uniform,PE-Rasch,0.1092135691881553,0.0206789532784639,0.1526925382004162,0.028460753566053,0.091306697240503,0.0194470006174956,0.533296819245901,0.0790411998056877,0.1459183585125296,0.0211545039554478,1.0,,,,,,,,,,,,,,,,,,,,
meta_llama_llama_3_8b_instruct,abstract_algebra,random,mmlu:abstract_algebra,meta_llama_llama_3_8b_instruct,400.0,random_uniform,Avg,0.197520953110956,0.0101571854808018,0.2502145130773518,0.0095489062411808,0.1776345245395274,0.0110896260704039,2.5277587621755915,0.2695873562188847,0.2836548811805717,0.0053019544594391,,,,,,,,,,,,,,,,,,,,,
meta_llama_llama_3_8b_instruct,abstract_algebra,random,mmlu:abstract_algebra,meta_llama_llama_3_8b_instruct,400.0,random_uniform,BayPIRE,0.0214191091501682,0.0016534377061315,0.0259709185156633,0.0020343393968621,0.0162040178139477,0.0022140020108288,0.2691423800407494,0.0146541365222855,0.0760354976750508,0.0059250296085701,1.0,0.984,0.0150554530541816,0.1283590487874377,0.0118426495021567,0.12851161971503,0.0118456814420991,1.0,0.0,0.1608614999999999,0.0107917775541278,0.1620249999999999,0.0103228777749015,1.0,0.0,0.0617242961560892,0.0042816171387091,1.0,0.0,0.0626812499999999,0.0040009254571772
meta_llama_llama_3_8b_instruct,abstract_algebra,random,mmlu:abstract_algebra,meta_llama_llama_3_8b_instruct,400.0,random_uniform,PE-Rasch,0.0803251768525975,0.0124017173739601,0.1224306608273874,0.0156950707678505,0.0601788637357224,0.0139664989369448,0.4803334336982627,0.0348235974203377,0.1154882437200728,0.008970660495666,1.0,,,,,,,,,,,,,,,,,,,,
meta_llama_llama_3_8b_instruct,abstract_algebra,random,mmlu:abstract_algebra,meta_llama_llama_3_8b_instruct,800.0,random_uniform,Avg,0.1305047007755835,0.0095628984378821,0.1642919497448139,0.01254356073183,0.1133982172591,0.0099191215787723,1.1238115655371943,0.1399953611595641,0.2478878272304793,0.0047281398972562,,,,,,,,,,,,,,,,,,,,,
meta_llama_llama_3_8b_instruct,abstract_algebra,random,mmlu:abstract_algebra,meta_llama_llama_3_8b_instruct,800.0,random_uniform,BayPIRE,0.0198337291353359,0.0006143241901663,0.0241435260953531,0.0008170888974933,0.013181158096385,0.0011721638870484,0.2226825328895183,0.0050444241236488,0.0623582675024141,0.0013891552294723,1.0,0.937,0.0359165699921359,0.0932663134456655,0.012188923801887,0.0931562820628282,0.0119174866639949,0.996,0.006992058987801,0.1308662499999999,0.010857542133492,0.131,0.0119721899973786,1.0,0.0,0.0362548923792507,0.0016619247726826,1.0,0.0,0.0380435,0.0017979869916721
meta_llama_llama_3_8b_instruct,abstract_algebra,random,mmlu:abstract_algebra,meta_llama_llama_3_8b_instruct,800.0,random_uniform,PE-Rasch,0.0682096662305067,0.0077667269067767,0.0918074817708852,0.0088822507500933,0.0505275654356979,0.0093346203051411,0.3693328994063038,0.0171800077938276,0.0911055641180361,0.0034615426616021,1.0,,,,,,,,,,,,,,,,,,,,
meta_llama_llama_3_8b_instruct,abstract_algebra,random,mmlu:abstract_algebra,meta_llama_llama_3_8b_instruct,1600.0,random_uniform,Avg,0.0861226220150414,0.0074168417026165,0.1083479334747919,0.0085150756602519,0.0684338487989812,0.0081333884813203,0.680141060733914,0.0392227803098132,0.2318687605129275,0.0022982971082158,,,,,,,,,,,,,,,,,,,,,
meta_llama_llama_3_8b_instruct,abstract_algebra,random,mmlu:abstract_algebra,meta_llama_llama_3_8b_instruct,1600.0,random_uniform,BayPIRE,0.0198669839636569,0.0015052478635631,0.0243649686211058,0.0018890675182518,0.01230702808181,0.0016866478723587,0.2048059628606786,0.004483550307641,0.0586209197061016,0.0011425716360688,1.0,0.76,0.0802772971919486,0.061956043840595,0.0142109977224204,0.0617216643349892,0.0141417584293837,0.983,0.0094868329805051,0.1059924999999999,0.0092591514040014,0.1059999999999999,0.0096609178307929,0.8,0.4216370213557839,0.0210310383541154,0.0005832547830596,0.9,0.3162277660168379,0.023023,0.0006971228570185
meta_llama_llama_3_8b_instruct,abstract_algebra,random,mmlu:abstract_algebra,meta_llama_llama_3_8b_instruct,1600.0,random_uniform,PE-Rasch,0.0494861834377608,0.003617757591316,0.0631472816467695,0.005150935502526,0.0327107108621662,0.0037373772756957,0.2695217803510228,0.0148476680172311,0.0733681575271093,0.0031448355642958,1.0,,,,,,,,,,,,,,,,,,,,
meta_llama_llama_3_8b_instruct,anatomy,balanced,mmlu:anatomy,meta_llama_llama_3_8b_instruct,200.0,two_way_balanced,Avg,0.2940148094948148,0.0165217767661664,0.3367560872770375,0.017830764229143,0.2786222169022223,0.0161182261187852,4.56252934446703,0.3880106672868234,0.3453759352421053,0.0125515058724929,,,,,,,,,,,,,,,,,,,,,
meta_llama_llama_3_8b_instruct,anatomy,balanced,mmlu:anatomy,meta_llama_llama_3_8b_instruct,200.0,two_way_balanced,BayPIRE,0.0216438343847761,0.0038054835005918,0.0265170655478456,0.0041355189682377,0.0160568714031103,0.00562810217271,0.3168685797753,0.0156273809291731,0.0848183507918663,0.0059379750175967,1.0,1.0,0.0,0.2334007120432336,0.0282048853594588,0.232615092615563,0.027321062519993,1.0,0.0,0.252203148148148,0.0265484266198571,0.2504537037037034,0.0265557123153709,1.0,0.0,0.0909033824014746,0.0041031039344838,1.0,0.0,0.0917492592592593,0.0039219095069577
meta_llama_llama_3_8b_instruct,anatomy,balanced,mmlu:anatomy,meta_llama_llama_3_8b_instruct,200.0,two_way_balanced,PE-Rasch,0.120417316425557,0.0150346210872937,0.1578342792782982,0.015581071058907,0.1038751942380036,0.0153092907751624,0.4237770601028783,0.0340682478579835,0.1188872601573682,0.011738546532084,1.0,,,,,,,,,,,,,,,,,,,,
meta_llama_llama_3_8b_instruct,anatomy,balanced,mmlu:anatomy,meta_llama_llama_3_8b_instruct,400.0,two_way_balanced,Avg,0.2015462944817037,0.0059957705205904,0.2398317105507939,0.006711519553964,0.1881240722594815,0.0050578956167513,1.9433573992663509,0.1049648604998901,0.2893210863224428,0.0033661220750045,,,,,,,,,,,,,,,,,,,,,
meta_llama_llama_3_8b_instruct,anatomy,balanced,mmlu:anatomy,meta_llama_llama_3_8b_instruct,400.0,two_way_balanced,BayPIRE,0.0186575950898592,0.0019291659261635,0.0230507409459263,0.002352158110015,0.015277590053451,0.0022025678602637,0.2212216118231085,0.0094069478539312,0.0588927765590949,0.0026129871432087,1.0,0.969,0.0435762422529626,0.1113910011506371,0.0116883194318888,0.1113059528395076,0.011729973307729,0.998,0.0042163702135578,0.1369481481481481,0.0110189299988872,0.1366851851851851,0.0111152941371572,1.0,0.0,0.04943541010705,0.0028856705995952,1.0,0.0,0.0499846296296296,0.0031492265219143
meta_llama_llama_3_8b_instruct,anatomy,balanced,mmlu:anatomy,meta_llama_llama_3_8b_instruct,400.0,two_way_balanced,PE-Rasch,0.0705805397268767,0.0086119649372533,0.1090405062160131,0.0084547529455104,0.054539965461306,0.0101519521361522,0.3559029140117527,0.0186961249953111,0.0891609439962239,0.0052722820406677,1.0,,,,,,,,,,,,,,,,,,,,
meta_llama_llama_3_8b_instruct,anatomy,balanced,mmlu:anatomy,meta_llama_llama_3_8b_instruct,800.0,two_way_balanced,Avg,0.1353768515696296,0.0053936101777634,0.1685689098557848,0.007277799324018,0.1201620367548148,0.0066226991072257,0.9010927672678022,0.0863945069486692,0.2603396897412598,0.0027819130668989,,,,,,,,,,,,,,,,,,,,,
meta_llama_llama_3_8b_instruct,anatomy,balanced,mmlu:anatomy,meta_llama_llama_3_8b_instruct,800.0,two_way_balanced,BayPIRE,0.0183434400308072,0.0019470673320577,0.0224254687260606,0.0025844931937569,0.014271797207275,0.0024630181588393,0.1860440801632397,0.0071552008643278,0.0526502550594058,0.0018468373632153,1.0,0.899,0.0566568618968611,0.0771657459329157,0.0083964639996751,0.0771321470435068,0.0083902570094689,0.99,0.0156347191994114,0.1061637037037036,0.0060157643714171,0.1059629629629629,0.0060838023069946,0.9,0.3162277660168379,0.0308198093926008,0.0011585343889183,0.9,0.3162277660168379,0.0315594444444444,0.0011993890540742
meta_llama_llama_3_8b_instruct,anatomy,balanced,mmlu:anatomy,meta_llama_llama_3_8b_instruct,800.0,two_way_balanced,PE-Rasch,0.0630149501829229,0.0034838403102108,0.0854657256100472,0.0054113853498163,0.0474054102211755,0.005460355857404,0.3259105924955037,0.0225779950421382,0.0800020213613182,0.0033557994618014,1.0,,,,,,,,,,,,,,,,,,,,
meta_llama_llama_3_8b_instruct,anatomy,balanced,mmlu:anatomy,meta_llama_llama_3_8b_instruct,1600.0,two_way_balanced,Avg,0.0894259259171111,0.0062187850404242,0.1123617874532406,0.005021976975452,0.0760925925837777,0.0063512107064735,0.6944126190387859,0.0168151239237117,0.2443105304546218,0.0015053962928153,,,,,,,,,,,,,,,,,,,,,
meta_llama_llama_3_8b_instruct,anatomy,balanced,mmlu:anatomy,meta_llama_llama_3_8b_instruct,1600.0,two_way_balanced,BayPIRE,0.0163041405064421,0.0013519506169022,0.0199895190636832,0.0014406451097155,0.0109010545127944,0.0016754883502025,0.1606119956843841,0.0028737786429957,0.0481202048664326,0.0008158942585396,1.0,0.8029999999999999,0.0691295080908933,0.0555426255443849,0.008989981241996,0.055606265277789,0.0091156636671874,0.987,0.0141813649241217,0.0874057407407407,0.0059080455845543,0.0874166666666666,0.0076424203085498,1.0,0.0,0.0192081149033032,0.0007574483399045,1.0,0.0,0.0204014814814814,0.0005974076497796
meta_llama_llama_3_8b_instruct,anatomy,balanced,mmlu:anatomy,meta_llama_llama_3_8b_instruct,1600.0,two_way_balanced,PE-Rasch,0.0441558179308413,0.0036448818777628,0.0556878756853026,0.0041098456534466,0.0301748810736646,0.0034530625074798,0.2205101049534354,0.0179050383331529,0.0630253302041185,0.0025886564400974,1.0,,,,,,,,,,,,,,,,,,,,
meta_llama_llama_3_8b_instruct,anatomy,random,mmlu:anatomy,meta_llama_llama_3_8b_instruct,200.0,random_uniform,Avg,0.2676962119715133,0.017098703279403,0.3310305021882108,0.0147794016245338,0.2527784341937355,0.0170845517600212,4.33370133227377,0.3767134007919822,0.3411379393503289,0.0100620934069577,,,,,,,,,,,,,,,,,,,,,
meta_llama_llama_3_8b_instruct,anatomy,random,mmlu:anatomy,meta_llama_llama_3_8b_instruct,200.0,random_uniform,BayPIRE,0.0298834511771233,0.0126458329528503,0.0347239973118026,0.0123415585006897,0.0272183196017172,0.014233927338454,0.3709354076266334,0.0131505910491357,0.1110859829711621,0.0058968710394325,1.0,0.995,0.0126929551764398,0.2129531701997592,0.0275085416415843,0.2130947232984393,0.0284863539644978,1.0,0.0,0.2332709259259258,0.0259437056031947,0.2333518518518518,0.027531203286402,0.9,0.3162277660168379,0.1109328279524879,0.0054638862462263,0.9,0.3162277660168379,0.1103649999999999,0.0057341058465795
meta_llama_llama_3_8b_instruct,anatomy,random,mmlu:anatomy,meta_llama_llama_3_8b_instruct,200.0,random_uniform,PE-Rasch,0.1214352077631693,0.0113715418433784,0.1602990237687839,0.0129395310667988,0.1057193436406737,0.0115300269858969,0.5087627858458056,0.0344166088754559,0.1492099903451905,0.0078532198315863,1.0,,,,,,,,,,,,,,,,,,,,
meta_llama_llama_3_8b_instruct,anatomy,random,mmlu:anatomy,meta_llama_llama_3_8b_instruct,400.0,random_uniform,Avg,0.214312230144733,0.0169088858768111,0.2669706675001566,0.0173834221470097,0.1992996375521404,0.015957855341056,2.74809335635302,0.3031527254833484,0.3037788742262851,0.0093386144746886,,,,,,,,,,,,,,,,,,,,,
meta_llama_llama_3_8b_instruct,anatomy,random,mmlu:anatomy,meta_llama_llama_3_8b_instruct,400.0,random_uniform,BayPIRE,0.0191605467017016,0.003775667142251,0.0234178974114681,0.004412963155924,0.0152208540569612,0.0047389802216062,0.2595832543550712,0.0112984491960412,0.0729177534502262,0.0050215878214608,1.0,0.992,0.0122927259430571,0.1320516059532151,0.0081166163429442,0.1318830623846359,0.0079166434965424,1.0,0.0,0.1569779629629629,0.0070268259493038,0.1577777777777778,0.007027283689263,1.0,0.0,0.0656399171923166,0.0015889818767112,1.0,0.0,0.0667718518518518,0.0015654658835003
meta_llama_llama_3_8b_instruct,anatomy,random,mmlu:anatomy,meta_llama_llama_3_8b_instruct,400.0,random_uniform,PE-Rasch,0.0916007263310387,0.0071339573487926,0.1301140422819981,0.0076691253657469,0.0755502750875674,0.0071594389503631,0.4243137857760395,0.0364148613424027,0.1132924532343175,0.0079925832397156,1.0,,,,,,,,,,,,,,,,,,,,
meta_llama_llama_3_8b_instruct,anatomy,random,mmlu:anatomy,meta_llama_llama_3_8b_instruct,800.0,random_uniform,Avg,0.1453585630216214,0.0086690861902702,0.1850220603848512,0.0102461268745156,0.1305577360707945,0.0087215813042376,1.1804788470244143,0.1065808901898268,0.2665619361194466,0.0041761566791935,,,,,,,,,,,,,,,,,,,,,
meta_llama_llama_3_8b_instruct,anatomy,random,mmlu:anatomy,meta_llama_llama_3_8b_instruct,800.0,random_uniform,BayPIRE,0.0168292976038131,0.0007334677846335,0.0208015785633518,0.0009423764794445,0.0123780294534874,0.0014434502738729,0.1900534271482629,0.008456692839602,0.0541545285268261,0.0028398874393896,1.0,0.938,0.0463800723491362,0.0824001655588484,0.0097789516079222,0.0824552471697195,0.0098115975088613,0.998,0.0063245553203367,0.1103451851851851,0.0078872115722999,0.1103703703703704,0.0073661401926796,1.0,0.0,0.0355669136752005,0.0015284151720814,1.0,0.0,0.0360037037037037,0.0015239119315317
meta_llama_llama_3_8b_instruct,anatomy,random,mmlu:anatomy,meta_llama_llama_3_8b_instruct,800.0,random_uniform,PE-Rasch,0.0660782048190668,0.0060064538981544,0.0932189794288167,0.0113336732766962,0.0508283669660432,0.0065202949331848,0.3324183870638267,0.0269829989297371,0.0840673168349337,0.0045194341270636,1.0,,,,,,,,,,,,,,,,,,,,
meta_llama_llama_3_8b_instruct,anatomy,random,mmlu:anatomy,meta_llama_llama_3_8b_instruct,1600.0,random_uniform,Avg,0.0942457634287301,0.0063093924061909,0.1183891681544088,0.0081553432240006,0.0790927887493212,0.0065444494329988,0.711610105208759,0.0343291028578338,0.2459496900080527,0.0023678663472542,,,,,,,,,,,,,,,,,,,,,
meta_llama_llama_3_8b_instruct,anatomy,random,mmlu:anatomy,meta_llama_llama_3_8b_instruct,1600.0,random_uniform,BayPIRE,0.0159711954692438,0.0006894428169066,0.019805035945982,0.0007710414647287,0.0107063291134667,0.0012798738503107,0.1606856974888413,0.0038944297169989,0.0478840023517783,0.0012423767148773,1.0,0.8150000000000001,0.0672061505121865,0.0552241129282604,0.0074861668587478,0.0553805443130778,0.0074007168005891,0.984,0.013498971154211,0.0875594444444444,0.0048107056262217,0.0888888888888889,0.0049382716049382,1.0,0.0,0.0205049204924257,0.0006055965445542,1.0,0.0,0.0218472222222222,0.0005151753260026
meta_llama_llama_3_8b_instruct,anatomy,random,mmlu:anatomy,meta_llama_llama_3_8b_instruct,1600.0,random_uniform,PE-Rasch,0.0453885218815782,0.003289923430649,0.0573212836840574,0.0043562077848358,0.0317962813741866,0.0026915212210435,0.2241004995494399,0.0119485211057887,0.0639863497934566,0.0020285279075625,1.0,,,,,,,,,,,,,,,,,,,,
meta_llama_llama_3_8b_instruct,astronomy,balanced,mmlu:astronomy,meta_llama_llama_3_8b_instruct,200.0,two_way_balanced,Avg,0.2996052573651315,0.0119803492928218,0.333274409075429,0.0139324251024769,0.2887631521019737,0.011659772023408,4.475255394107645,0.3242956937027629,0.3306566621185333,0.0094656496812029,,,,,,,,,,,,,,,,,,,,,
meta_llama_llama_3_8b_instruct,astronomy,balanced,mmlu:astronomy,meta_llama_llama_3_8b_instruct,200.0,two_way_balanced,BayPIRE,0.0182143809192856,0.0049099050793846,0.0219440830566741,0.0055738449047959,0.011116136136425,0.006386154430831,0.3055341431137216,0.0177977063081653,0.0798099455700971,0.0072675605151408,1.0,1.0,0.0,0.2666050783765901,0.0429245725734766,0.2649846753587552,0.0417054439161681,1.0,0.0,0.2818054276315788,0.0413958387140631,0.2803124999999998,0.0393217715256138,1.0,0.0,0.0923431828675527,0.0041236608539899,1.0,0.0,0.0926123355263157,0.0036428237520466
meta_llama_llama_3_8b_instruct,astronomy,balanced,mmlu:astronomy,meta_llama_llama_3_8b_instruct,200.0,two_way_balanced,PE-Rasch,0.1280715069743176,0.016152389046419,0.1633093085962728,0.0175440149115348,0.1171555446542588,0.0159230860089438,0.3659826227463379,0.0266892551581413,0.1061607915527387,0.0107279404046567,1.0,,,,,,,,,,,,,,,,,,,,
meta_llama_llama_3_8b_instruct,astronomy,balanced,mmlu:astronomy,meta_llama_llama_3_8b_instruct,400.0,two_way_balanced,Avg,0.183618419173421,0.0167828644232087,0.222594098172404,0.0178642853887235,0.1734210507523684,0.0163164965054456,1.7550936089228877,0.2468467044550298,0.2688699311443243,0.0085237459635873,,,,,,,,,,,,,,,,,,,,,
meta_llama_llama_3_8b_instruct,astronomy,balanced,mmlu:astronomy,meta_llama_llama_3_8b_instruct,400.0,two_way_balanced,BayPIRE,0.0152188159282098,0.0043204623304717,0.0186353354054169,0.0047261937419183,0.0128252294351634,0.0053769560518339,0.1826105958489974,0.0090680605638433,0.044456262205501,0.0033401844983926,1.0,0.989,0.0218326971917504,0.1033107964766765,0.008467110067099,0.1030798848606968,0.008290069735195,1.0,0.0,0.126686019736842,0.0075017352471073,0.1269736842105263,0.0076283013732131,1.0,0.0,0.0484840098898167,0.0020555557114209,1.0,0.0,0.0493478618421052,0.0020245654610091
meta_llama_llama_3_8b_instruct,astronomy,balanced,mmlu:astronomy,meta_llama_llama_3_8b_instruct,400.0,two_way_balanced,PE-Rasch,0.0580196392243022,0.0077894338690912,0.0908441063842757,0.0116150790793712,0.0459677380637942,0.0073660547987332,0.2500277291332738,0.0227646591958202,0.0637543154846508,0.006638274536464,1.0,,,,,,,,,,,,,,,,,,,,
meta_llama_llama_3_8b_instruct,astronomy,balanced,mmlu:astronomy,meta_llama_llama_3_8b_instruct,800.0,two_way_balanced,Avg,0.135315789,0.0089277712101195,0.1641369593811338,0.0118471443069572,0.1248421047894736,0.0092145040052009,0.96206520055883,0.1208777196571672,0.2465312496656944,0.0044702288546071,,,,,,,,,,,,,,,,,,,,,
meta_llama_llama_3_8b_instruct,astronomy,balanced,mmlu:astronomy,meta_llama_llama_3_8b_instruct,800.0,two_way_balanced,BayPIRE,0.0136626810742814,0.0017138455680755,0.0166701383040684,0.0017658915762519,0.0104203778078324,0.0022453630780272,0.1465267085482089,0.0063773311240042,0.0381813779887646,0.0018270262964836,1.0,0.957,0.0356058671819375,0.0697761914462374,0.008909228061509,0.0699249264092559,0.0088534037105385,0.997,0.0067494855771055,0.0944256578947367,0.0065026684410201,0.0934374999999999,0.0060617472434716,1.0,0.0,0.0285627098502665,0.0013871865844429,1.0,0.0,0.0292014802631579,0.0015038182817369
meta_llama_llama_3_8b_instruct,astronomy,balanced,mmlu:astronomy,meta_llama_llama_3_8b_instruct,800.0,two_way_balanced,PE-Rasch,0.0480371415476482,0.0041941716009506,0.0709377640174594,0.0065135611411346,0.037116113936808,0.0046995045554265,0.2321553007783729,0.0211196679766637,0.0569841078912215,0.0042493629014671,1.0,,,,,,,,,,,,,,,,,,,,
meta_llama_llama_3_8b_instruct,astronomy,balanced,mmlu:astronomy,meta_llama_llama_3_8b_instruct,1600.0,two_way_balanced,Avg,0.0912763157805263,0.0063140721623388,0.1133873422931922,0.0054540851420076,0.0800131578857894,0.0063450793411526,0.6712486161143112,0.0184567535947433,0.2323322610223529,0.0015539801814172,,,,,,,,,,,,,,,,,,,,,
meta_llama_llama_3_8b_instruct,astronomy,balanced,mmlu:astronomy,meta_llama_llama_3_8b_instruct,1600.0,two_way_balanced,BayPIRE,0.0124263507640817,0.0006215427383929,0.0152914593018881,0.0009990259179202,0.0087742263284614,0.0015141356133837,0.1250825981879559,0.0033752171400426,0.0345810032091992,0.0007122922907689,0.7,0.8240000000000001,0.0727552976307109,0.0440067309926008,0.0070477022661831,0.0440593092801033,0.0070436945014452,0.99,0.0169967317119759,0.0715595394736841,0.0059320670884366,0.0710526315789473,0.0060456354175834,0.9,0.3162277660168379,0.0169122688730953,0.0010573964099271,0.9,0.3162277660168379,0.0179689144736841,0.0011733991768047
meta_llama_llama_3_8b_instruct,astronomy,balanced,mmlu:astronomy,meta_llama_llama_3_8b_instruct,1600.0,two_way_balanced,PE-Rasch,0.0360340842616554,0.004518484342821,0.0475471729012001,0.0048786371469676,0.0256735247772178,0.0045177515928049,0.1815281882557431,0.0106886172573817,0.0470102104658266,0.0031644036006909,1.0,,,,,,,,,,,,,,,,,,,,
meta_llama_llama_3_8b_instruct,astronomy,random,mmlu:astronomy,meta_llama_llama_3_8b_instruct,200.0,random_uniform,Avg,0.2622240174439567,0.0200429318583911,0.3246569581213728,0.0209962830227756,0.2508271753386936,0.0200648145900343,4.140370495894601,0.3696054467213968,0.3248648225992723,0.0142332618864601,,,,,,,,,,,,,,,,,,,,,
meta_llama_llama_3_8b_instruct,astronomy,random,mmlu:astronomy,meta_llama_llama_3_8b_instruct,200.0,random_uniform,BayPIRE,0.0202438396939475,0.0113467971231771,0.0237870841973228,0.0112564768637484,0.016807073232995,0.0130986067103621,0.3464591682176468,0.020187999428793,0.1015335724104991,0.008816030354518,1.0,1.0,0.0,0.20992957121132,0.0366524129557572,0.2098811279609877,0.0361453763545955,1.0,0.0,0.2275777960526314,0.0336847089946962,0.2270148026315788,0.0334754850415338,1.0,0.0,0.1100905134262277,0.0027687904774568,1.0,0.0,0.1102513157894736,0.0030130003597827
meta_llama_llama_3_8b_instruct,astronomy,random,mmlu:astronomy,meta_llama_llama_3_8b_instruct,200.0,random_uniform,PE-Rasch,0.1148870013799611,0.015427821963233,0.1511146725843949,0.0200412879857514,0.1037699786817764,0.0153520752475681,0.4270899583050568,0.0440957742693447,0.1302172218098432,0.0138872183697346,1.0,,,,,,,,,,,,,,,,,,,,
meta_llama_llama_3_8b_instruct,astronomy,random,mmlu:astronomy,meta_llama_llama_3_8b_instruct,400.0,random_uniform,Avg,0.211272405269974,0.0135335037278702,0.269500247196453,0.0134690629309057,0.1992529315857635,0.013203608134533,2.6978981098834893,0.2314846132243194,0.2926485849917148,0.0074478983113179,,,,,,,,,,,,,,,,,,,,,
meta_llama_llama_3_8b_instruct,astronomy,random,mmlu:astronomy,meta_llama_llama_3_8b_instruct,400.0,random_uniform,BayPIRE,0.0166256134280839,0.0043797288571104,0.0197854081664824,0.0045990182450245,0.0139574719997262,0.0054715179659584,0.2326740973065403,0.0156103743252936,0.0628830973894142,0.006798012488011,1.0,0.999,0.0031622776601683,0.1178586513829192,0.0141387039164831,0.1179248872766874,0.014173479976421,1.0,0.0,0.1397192434210525,0.0125856044840127,0.1398519736842103,0.0119841650718444,1.0,0.0,0.0640254790903672,0.0033543877555572,1.0,0.0,0.0648120065789474,0.0030593506352325
meta_llama_llama_3_8b_instruct,astronomy,random,mmlu:astronomy,meta_llama_llama_3_8b_instruct,400.0,random_uniform,PE-Rasch,0.0734392162433523,0.0119402953151894,0.1111944111735249,0.0157759251701468,0.0611259693999746,0.0122179529191241,0.3304969135116268,0.0410611550004347,0.0884311077309983,0.0114725960473596,1.0,,,,,,,,,,,,,,,,,,,,
meta_llama_llama_3_8b_instruct,astronomy,random,mmlu:astronomy,meta_llama_llama_3_8b_instruct,800.0,random_uniform,Avg,0.1377849908649877,0.0156372019844352,0.1728580300269812,0.0199104943053269,0.1260687627948123,0.01496574461412,1.1107302118146642,0.2123059006317424,0.2497212176770976,0.0074862934882512,,,,,,,,,,,,,,,,,,,,,
meta_llama_llama_3_8b_instruct,astronomy,random,mmlu:astronomy,meta_llama_llama_3_8b_instruct,800.0,random_uniform,BayPIRE,0.0136471537541484,0.0017558749025723,0.0168280642016254,0.0019843552461214,0.0108231251629294,0.0022245722662432,0.1531015223269431,0.0099447157840333,0.0391861416277691,0.0030790696657108,0.9,0.934,0.0327278338896895,0.0655321646483823,0.0071383250468625,0.0656421154789798,0.006969398950201,0.999,0.0031622776601683,0.0920090460526315,0.005440562207209,0.0934210526315789,0.0051895436693856,1.0,0.0,0.0337942032467955,0.0016433083520818,1.0,0.0,0.0344504934210525,0.0014281246727236
meta_llama_llama_3_8b_instruct,astronomy,random,mmlu:astronomy,meta_llama_llama_3_8b_instruct,800.0,random_uniform,PE-Rasch,0.0493693332861897,0.0053670271467257,0.0757161094142887,0.0062775018164846,0.037594432074863,0.0061578017102133,0.2342512493677205,0.0232062771545515,0.0578415892539137,0.0048097742560637,1.0,,,,,,,,,,,,,,,,,,,,
meta_llama_llama_3_8b_instruct,astronomy,random,mmlu:astronomy,meta_llama_llama_3_8b_instruct,1600.0,random_uniform,Avg,0.0909574087346175,0.0109507515957398,0.1140167311780675,0.0132355935846234,0.0801721609998961,0.0105966779546609,0.6892500460322135,0.0375165892279303,0.2327396224640172,0.0038160498130324,,,,,,,,,,,,,,,,,,,,,
meta_llama_llama_3_8b_instruct,astronomy,random,mmlu:astronomy,meta_llama_llama_3_8b_instruct,1600.0,random_uniform,BayPIRE,0.0121858888602535,0.0013935681331123,0.0151755450044584,0.0012130378789741,0.0089068893710933,0.0011858965881805,0.1246582672912077,0.0026943975375283,0.0345927155277587,0.0006803505689044,0.5,0.836,0.0620394139953698,0.0446589087849233,0.0041799234026586,0.0448130146247823,0.0041913975879422,0.992,0.0103279555898864,0.0729504934210525,0.0024496592525985,0.0730263157894736,0.0020804458290581,1.0,0.0,0.0188520507660938,0.0004830804434585,1.0,0.0,0.0198442434210526,0.0005987344391643
meta_llama_llama_3_8b_instruct,astronomy,random,mmlu:astronomy,meta_llama_llama_3_8b_instruct,1600.0,random_uniform,PE-Rasch,0.0362681338106417,0.0022522690553911,0.0480213572267026,0.0040455497545173,0.026077047265479,0.0026291238001465,0.1761095942713678,0.0136818754823881,0.047340991182347,0.0024470016706794,1.0,,,,,,,,,,,,,,,,,,,,
meta_llama_llama_3_8b_instruct,business_ethics,balanced,mmlu:business_ethics,meta_llama_llama_3_8b_instruct,200.0,two_way_balanced,Avg,0.2964999945218,0.0086476713528363,0.3337591421042225,0.0112462691787823,0.2817399945218001,0.0077762028778987,4.475894470279496,0.1985864568288183,0.3366377505742857,0.0077843405504049,,,,,,,,,,,,,,,,,,,,,
meta_llama_llama_3_8b_instruct,business_ethics,balanced,mmlu:business_ethics,meta_llama_llama_3_8b_instruct,200.0,two_way_balanced,BayPIRE,0.0209968190801446,0.0049345574723671,0.0258790808205894,0.0049174824615446,0.0167221135341074,0.0066195968685395,0.2577312437832847,0.0170307168799845,0.0669609573380284,0.0062519936200151,1.0,0.996,0.006992058987801,0.1762726691056924,0.0259889107293241,0.176082169721146,0.0256425826561701,1.0,0.0,0.2041587499999999,0.0241059086881319,0.2025374999999998,0.0257378645891828,1.0,0.0,0.0783429660133375,0.0029072903472471,1.0,0.0,0.0787302499999999,0.0029882544258963
meta_llama_llama_3_8b_instruct,business_ethics,balanced,mmlu:business_ethics,meta_llama_llama_3_8b_instruct,200.0,two_way_balanced,PE-Rasch,0.0886983477682633,0.0139483227035497,0.1230550172549542,0.0162878646106642,0.0727373470695144,0.0144884394746949,0.3386587769646397,0.036254787044317,0.0901508954696102,0.0116541125986808,1.0,,,,,,,,,,,,,,,,,,,,
meta_llama_llama_3_8b_instruct,business_ethics,balanced,mmlu:business_ethics,meta_llama_llama_3_8b_instruct,400.0,two_way_balanced,Avg,0.1884399981375999,0.0124629403571188,0.2248695853954409,0.0140502385454854,0.1740199981376,0.0117334088022845,1.8520109575356811,0.1948392470050915,0.2754843736097917,0.0067989553863572,,,,,,,,,,,,,,,,,,,,,
meta_llama_llama_3_8b_instruct,business_ethics,balanced,mmlu:business_ethics,meta_llama_llama_3_8b_instruct,400.0,two_way_balanced,BayPIRE,0.0206140575536264,0.0062171212251477,0.0251558113959585,0.0063440914360759,0.0172332637731758,0.0072300580943175,0.1951647244118429,0.0099169458237774,0.051855989269065,0.0033640279122202,1.0,0.924,0.1050079362080155,0.0981176746184057,0.0139689999097399,0.0982363550885715,0.0140595635176875,0.989,0.0280673792466944,0.1318167499999999,0.0116203693913604,0.1320124999999999,0.0122792239281552,0.9,0.3162277660168379,0.0457022595891029,0.0022851788690699,0.9,0.3162277660168379,0.04663575,0.0023545523430391
meta_llama_llama_3_8b_instruct,business_ethics,balanced,mmlu:business_ethics,meta_llama_llama_3_8b_instruct,400.0,two_way_balanced,PE-Rasch,0.0588601612025496,0.0053957460110156,0.0913605268319226,0.0105784922571494,0.0443358464973019,0.0057701841252406,0.3063111766204033,0.0194046175718985,0.075216570082034,0.0054563305535774,1.0,,,,,,,,,,,,,,,,,,,,
meta_llama_llama_3_8b_instruct,business_ethics,balanced,mmlu:business_ethics,meta_llama_llama_3_8b_instruct,800.0,two_way_balanced,Avg,0.133224999632,0.0067684828589245,0.1626901626758256,0.0080990897382492,0.119124999632,0.0060349099612836,0.9324083079405968,0.094252488971228,0.2517547551519565,0.0029954899928618,,,,,,,,,,,,,,,,,,,,,
meta_llama_llama_3_8b_instruct,business_ethics,balanced,mmlu:business_ethics,meta_llama_llama_3_8b_instruct,800.0,two_way_balanced,BayPIRE,0.0172933660940982,0.0009898508694337,0.0219956286520235,0.001246801353698,0.0119641953569512,0.0014291509186138,0.1623632709369448,0.0052627795479571,0.0446838663912713,0.0011470492447248,1.0,0.86,0.0625388767976457,0.0697073026267096,0.009263716203189,0.0699324465066702,0.0094899543138335,0.988,0.0063245553203367,0.1067027499999999,0.0067455930521341,0.1079999999999999,0.0063245553203367,1.0,0.0,0.0283173444060967,0.0004974247259775,1.0,0.0,0.029612,0.0007484148062553
meta_llama_llama_3_8b_instruct,business_ethics,balanced,mmlu:business_ethics,meta_llama_llama_3_8b_instruct,800.0,two_way_balanced,PE-Rasch,0.0549824762125476,0.0057717762738528,0.0778682928171443,0.0082421448966501,0.0396961959738887,0.0061308099120873,0.27190094546015,0.0214004772990047,0.067556613936531,0.0046029701187043,1.0,,,,,,,,,,,,,,,,,,,,
meta_llama_llama_3_8b_instruct,business_ethics,balanced,mmlu:business_ethics,meta_llama_llama_3_8b_instruct,1600.0,two_way_balanced,Avg,0.08503,0.0055133020958405,0.1066881486116223,0.0063804341392166,0.070505,0.0061069154789195,0.6720075733804107,0.005801945753444,0.2362261904761904,0.0019837333748965,,,,,,,,,,,,,,,,,,,,,
meta_llama_llama_3_8b_instruct,business_ethics,balanced,mmlu:business_ethics,meta_llama_llama_3_8b_instruct,1600.0,two_way_balanced,BayPIRE,0.01592625802115,0.000797753137256,0.0200697105807057,0.0006703127023395,0.0101596333554413,0.0012752012756402,0.1508208078282397,0.0034570596772105,0.0431532327486135,0.0008216237203091,1.0,0.75,0.0731816613336671,0.0484131973560088,0.0085880342541546,0.0485212378461344,0.0085160439598332,0.978,0.0042163702135578,0.0881999999999999,0.004255666810266,0.0899999999999999,0.0047140452079103,1.0,0.0,0.0173355588264976,0.0004260344841981,1.0,0.0,0.0189914999999999,0.0005700233913328
meta_llama_llama_3_8b_instruct,business_ethics,balanced,mmlu:business_ethics,meta_llama_llama_3_8b_instruct,1600.0,two_way_balanced,PE-Rasch,0.0389860414707207,0.0027001344128253,0.0499662508066045,0.0023566767771567,0.025930907772886,0.0028909688393008,0.2088734923672137,0.0166258635664249,0.0556487531553962,0.0017150289831457,1.0,,,,,,,,,,,,,,,,,,,,
meta_llama_llama_3_8b_instruct,business_ethics,random,mmlu:business_ethics,meta_llama_llama_3_8b_instruct,200.0,random_uniform,Avg,0.2752933282292333,0.0183353113914889,0.338955521392706,0.0196534864643,0.2596699948959,0.0183553632639708,4.412911304055848,0.3712817393507361,0.3401110329827211,0.0136562277123435,,,,,,,,,,,,,,,,,,,,,
meta_llama_llama_3_8b_instruct,business_ethics,random,mmlu:business_ethics,meta_llama_llama_3_8b_instruct,200.0,random_uniform,BayPIRE,0.0260429348916232,0.0088302103824981,0.0310155044508578,0.0089914460977024,0.0222801131852947,0.0107328567795806,0.3024565879987441,0.0112886911919479,0.0850488471732138,0.0058156136551234,1.0,0.999,0.0031622776601683,0.2000323330832,0.02870426197495,0.1999216275869641,0.0284527404939505,1.0,0.0,0.2272112499999999,0.0258215272821062,0.2265874999999997,0.0251605297429216,1.0,0.0,0.1057597687912383,0.0022567913458484,1.0,0.0,0.1057542499999999,0.002288924131673
meta_llama_llama_3_8b_instruct,business_ethics,random,mmlu:business_ethics,meta_llama_llama_3_8b_instruct,200.0,random_uniform,PE-Rasch,0.0990415867810829,0.009818447767049,0.1390733944431628,0.0141144682156652,0.0830815384549071,0.0092268098841712,0.4052591778779552,0.023494502192616,0.1152538701675436,0.0057525286985458,1.0,,,,,,,,,,,,,,,,,,,,
meta_llama_llama_3_8b_instruct,business_ethics,random,mmlu:business_ethics,meta_llama_llama_3_8b_instruct,400.0,random_uniform,Avg,0.2054406465103493,0.01801546445005,0.2565581136590714,0.0239840351267282,0.188827313177016,0.0177311932517453,2.581338165987645,0.3619845856338015,0.2918588167972699,0.0129611952170894,,,,,,,,,,,,,,,,,,,,,
meta_llama_llama_3_8b_instruct,business_ethics,random,mmlu:business_ethics,meta_llama_llama_3_8b_instruct,400.0,random_uniform,BayPIRE,0.0199185673227948,0.0052351717874098,0.0247499958985185,0.0051552377769843,0.0162396006073185,0.0063799286208227,0.2194433720829459,0.0090503767383135,0.0593486808625642,0.0037556943107263,1.0,0.967,0.0429599296502631,0.1153794491338124,0.0155940074138519,0.1154965330512691,0.0159012919835131,0.996,0.0051639777949432,0.1473504999999999,0.0131633511542885,0.148,0.0122927259430571,0.9,0.3162277660168379,0.0595309280821175,0.0029524477278935,0.9,0.3162277660168379,0.0596177499999999,0.003538843276568
meta_llama_llama_3_8b_instruct,business_ethics,random,mmlu:business_ethics,meta_llama_llama_3_8b_instruct,400.0,random_uniform,PE-Rasch,0.0667081263471048,0.0088627540866245,0.1004916699976781,0.0140874102068319,0.0512346519657243,0.0101277897647963,0.3389795610712983,0.0395529168127077,0.0847815646332763,0.0098105735249646,1.0,,,,,,,,,,,,,,,,,,,,
meta_llama_llama_3_8b_instruct,business_ethics,random,mmlu:business_ethics,meta_llama_llama_3_8b_instruct,800.0,random_uniform,Avg,0.134529974102341,0.0132190028988221,0.1692602577216795,0.0135474160649341,0.1191577763001432,0.0129534296379105,1.1349429059944622,0.1315539771027104,0.2544601099797506,0.0056932273308553,,,,,,,,,,,,,,,,,,,,,
meta_llama_llama_3_8b_instruct,business_ethics,random,mmlu:business_ethics,meta_llama_llama_3_8b_instruct,800.0,random_uniform,BayPIRE,0.0172685254351274,0.0012950424294469,0.0222427512665855,0.0014349041501425,0.0128611954508778,0.0018019529538926,0.1674867067506765,0.0050414716715651,0.0462285889519833,0.0009861810469241,1.0,0.866,0.0514673575083167,0.0704642888687557,0.0067263804570052,0.0706557337941374,0.0067768906789909,0.986,0.0096609178307929,0.1071447499999999,0.0051886344074225,0.1050749999999997,0.0070129344785191,1.0,0.0,0.0315642098127736,0.0018046483766263,1.0,0.0,0.0328529999999998,0.0016494122690623
meta_llama_llama_3_8b_instruct,business_ethics,random,mmlu:business_ethics,meta_llama_llama_3_8b_instruct,800.0,random_uniform,PE-Rasch,0.0533111789446413,0.004670047419002,0.0758402926205142,0.0079225403737428,0.0378087033935371,0.005141833083909,0.2835994578829418,0.0176087795593012,0.0681546033703241,0.0031528870134716,1.0,,,,,,,,,,,,,,,,,,,,
meta_llama_llama_3_8b_instruct,business_ethics,random,mmlu:business_ethics,meta_llama_llama_3_8b_instruct,1600.0,random_uniform,Avg,0.0867597893477494,0.0059283255766145,0.1100915553441485,0.0079768364942137,0.0728940937502164,0.0060649677544411,0.6867764858794525,0.0291640246482573,0.2372661629071186,0.0027102504041191,,,,,,,,,,,,,,,,,,,,,
meta_llama_llama_3_8b_instruct,business_ethics,random,mmlu:business_ethics,meta_llama_llama_3_8b_instruct,1600.0,random_uniform,BayPIRE,0.0161042381368898,0.001070707319292,0.0203776783438201,0.0013498508835058,0.0095848098824559,0.0021962704809416,0.1515540279044856,0.0036322360228452,0.0431817841781322,0.0009050089891514,1.0,0.786,0.0969765149118303,0.0541429911382857,0.0126981750887426,0.0545610491506463,0.0128388611056279,0.979,0.0128668393770792,0.0925027499999999,0.0075434134671321,0.0939999999999999,0.0084327404271156,0.9,0.3162277660168379,0.0184022853037972,0.0008266245734372,0.9,0.3162277660168379,0.01998325,0.0006105394358907
meta_llama_llama_3_8b_instruct,business_ethics,random,mmlu:business_ethics,meta_llama_llama_3_8b_instruct,1600.0,random_uniform,PE-Rasch,0.0396692500342246,0.0020630791008706,0.0521794449266642,0.0018614548682285,0.0272030636454169,0.0027936043461027,0.2120828028838469,0.0157420801645049,0.0572310515961392,0.0018310292496735,1.0,,,,,,,,,,,,,,,,,,,,
meta_llama_llama_3_8b_instruct,clinical_knowledge,balanced,mmlu:clinical_knowledge,meta_llama_llama_3_8b_instruct,200.0,two_way_balanced,Avg,0.284049050807849,0.0103162299398779,0.3083087771910053,0.0161899871878073,0.2739811262795471,0.0104063287484662,3.869315558778081,0.264887121184415,0.2983992356557415,0.0100375936580527,,,,,,,,,,,,,,,,,,,,,
meta_llama_llama_3_8b_instruct,clinical_knowledge,balanced,mmlu:clinical_knowledge,meta_llama_llama_3_8b_instruct,200.0,two_way_balanced,BayPIRE,0.0294994197902954,0.0071336044185114,0.0354658976007226,0.0085132303716398,0.0229655117357047,0.0092383799450908,0.5178666822996977,0.005722361277759,0.1702815389572302,0.0029540212041731,1.0,1.0,0.0,0.3678183363076111,0.0570706382427862,0.3573166088074117,0.0500408165700591,1.0,0.0,0.3781297169811319,0.0557487193779725,0.3674150943396225,0.0499144317449395,1.0,0.0,0.1124003508964751,0.0038311202539655,1.0,0.0,0.1125057547169811,0.003955899636575
meta_llama_llama_3_8b_instruct,clinical_knowledge,balanced,mmlu:clinical_knowledge,meta_llama_llama_3_8b_instruct,200.0,two_way_balanced,PE-Rasch,0.1629776149085397,0.0118679016538774,0.1911745023931125,0.0178541460327915,0.1529323318896718,0.0119195961706876,0.513387318240997,0.0230665735505566,0.1538978451466967,0.009667343816297,1.0,,,,,,,,,,,,,,,,,,,,
meta_llama_llama_3_8b_instruct,clinical_knowledge,balanced,mmlu:clinical_knowledge,meta_llama_llama_3_8b_instruct,400.0,two_way_balanced,Avg,0.1735179218789056,0.0170179716472598,0.2188202856347108,0.0167955575494599,0.1648273558411698,0.0169145299593002,1.9328195863291853,0.320921547486284,0.2512449696954789,0.0076472861154936,,,,,,,,,,,,,,,,,,,,,
meta_llama_llama_3_8b_instruct,clinical_knowledge,balanced,mmlu:clinical_knowledge,meta_llama_llama_3_8b_instruct,400.0,two_way_balanced,BayPIRE,0.0143821504060839,0.0030655812404745,0.0175093317184883,0.0032904511825786,0.0115545297335997,0.0040020950849426,0.2348696537557822,0.0134455706265124,0.057959582599195,0.0048390223141614,1.0,1.0,0.0,0.1395830976540936,0.0238481596599943,0.1391338535835917,0.0235755424974661,1.0,0.0,0.1515039622641509,0.0223431271367284,0.1516981132075472,0.022275163392381,1.0,0.0,0.0545735214710882,0.0026765413868374,1.0,0.0,0.054858962264151,0.0026164725892264
meta_llama_llama_3_8b_instruct,clinical_knowledge,balanced,mmlu:clinical_knowledge,meta_llama_llama_3_8b_instruct,400.0,two_way_balanced,PE-Rasch,0.0722152406551201,0.0149799151858906,0.1027255901466737,0.0215796234482211,0.0618481591283399,0.0149139995161917,0.2888313584759733,0.0424443688855453,0.0742972309091554,0.013554454031346,1.0,,,,,,,,,,,,,,,,,,,,
meta_llama_llama_3_8b_instruct,clinical_knowledge,balanced,mmlu:clinical_knowledge,meta_llama_llama_3_8b_instruct,800.0,two_way_balanced,Avg,0.1230259428434339,0.008886688164067,0.1536393209540734,0.0118169304792316,0.1136014145415471,0.0085586921845228,0.9141204340134716,0.0701522964830882,0.226838946654786,0.0038387027593864,,,,,,,,,,,,,,,,,,,,,
meta_llama_llama_3_8b_instruct,clinical_knowledge,balanced,mmlu:clinical_knowledge,meta_llama_llama_3_8b_instruct,800.0,two_way_balanced,BayPIRE,0.0116347496994871,0.0016203049085021,0.0144007652789647,0.001796987303434,0.0096887344107396,0.0019284928591859,0.1599576512314313,0.0049916125659894,0.0399845475645773,0.0012202622600612,0.6,0.965,0.0324037034920393,0.0629409463881492,0.0041597998889272,0.0628954720189534,0.0040833350286781,0.992,0.0091893658347268,0.0797409433962264,0.0037476176840023,0.0796320754716981,0.0041424656136068,1.0,0.0,0.0291135954926676,0.0012079335537691,1.0,0.0,0.0297006603773584,0.0012730057732881
meta_llama_llama_3_8b_instruct,clinical_knowledge,balanced,mmlu:clinical_knowledge,meta_llama_llama_3_8b_instruct,800.0,two_way_balanced,PE-Rasch,0.0455075380582551,0.0044516373366866,0.0694689741524526,0.0064994790301526,0.0351306837687473,0.0043186503822943,0.2301066279318813,0.0123364612916869,0.0561620976743737,0.0026104148347999,1.0,,,,,,,,,,,,,,,,,,,,
meta_llama_llama_3_8b_instruct,clinical_knowledge,balanced,mmlu:clinical_knowledge,meta_llama_llama_3_8b_instruct,1600.0,two_way_balanced,Avg,0.0887561320190943,0.00647183928289,0.1093643761837192,0.0070201546774056,0.0799226414530566,0.0064526695443817,0.6580206837574946,0.0317992651099066,0.2151396523237751,0.0017522413310246,,,,,,,,,,,,,,,,,,,,,
meta_llama_llama_3_8b_instruct,clinical_knowledge,balanced,mmlu:clinical_knowledge,meta_llama_llama_3_8b_instruct,1600.0,two_way_balanced,BayPIRE,0.0106432605693778,0.0008638800796714,0.0133370344593204,0.0009484497332682,0.0083956806113609,0.0008317026461091,0.1283030064646949,0.0032237005005872,0.0345653750960638,0.0007249271638214,0.1,0.891,0.0585851706682008,0.0456579132899436,0.0084198891924981,0.0455495675309739,0.008423503497695,0.983,0.0149443411809732,0.0631052830188679,0.0064400539259422,0.0637735849056604,0.0069921721306602,1.0,0.0,0.0176561211946809,0.0006080197251074,1.0,0.0,0.0181462264150942,0.0007093677485938
meta_llama_llama_3_8b_instruct,clinical_knowledge,balanced,mmlu:clinical_knowledge,meta_llama_llama_3_8b_instruct,1600.0,two_way_balanced,PE-Rasch,0.0358028729772439,0.0036198464898764,0.0485197675083861,0.0045628197798478,0.0271324969317263,0.0042049364716875,0.1799743083114638,0.0115605810225469,0.0456816148008864,0.0018881880602898,1.0,,,,,,,,,,,,,,,,,,,,
meta_llama_llama_3_8b_instruct,clinical_knowledge,random,mmlu:clinical_knowledge,meta_llama_llama_3_8b_instruct,200.0,random_uniform,Avg,0.256454648774088,0.0255721365650322,0.3221187432294377,0.0239561706110334,0.2463418455395866,0.0254175288335285,3.9721902211039497,0.4562660473448212,0.3073778376347954,0.0157180644092663,,,,,,,,,,,,,,,,,,,,,
meta_llama_llama_3_8b_instruct,clinical_knowledge,random,mmlu:clinical_knowledge,meta_llama_llama_3_8b_instruct,200.0,random_uniform,BayPIRE,0.0160511901211361,0.0063552540736514,0.0199304635125956,0.0075060540238835,0.0108959117908508,0.0081558265216129,0.4329300128721485,0.0093159912529951,0.1352500081111172,0.0037620161334657,1.0,1.0,0.0,0.2515123696325455,0.0506009301311406,0.2510629109808776,0.0499462400010885,1.0,0.0,0.2605676415094339,0.049138027152121,0.2596745283018867,0.048881836984572,1.0,0.0,0.115810475416408,0.0030521365389926,1.0,0.0,0.1165304716981132,0.0032217495737024
meta_llama_llama_3_8b_instruct,clinical_knowledge,random,mmlu:clinical_knowledge,meta_llama_llama_3_8b_instruct,200.0,random_uniform,PE-Rasch,0.1587092414905091,0.0156793338716997,0.200744203152389,0.0199079952099284,0.1487365588873464,0.0154935697545643,0.5756262683978891,0.0326548699160177,0.1795872448220705,0.0097253134194112,1.0,,,,,,,,,,,,,,,,,,,,
meta_llama_llama_3_8b_instruct,clinical_knowledge,random,mmlu:clinical_knowledge,meta_llama_llama_3_8b_instruct,400.0,random_uniform,Avg,0.2090017103559874,0.0114719532191159,0.2638837477637142,0.0148063417513893,0.1993045270675777,0.0118829786985551,2.6670320444052513,0.2080876540807182,0.2733365177550872,0.0081741439891561,,,,,,,,,,,,,,,,,,,,,
meta_llama_llama_3_8b_instruct,clinical_knowledge,random,mmlu:clinical_knowledge,meta_llama_llama_3_8b_instruct,400.0,random_uniform,BayPIRE,0.0137308857488313,0.0038089939847959,0.0167913056495023,0.0039544817909997,0.0108206942109104,0.0048230680983195,0.2962464238526431,0.0108111378562005,0.0846405994626094,0.0047349072066437,1.0,0.999,0.0031622776601683,0.1387201357447378,0.0142726764231167,0.1386940958259584,0.014364507939615,0.999,0.0031622776601683,0.1504872641509434,0.0133057713245759,0.1505943396226415,0.0140163444969519,1.0,0.0,0.0718571197568509,0.0027066923784843,1.0,0.0,0.0724114150943396,0.0028454997946799
meta_llama_llama_3_8b_instruct,clinical_knowledge,random,mmlu:clinical_knowledge,meta_llama_llama_3_8b_instruct,400.0,random_uniform,PE-Rasch,0.0952777028397623,0.0105228032850534,0.1357709158026,0.017213980669312,0.0859147159618105,0.0114351516190755,0.3965101692826282,0.032573225568361,0.1136589282539239,0.0083863902451018,1.0,,,,,,,,,,,,,,,,,,,,
meta_llama_llama_3_8b_instruct,clinical_knowledge,random,mmlu:clinical_knowledge,meta_llama_llama_3_8b_instruct,800.0,random_uniform,Avg,0.1265617442671813,0.0123633744146913,0.1616353413027067,0.0152800251466762,0.1168372121954794,0.0118157925778163,1.0871598029285283,0.1450144406132887,0.2294834619425543,0.005280172398173,,,,,,,,,,,,,,,,,,,,,
meta_llama_llama_3_8b_instruct,clinical_knowledge,random,mmlu:clinical_knowledge,meta_llama_llama_3_8b_instruct,800.0,random_uniform,BayPIRE,0.0125977116246892,0.0025569001036442,0.0156466444426212,0.0025221815200784,0.0104042004791071,0.0029007406736755,0.1903357527133617,0.0112730854467209,0.0501800220321619,0.0048081216001782,0.9,0.984,0.0107496769977314,0.0777920203365718,0.0097588502466933,0.0777012776552427,0.0098245667251196,0.996,0.006992058987801,0.0933662264150943,0.0079734019217996,0.0930424528301887,0.0074503502096817,1.0,0.0,0.041221980639941,0.0013723364467998,1.0,0.0,0.0415882075471698,0.001382606258219
meta_llama_llama_3_8b_instruct,clinical_knowledge,random,mmlu:clinical_knowledge,meta_llama_llama_3_8b_instruct,800.0,random_uniform,PE-Rasch,0.0607625462296659,0.0074914232902718,0.0907362238501107,0.0104292728732015,0.0504773304376016,0.0081724176030401,0.2791393731930855,0.0279499858112637,0.0716813439540207,0.0069783334956348,1.0,,,,,,,,,,,,,,,,,,,,
meta_llama_llama_3_8b_instruct,clinical_knowledge,random,mmlu:clinical_knowledge,meta_llama_llama_3_8b_instruct,1600.0,random_uniform,Avg,0.0887643168141274,0.0072177234372766,0.1108843015927632,0.0089508200896872,0.0791585761949514,0.0079998311177602,0.66014059435746,0.0379347993573709,0.2154821366707604,0.0020774313508941,,,,,,,,,,,,,,,,,,,,,
meta_llama_llama_3_8b_instruct,clinical_knowledge,random,mmlu:clinical_knowledge,meta_llama_llama_3_8b_instruct,1600.0,random_uniform,BayPIRE,0.0106924458118541,0.0005703283504369,0.013506218616742,0.0006507395467527,0.0078691806061558,0.0007515524164604,0.1315933006835488,0.003869648361256,0.0350224416266703,0.0010241287938083,0.0,0.919,0.0378447119452932,0.0482462848606296,0.0058307251721907,0.0483348718452125,0.0058453517860665,0.983,0.0105934990547138,0.0658204716981132,0.0044981163304355,0.0664150943396227,0.0044293878897255,1.0,0.0,0.0215588342304781,0.0004863792041936,1.0,0.0,0.0220512264150943,0.0005418769251713
meta_llama_llama_3_8b_instruct,clinical_knowledge,random,mmlu:clinical_knowledge,meta_llama_llama_3_8b_instruct,1600.0,random_uniform,PE-Rasch,0.0405233545335138,0.0053571385085487,0.0565437766323678,0.0078006221368909,0.0304113523732105,0.0055680535888763,0.1889287751086244,0.0087104543990077,0.0486179473731096,0.0027048998426584,1.0,,,,,,,,,,,,,,,,,,,,
meta_llama_llama_3_8b_instruct,college_biology,balanced,mmlu:college_biology,meta_llama_llama_3_8b_instruct,200.0,two_way_balanced,Avg,0.2641805492148611,0.0083823658490471,0.2842552869523462,0.0160291231172972,0.2506527714370833,0.0089778532580796,3.361067485646644,0.2725421367593161,0.2582781656335212,0.0092253585462688,,,,,,,,,,,,,,,,,,,,,
meta_llama_llama_3_8b_instruct,college_biology,balanced,mmlu:college_biology,meta_llama_llama_3_8b_instruct,200.0,two_way_balanced,BayPIRE,0.0196277022173471,0.0049790417569466,0.0247589838466092,0.0055331738748838,0.0149617894925451,0.0069222336888793,0.2627512814358859,0.0190466559205409,0.0692916646819637,0.007949149381623,1.0,0.998,0.0042163702135578,0.2080197921386844,0.027873953679522,0.206417166940983,0.0260847529222497,0.999,0.0031622776601683,0.2253072916666665,0.0260877977725717,0.2236545138888886,0.0226776271925108,1.0,0.0,0.0843027918750805,0.0026115410469981,1.0,0.0,0.0849696180555555,0.0027388362281553
meta_llama_llama_3_8b_instruct,college_biology,balanced,mmlu:college_biology,meta_llama_llama_3_8b_instruct,200.0,two_way_balanced,PE-Rasch,0.0931695005296618,0.0147541056024501,0.1258363490173101,0.0202682911874176,0.0792742675567173,0.0146087095089764,0.2830008458596816,0.0402138171453867,0.0774609366308149,0.0131205421673291,1.0,,,,,,,,,,,,,,,,,,,,
meta_llama_llama_3_8b_instruct,college_biology,balanced,mmlu:college_biology,meta_llama_llama_3_8b_instruct,400.0,two_way_balanced,Avg,0.1569166631569444,0.0080624834301118,0.203828343743471,0.0100267584565501,0.1448888853791666,0.0088143209151018,1.960885811722277,0.1780305150783445,0.2189857125785714,0.0044164883841966,,,,,,,,,,,,,,,,,,,,,
meta_llama_llama_3_8b_instruct,college_biology,balanced,mmlu:college_biology,meta_llama_llama_3_8b_instruct,400.0,two_way_balanced,BayPIRE,0.0152209738913709,0.0024278178685565,0.0204716992954089,0.002870948703389,0.0130308255966927,0.0029137296259602,0.1603857758315866,0.0116958919646291,0.0385964205179665,0.0036299632454042,1.0,0.95,0.038873012632302,0.0882939836841967,0.0117689795938026,0.0881651646038045,0.0117011162045097,0.982,0.0175119007154182,0.1115427083333332,0.0100351013160482,0.1125,0.0107582870727983,1.0,0.0,0.0433856146545068,0.002283636376879,1.0,0.0,0.0437126736111111,0.0024918987193256
meta_llama_llama_3_8b_instruct,college_biology,balanced,mmlu:college_biology,meta_llama_llama_3_8b_instruct,400.0,two_way_balanced,PE-Rasch,0.0408005829309765,0.0048463628140004,0.0682792749296114,0.0125016138773134,0.0253603291158041,0.0054684072802992,0.1999600994362232,0.022490493325049,0.0483268425775814,0.0059540044842956,1.0,,,,,,,,,,,,,,,,,,,,
meta_llama_llama_3_8b_instruct,college_biology,balanced,mmlu:college_biology,meta_llama_llama_3_8b_instruct,800.0,two_way_balanced,Avg,0.1159444434433333,0.0084195766636896,0.1420265201846983,0.0091927417843786,0.1036111101099999,0.0082066631124045,0.9806932750281752,0.1172065552959373,0.1974623156748529,0.0027744243239728,,,,,,,,,,,,,,,,,,,,,
meta_llama_llama_3_8b_instruct,college_biology,balanced,mmlu:college_biology,meta_llama_llama_3_8b_instruct,800.0,two_way_balanced,BayPIRE,0.0151187188597023,0.0021948728078585,0.0193611562827534,0.0017528222012031,0.0128318680675967,0.0025521016231386,0.1176836700852453,0.0048852916078615,0.0301339859828193,0.0012772565139307,0.9,0.8630000000000001,0.0559861093883513,0.0566036672150899,0.0083161478550636,0.0565181305156237,0.0081797942184771,0.974,0.0126491106406735,0.0823298611111111,0.0065758698989061,0.0819444444444444,0.0071721913818655,0.8,0.4216370213557839,0.0258450109854315,0.0008314500998685,0.8,0.4216370213557839,0.0265295138888888,0.0009271848357297
meta_llama_llama_3_8b_instruct,college_biology,balanced,mmlu:college_biology,meta_llama_llama_3_8b_instruct,800.0,two_way_balanced,PE-Rasch,0.037328264549232,0.0034518664221447,0.0575784453260453,0.0078890494480377,0.0249592986438175,0.0051736767062013,0.1706989850146005,0.0128989769249188,0.0424424228286958,0.0027649396610569,1.0,,,,,,,,,,,,,,,,,,,,
meta_llama_llama_3_8b_instruct,college_biology,balanced,mmlu:college_biology,meta_llama_llama_3_8b_instruct,1600.0,two_way_balanced,Avg,0.0843333331733333,0.0054272608816893,0.102877579073927,0.0063410672238977,0.0725694442844444,0.0060772595767305,0.6463804179179932,0.0645939883151325,0.188212890534375,0.001508184040797,,,,,,,,,,,,,,,,,,,,,
meta_llama_llama_3_8b_instruct,college_biology,balanced,mmlu:college_biology,meta_llama_llama_3_8b_instruct,1600.0,two_way_balanced,BayPIRE,0.0134564112173126,0.0009612130989135,0.0176999591315654,0.0010327986673144,0.0100724165998888,0.0013322325662141,0.1033384623693014,0.0027957258245157,0.0282812504150325,0.0006970455496297,0.3,0.786,0.086178110136314,0.0412102797259059,0.0055611652258077,0.0414169424755164,0.0056093867576228,0.952,0.013984117975602,0.0669194444444444,0.0037084818173502,0.0673611111111111,0.0033544853579142,0.8,0.4216370213557839,0.0154181867067842,0.0005622548091554,0.8,0.4216370213557839,0.0163206597222221,0.0005827423025931
meta_llama_llama_3_8b_instruct,college_biology,balanced,mmlu:college_biology,meta_llama_llama_3_8b_instruct,1600.0,two_way_balanced,PE-Rasch,0.0300150522452677,0.002313141903747,0.0388070306083431,0.0032197116253334,0.0186260234788307,0.0030078227058068,0.144975478934997,0.0085680402811349,0.0379186300625667,0.0021919142289344,1.0,,,,,,,,,,,,,,,,,,,,
meta_llama_llama_3_8b_instruct,college_biology,random,mmlu:college_biology,meta_llama_llama_3_8b_instruct,200.0,random_uniform,Avg,0.2340963433625297,0.0135450801264406,0.2957960020604136,0.0159824696728821,0.2196196766958631,0.0131034915179669,3.5345268423010863,0.2077292527538091,0.2649398411604254,0.0093608313111595,,,,,,,,,,,,,,,,,,,,,
meta_llama_llama_3_8b_instruct,college_biology,random,mmlu:college_biology,meta_llama_llama_3_8b_instruct,200.0,random_uniform,BayPIRE,0.0241864267139931,0.0097561055318267,0.0289531934430402,0.0095044949932782,0.0221098468968238,0.0108969992656611,0.2980828543535693,0.01877147812999,0.0842473464908716,0.0084499125596158,1.0,0.996,0.006992058987801,0.184558379183189,0.0202373295793706,0.184152648348178,0.0200826132081424,1.0,0.0,0.202444097222222,0.0184729077667101,0.2017708333333332,0.0195249775593356,1.0,0.0,0.100417641826476,0.0048603467709137,1.0,0.0,0.1005453124999999,0.0046910086641365
meta_llama_llama_3_8b_instruct,college_biology,random,mmlu:college_biology,meta_llama_llama_3_8b_instruct,200.0,random_uniform,PE-Rasch,0.0969221442437778,0.0098575679767618,0.1339215862780067,0.0153040674482348,0.0832613164555923,0.0104888367260813,0.3548340543777163,0.0285014996619979,0.1044610493351548,0.0081973054704461,1.0,,,,,,,,,,,,,,,,,,,,
meta_llama_llama_3_8b_instruct,college_biology,random,mmlu:college_biology,meta_llama_llama_3_8b_instruct,400.0,random_uniform,Avg,0.1838430441951317,0.014485540718866,0.2253666079586883,0.02191447625678,0.1708224886395761,0.0146804186480862,2.357576829818675,0.2665639323569436,0.2289334076366709,0.0112130718857037,,,,,,,,,,,,,,,,,,,,,
meta_llama_llama_3_8b_instruct,college_biology,random,mmlu:college_biology,meta_llama_llama_3_8b_instruct,400.0,random_uniform,BayPIRE,0.0173598855648949,0.0041336168711773,0.0226950791393952,0.0043756358083266,0.0151724246780738,0.0047719294481577,0.202026616861002,0.0129032409115896,0.0540948583759032,0.0050534589369996,1.0,0.965,0.0217306746840088,0.1040299943748786,0.0120639498569215,0.1040346746735362,0.012128915716285,0.987,0.0082327260234856,0.1265826388888888,0.0106490337544361,0.1264149305555554,0.0102704868160917,1.0,0.0,0.0583455825241792,0.0015283738416631,1.0,0.0,0.0590006944444444,0.001685835346256
meta_llama_llama_3_8b_instruct,college_biology,random,mmlu:college_biology,meta_llama_llama_3_8b_instruct,400.0,random_uniform,PE-Rasch,0.0551003237726414,0.0090724813178102,0.0872527712250634,0.01609091187403,0.0407089081917772,0.0093174498505436,0.2614843937653431,0.0280410056239803,0.0685066475738408,0.0076669507775141,1.0,,,,,,,,,,,,,,,,,,,,
meta_llama_llama_3_8b_instruct,college_biology,random,mmlu:college_biology,meta_llama_llama_3_8b_instruct,800.0,random_uniform,Avg,0.1257283945348707,0.0110202570625611,0.1564898204108205,0.0149092486697522,0.1127892003956766,0.0115051004679063,1.2223303061798556,0.1676347566476969,0.202231974510359,0.0052474274761816,,,,,,,,,,,,,,,,,,,,,
meta_llama_llama_3_8b_instruct,college_biology,random,mmlu:college_biology,meta_llama_llama_3_8b_instruct,800.0,random_uniform,BayPIRE,0.01387769293296,0.0006217156501638,0.0182824924170242,0.0007314277582085,0.0110866811980386,0.0006527599796772,0.1282195709899335,0.0064218135080005,0.0329166647732184,0.0017897011520088,1.0,0.917,0.0235937844922485,0.0629108337288726,0.0068102527825267,0.0629887547810319,0.0068038213713334,0.981,0.0099442892601175,0.0876687499999999,0.0058140707574388,0.0881944444444444,0.0057171708496428,1.0,0.0,0.0307118915953747,0.0015051633917376,1.0,0.0,0.0311565972222222,0.0012536808160625
meta_llama_llama_3_8b_instruct,college_biology,random,mmlu:college_biology,meta_llama_llama_3_8b_instruct,800.0,random_uniform,PE-Rasch,0.0419872990039126,0.0059797057426897,0.0660110025204234,0.0172154510772632,0.0287791234441386,0.0060600002576945,0.1955670999866873,0.0191409430298496,0.0486276635052649,0.0051531095427285,1.0,,,,,,,,,,,,,,,,,,,,
meta_llama_llama_3_8b_instruct,college_biology,random,mmlu:college_biology,meta_llama_llama_3_8b_instruct,1600.0,random_uniform,Avg,0.0810039699306279,0.0067391527201942,0.0993149738035512,0.0072448472510526,0.068018952726806,0.0066217616518959,0.6399306740280333,0.0377157213782884,0.1872724738293841,0.0017014214435184,,,,,,,,,,,,,,,,,,,,,
meta_llama_llama_3_8b_instruct,college_biology,random,mmlu:college_biology,meta_llama_llama_3_8b_instruct,1600.0,random_uniform,BayPIRE,0.0129497572854409,0.0004265000239854,0.0173180587920108,0.0008305496337719,0.0095482447591921,0.0008771286167015,0.1045828527718426,0.0038674914556351,0.0282673902146834,0.000723540427498,0.5,0.808,0.0575036230742608,0.0423655923342136,0.0069646594188478,0.0425293841542373,0.0071317625375575,0.96,0.0210818510677891,0.0685277777777777,0.0051037427256334,0.068767361111111,0.0051530307269615,1.0,0.0,0.0167379170881642,0.0007690252407269,1.0,0.0,0.0175501736111111,0.0006214924564503
meta_llama_llama_3_8b_instruct,college_biology,random,mmlu:college_biology,meta_llama_llama_3_8b_instruct,1600.0,random_uniform,PE-Rasch,0.0314409863382633,0.0016373297816785,0.0416771087476496,0.0032683750424905,0.0196795711632367,0.0032192480594372,0.1489190666929791,0.0157484512563571,0.0386327459084953,0.0021218626141229,1.0,,,,,,,,,,,,,,,,,,,,
meta_llama_llama_3_8b_instruct,college_chemistry,balanced,mmlu:college_chemistry,meta_llama_llama_3_8b_instruct,200.0,two_way_balanced,Avg,0.2707399950706,0.0252197536147871,0.3505037235757405,0.0194689193538179,0.2573399950706,0.0247305563471605,4.9677090851507675,0.4833094164506132,0.3752295868171428,0.0143394119950532,,,,,,,,,,,,,,,,,,,,,
meta_llama_llama_3_8b_instruct,college_chemistry,balanced,mmlu:college_chemistry,meta_llama_llama_3_8b_instruct,200.0,two_way_balanced,BayPIRE,0.0191312911322138,0.002057786379657,0.0237701882848515,0.0021666884283442,0.0145716789492888,0.0023647695961283,0.2611749823911348,0.0115147068155523,0.0662225580434343,0.0043459468986472,1.0,1.0,0.0,0.175423568981577,0.0181724203799768,0.1753747882267456,0.017938089812241,1.0,0.0,0.2049847499999998,0.0172146792758227,0.2050124999999999,0.0189919984979055,1.0,0.0,0.0820412251295051,0.0033080976143627,1.0,0.0,0.0824699999999999,0.0033551668281092
meta_llama_llama_3_8b_instruct,college_chemistry,balanced,mmlu:college_chemistry,meta_llama_llama_3_8b_instruct,200.0,two_way_balanced,PE-Rasch,0.0954212592813276,0.0095999146169282,0.1292235395744879,0.0124047882220044,0.0774002324081547,0.010679366966652,0.3530137569772781,0.0221514070842022,0.0947344611502768,0.0065619609670906,1.0,,,,,,,,,,,,,,,,,,,,
meta_llama_llama_3_8b_instruct,college_chemistry,balanced,mmlu:college_chemistry,meta_llama_llama_3_8b_instruct,400.0,two_way_balanced,Avg,0.1954799987712,0.0130555904156941,0.2428074117525632,0.0114774965573341,0.1804399987712,0.0136942971434804,1.836046218912646,0.1641139271230708,0.3110156237375,0.0059383754387125,,,,,,,,,,,,,,,,,,,,,
meta_llama_llama_3_8b_instruct,college_chemistry,balanced,mmlu:college_chemistry,meta_llama_llama_3_8b_instruct,400.0,two_way_balanced,BayPIRE,0.0182385504105204,0.0016608057783186,0.0229237826287748,0.0020061268626881,0.01438079972416,0.0021450527667396,0.1934136988860958,0.0067212988861657,0.0502996151697351,0.0021872102855592,1.0,0.967,0.0182878222991268,0.1022286793438679,0.0087583183781327,0.1022388932629802,0.0086647753408159,0.997,0.0048304589153965,0.1367157499999999,0.0076376421654344,0.1350499999999997,0.0070324644013004,1.0,0.0,0.0476328605114802,0.002375882208886,1.0,0.0,0.0482044999999999,0.0020973415050698
meta_llama_llama_3_8b_instruct,college_chemistry,balanced,mmlu:college_chemistry,meta_llama_llama_3_8b_instruct,400.0,two_way_balanced,PE-Rasch,0.0645785885643246,0.005928188198976,0.1006574056772691,0.0103501908001431,0.047942237945417,0.0061426963793071,0.304825644875271,0.0287981719643034,0.0761926792822504,0.0063410434008511,1.0,,,,,,,,,,,,,,,,,,,,
meta_llama_llama_3_8b_instruct,college_chemistry,balanced,mmlu:college_chemistry,meta_llama_llama_3_8b_instruct,800.0,two_way_balanced,Avg,0.139529999908,0.0065665905270509,0.1708307958550266,0.0074228704608133,0.1241499999079999,0.0071065306493237,0.8458121050740385,0.0836251133252912,0.281327445555,0.002963781008336,,,,,,,,,,,,,,,,,,,,,
meta_llama_llama_3_8b_instruct,college_chemistry,balanced,mmlu:college_chemistry,meta_llama_llama_3_8b_instruct,800.0,two_way_balanced,BayPIRE,0.017176445898724,0.0009116599475101,0.0215092656858321,0.0012869522458468,0.0121952963192358,0.0010422088122906,0.1634842549852231,0.0048478445636047,0.0459071500720561,0.0015537763168732,1.0,0.8939999999999999,0.0497102716861526,0.0722844097341436,0.0101106645106386,0.07250752257334,0.0102896355312633,0.99,0.0081649658092772,0.1092664999999999,0.0070357649035323,0.1089999999999999,0.0073786478737262,1.0,0.0,0.02921287883159,0.0009168181007076,1.0,0.0,0.030744,0.0012620916281228
meta_llama_llama_3_8b_instruct,college_chemistry,balanced,mmlu:college_chemistry,meta_llama_llama_3_8b_instruct,800.0,two_way_balanced,PE-Rasch,0.0545022097894837,0.0058443981582785,0.0748000304596942,0.0084864763057215,0.0385242019481706,0.005638589744484,0.2668911545257342,0.0184815314714333,0.0683406852770027,0.0037416155670387,1.0,,,,,,,,,,,,,,,,,,,,
meta_llama_llama_3_8b_instruct,college_chemistry,balanced,mmlu:college_chemistry,meta_llama_llama_3_8b_instruct,1600.0,two_way_balanced,Avg,0.09095,0.007731025158412,0.112251002364111,0.0080553617928505,0.074535,0.0065061210495279,0.7251181543629522,0.0058073605824077,0.2644564732142857,0.0024595818032583,,,,,,,,,,,,,,,,,,,,,
meta_llama_llama_3_8b_instruct,college_chemistry,balanced,mmlu:college_chemistry,meta_llama_llama_3_8b_instruct,1600.0,two_way_balanced,BayPIRE,0.0159385611775801,0.0010846817423801,0.0202383406042157,0.0013327560429212,0.0106153853995061,0.000704494335579,0.1464199779683454,0.0030319900283661,0.0426796083672762,0.0008081962277209,1.0,0.743,0.0377270901784558,0.0468455810674785,0.0023431173671456,0.046835668544778,0.0022686443023465,0.977,0.0125166555703457,0.0882299999999999,0.001756126577316,0.09,2.8138429226934406e-17,1.0,0.0,0.0180680137215233,0.000537337241518,1.0,0.0,0.0196019999999999,0.000530465990113
meta_llama_llama_3_8b_instruct,college_chemistry,balanced,mmlu:college_chemistry,meta_llama_llama_3_8b_instruct,1600.0,two_way_balanced,PE-Rasch,0.0388376839043478,0.002680596129056,0.0492621705766328,0.0032237096209993,0.0257592669089024,0.0021221027665845,0.1936074388908656,0.0120669384311313,0.0553997071589641,0.0029773099602392,1.0,,,,,,,,,,,,,,,,,,,,
meta_llama_llama_3_8b_instruct,college_chemistry,random,mmlu:college_chemistry,meta_llama_llama_3_8b_instruct,200.0,random_uniform,Avg,0.2777949954107,0.0144511692004672,0.3473558817165595,0.0106701826819268,0.2616749954107,0.0136209151258994,4.6550030480154545,0.2484459466954686,0.3723164040950567,0.0077637820720483,,,,,,,,,,,,,,,,,,,,,
meta_llama_llama_3_8b_instruct,college_chemistry,random,mmlu:college_chemistry,meta_llama_llama_3_8b_instruct,200.0,random_uniform,BayPIRE,0.021280177795794,0.004968429629429,0.0263057699100562,0.0052165546798571,0.0166725226426269,0.0066840625364066,0.319367879183066,0.0206288486800471,0.0907340886491351,0.008559423348009,1.0,1.0,0.0,0.2010545207954771,0.0233392042357072,0.201149395996792,0.0235752559433359,1.0,0.0,0.2299787499999999,0.0219060660437671,0.2300249999999998,0.021615468355375,1.0,0.0,0.1111322816677195,0.0040855521305812,1.0,0.0,0.1114432499999999,0.0046660864297014
meta_llama_llama_3_8b_instruct,college_chemistry,random,mmlu:college_chemistry,meta_llama_llama_3_8b_instruct,200.0,random_uniform,PE-Rasch,0.1014753502675494,0.0167125412855811,0.1354634783620608,0.0196471534597395,0.0850419176003795,0.0162193053516069,0.4172964284028317,0.0470965322676996,0.1200656880962496,0.0131801961166099,1.0,,,,,,,,,,,,,,,,,,,,
meta_llama_llama_3_8b_instruct,college_chemistry,random,mmlu:college_chemistry,meta_llama_llama_3_8b_instruct,400.0,random_uniform,Avg,0.2173284862591884,0.008136063642072,0.2740054205713761,0.0077934119542101,0.2015326565333587,0.0078812112408585,2.6799659898078665,0.1499199832588084,0.327697818374312,0.0044948235985108,,,,,,,,,,,,,,,,,,,,,
meta_llama_llama_3_8b_instruct,college_chemistry,random,mmlu:college_chemistry,meta_llama_llama_3_8b_instruct,400.0,random_uniform,BayPIRE,0.0185403119751596,0.0016290052180325,0.0232874936038688,0.0019490619545959,0.0146782125170267,0.0023048692111806,0.2170656089231283,0.0091519384673608,0.0579399772499965,0.0039802615438399,1.0,0.982,0.0122927259430571,0.1147938565474966,0.0133398917262914,0.1150253408108977,0.0134308119003619,0.997,0.0048304589153964,0.1490602499999999,0.0114902817300582,0.148025,0.0103067197605359,1.0,0.0,0.0617543231079738,0.0045394352371358,1.0,0.0,0.0630244999999999,0.0042281762879783
meta_llama_llama_3_8b_instruct,college_chemistry,random,mmlu:college_chemistry,meta_llama_llama_3_8b_instruct,400.0,random_uniform,PE-Rasch,0.070100271824497,0.008430896182829,0.1044526718231817,0.0090841377666473,0.0524910688102989,0.0085981178164537,0.3426498315708612,0.0313412753571769,0.0876661004382244,0.0068349558610332,1.0,,,,,,,,,,,,,,,,,,,,
meta_llama_llama_3_8b_instruct,college_chemistry,random,mmlu:college_chemistry,meta_llama_llama_3_8b_instruct,800.0,random_uniform,Avg,0.1408370295676544,0.0102579146432902,0.1795210078259523,0.0135096343173265,0.12531803522866,0.0112216621169507,1.097114946864724,0.1724466596139754,0.284598577348894,0.0056870722321474,,,,,,,,,,,,,,,,,,,,,
meta_llama_llama_3_8b_instruct,college_chemistry,random,mmlu:college_chemistry,meta_llama_llama_3_8b_instruct,800.0,random_uniform,BayPIRE,0.0170846885366427,0.0009253413925176,0.0215004816396027,0.0009809581690113,0.0121220715325072,0.0011165576955601,0.1665234769880124,0.0051274881947701,0.0462017353899524,0.0018001310455139,1.0,0.884,0.0579655069847577,0.0738918332726163,0.0108885771278565,0.0741383440478453,0.0107583913853911,0.992,0.0063245553203367,0.1115057499999999,0.0073363958614643,0.1119999999999999,0.0091893658347268,1.0,0.0,0.0327003696370771,0.0017334640121879,1.0,0.0,0.0337442499999999,0.0020077405937188
meta_llama_llama_3_8b_instruct,college_chemistry,random,mmlu:college_chemistry,meta_llama_llama_3_8b_instruct,800.0,random_uniform,PE-Rasch,0.0549301109704743,0.0064070786686946,0.0748864114255832,0.0101720954640329,0.0392420115407604,0.0078825243369038,0.2638877485789488,0.0317692925899849,0.0681047681846084,0.0065388791750038,1.0,,,,,,,,,,,,,,,,,,,,
meta_llama_llama_3_8b_instruct,college_chemistry,random,mmlu:college_chemistry,meta_llama_llama_3_8b_instruct,1600.0,random_uniform,Avg,0.0966650894701261,0.006712410317518,0.1203069873767227,0.0091536572387113,0.0820466634362357,0.0068924414050142,0.7317877284942471,0.0078019573590927,0.2669991743746438,0.0030379152970593,,,,,,,,,,,,,,,,,,,,,
meta_llama_llama_3_8b_instruct,college_chemistry,random,mmlu:college_chemistry,meta_llama_llama_3_8b_instruct,1600.0,random_uniform,BayPIRE,0.0164134852798312,0.0016753344486554,0.0205217163256206,0.0018715397420673,0.0104390579458936,0.0027932404948618,0.1488718464687041,0.0049541197873359,0.0436149561353705,0.0014426255602075,1.0,0.7769999999999999,0.0860297106301718,0.0537889033743427,0.0099690269509636,0.0538376365975624,0.0098512593339701,0.986,0.0107496769977314,0.0916919999999999,0.006649428839298,0.092,0.0078881063774661,0.9,0.3162277660168379,0.0186850632429418,0.0007068131584606,0.9,0.3162277660168379,0.0204009999999999,0.0006435170290417
meta_llama_llama_3_8b_instruct,college_chemistry,random,mmlu:college_chemistry,meta_llama_llama_3_8b_instruct,1600.0,random_uniform,PE-Rasch,0.0417797435571,0.0032962223254689,0.0531634375329131,0.0042495703605795,0.0290962588291485,0.004008134745665,0.2081051170499246,0.0064039399635917,0.0579600443426259,0.0017061326707803,1.0,,,,,,,,,,,,,,,,,,,,
meta_llama_llama_3_8b_instruct,college_computer_science,balanced,mmlu:college_computer_science,meta_llama_llama_3_8b_instruct,200.0,two_way_balanced,Avg,0.2592799952078,0.0224875664464262,0.3474234148781429,0.017093405455187,0.2453199952078,0.0223241170125396,4.895459912812807,0.4207849108203656,0.3742806073142857,0.012254211052983,,,,,,,,,,,,,,,,,,,,,
meta_llama_llama_3_8b_instruct,college_computer_science,balanced,mmlu:college_computer_science,meta_llama_llama_3_8b_instruct,200.0,two_way_balanced,BayPIRE,0.0213377721298902,0.0043977374341253,0.0261110811314465,0.0048369403425027,0.0150593045858723,0.0068409243011177,0.302585919462927,0.0150449318172755,0.0817415155041344,0.0057026063649805,1.0,0.999,0.0031622776601683,0.2027796435398545,0.0273329619246763,0.2024563416762811,0.0273678454506617,1.0,0.0,0.2309182499999998,0.02483777960895,0.2300499999999998,0.0236293132452982,1.0,0.0,0.0843362123431227,0.0038024872632202,1.0,0.0,0.0851569999999999,0.0035324204402458
meta_llama_llama_3_8b_instruct,college_computer_science,balanced,mmlu:college_computer_science,meta_llama_llama_3_8b_instruct,200.0,two_way_balanced,PE-Rasch,0.1101508765425341,0.0117471408132991,0.1464455469630638,0.0138245300577905,0.0919917465509192,0.0124619207224039,0.4317994692513115,0.0395549302822413,0.1160083700968831,0.0116479779519131,1.0,,,,,,,,,,,,,,,,,,,,
meta_llama_llama_3_8b_instruct,college_computer_science,balanced,mmlu:college_computer_science,meta_llama_llama_3_8b_instruct,400.0,two_way_balanced,Avg,0.1865699989248,0.0144558367703801,0.2389580659525258,0.015547120567572,0.1722699989248,0.0141861472036525,1.7408779276343904,0.2713281612212634,0.31046874885625,0.008185390777624,,,,,,,,,,,,,,,,,,,,,
meta_llama_llama_3_8b_instruct,college_computer_science,balanced,mmlu:college_computer_science,meta_llama_llama_3_8b_instruct,400.0,two_way_balanced,BayPIRE,0.018993859798739,0.002828279291187,0.0233332456117265,0.0035025900973056,0.0142549639421053,0.0036664699541943,0.2348116176133413,0.0079076742256719,0.0646418443269102,0.0028759053424476,1.0,0.973,0.0266874918683308,0.115691519896061,0.0110100886526409,0.1156507102897757,0.0112419486085395,0.999,0.0031622776601683,0.1512599999999999,0.0097447189401348,0.152,0.0103279555898864,1.0,0.0,0.0511485115556221,0.002458142621673,1.0,0.0,0.0523357499999999,0.0025910784568291
meta_llama_llama_3_8b_instruct,college_computer_science,balanced,mmlu:college_computer_science,meta_llama_llama_3_8b_instruct,400.0,two_way_balanced,PE-Rasch,0.0782536429131414,0.0102293985814476,0.1122120204602362,0.0118485629968434,0.0605100756199453,0.011455279653261,0.4002048638936409,0.0469156696269355,0.0982928449091277,0.0110876211872251,1.0,,,,,,,,,,,,,,,,,,,,
meta_llama_llama_3_8b_instruct,college_computer_science,balanced,mmlu:college_computer_science,meta_llama_llama_3_8b_instruct,800.0,two_way_balanced,Avg,0.1359299998988,0.0088419516967913,0.1682842339441867,0.0112505066802555,0.1214899998987999,0.0085523810116102,0.8583032954614793,0.1390823852136896,0.2817853259743478,0.0044380900156917,,,,,,,,,,,,,,,,,,,,,
meta_llama_llama_3_8b_instruct,college_computer_science,balanced,mmlu:college_computer_science,meta_llama_llama_3_8b_instruct,800.0,two_way_balanced,BayPIRE,0.0176411244223767,0.0009884752746672,0.0216057514790232,0.000901210272959,0.0103844938873972,0.0020094921299542,0.203399611282775,0.004343110922102,0.0584884846578567,0.0012048513544952,1.0,0.936,0.0422163738639668,0.0858972772577201,0.017685254821413,0.0857625280894582,0.0176564788009746,0.996,0.0051639777949432,0.1234547499999999,0.0127499500788783,0.1239999999999999,0.0142984070596848,1.0,0.0,0.0315746957817361,0.0009896755333854,1.0,0.0,0.03297275,0.0009595538966392
meta_llama_llama_3_8b_instruct,college_computer_science,balanced,mmlu:college_computer_science,meta_llama_llama_3_8b_instruct,800.0,two_way_balanced,PE-Rasch,0.0672022773199898,0.0071374950075949,0.0906008556430109,0.0072459164202707,0.0517079129123102,0.0066630664707003,0.3613739732761523,0.0279182944453166,0.087047643296694,0.0048326113771827,1.0,,,,,,,,,,,,,,,,,,,,
meta_llama_llama_3_8b_instruct,college_computer_science,balanced,mmlu:college_computer_science,meta_llama_llama_3_8b_instruct,1600.0,two_way_balanced,Avg,0.09041,0.0088219517870669,0.1123236146303946,0.0105095510191968,0.077385,0.0075869972833643,0.7283813345275634,0.0071483038701794,0.266,0.0031276032300061,,,,,,,,,,,,,,,,,,,,,
meta_llama_llama_3_8b_instruct,college_computer_science,balanced,mmlu:college_computer_science,meta_llama_llama_3_8b_instruct,1600.0,two_way_balanced,BayPIRE,0.0161931494998935,0.0006421716469189,0.0201607629190469,0.0006414761334185,0.0092420884182621,0.0011881596344924,0.1849108040657403,0.0023073365514351,0.0550609539609504,0.0006400874007063,1.0,0.774,0.0736659125149934,0.0515522701767455,0.0080400068181509,0.0516478639911667,0.0081060416629052,0.994,0.006992058987801,0.0970102499999999,0.004471585514545,0.0970249999999999,0.0067210800223377,1.0,0.0,0.0196916998715173,0.000450895796208,1.0,0.0,0.0212915,0.0004831410537076
meta_llama_llama_3_8b_instruct,college_computer_science,balanced,mmlu:college_computer_science,meta_llama_llama_3_8b_instruct,1600.0,two_way_balanced,PE-Rasch,0.0445906615455487,0.0030099135946927,0.0567629644150735,0.0025988594166561,0.0308589336897624,0.0037175379203674,0.2442121799298377,0.0172968346863675,0.068933055307764,0.0026959910209771,1.0,,,,,,,,,,,,,,,,,,,,
meta_llama_llama_3_8b_instruct,college_computer_science,random,mmlu:college_computer_science,meta_llama_llama_3_8b_instruct,200.0,random_uniform,Avg,0.286184995324,0.0208307155954972,0.3547265982684036,0.015760936615788,0.269934995324,0.0217271848818819,4.798180752233216,0.4265500453015497,0.3792049583572335,0.0115675584153586,,,,,,,,,,,,,,,,,,,,,
meta_llama_llama_3_8b_instruct,college_computer_science,random,mmlu:college_computer_science,meta_llama_llama_3_8b_instruct,200.0,random_uniform,BayPIRE,0.0346328411579117,0.0112796506769988,0.0398261776344744,0.0113705341659374,0.0324837853453352,0.0129681468616496,0.3615526695483323,0.0167030335177886,0.1071679568079476,0.0071000657999944,1.0,0.996,0.0051639777949432,0.2176440673434236,0.045467458787471,0.2173811857184399,0.0457310920017052,1.0,0.0,0.2444377499999998,0.0419990318084503,0.2445125,0.0413959727811776,0.9,0.3162277660168379,0.1092478421084021,0.0071108448797983,1.0,0.0,0.10988875,0.0068511787560405
meta_llama_llama_3_8b_instruct,college_computer_science,random,mmlu:college_computer_science,meta_llama_llama_3_8b_instruct,200.0,random_uniform,PE-Rasch,0.1116952799967487,0.0177413371195359,0.1476395862792519,0.0201647062723145,0.0960559061210581,0.0191687109963418,0.4948104075946968,0.0454192049875544,0.1409291563022059,0.014124065808956,1.0,,,,,,,,,,,,,,,,,,,,
meta_llama_llama_3_8b_instruct,college_computer_science,random,mmlu:college_computer_science,meta_llama_llama_3_8b_instruct,400.0,random_uniform,Avg,0.2187495252175274,0.0148511625821834,0.2775796875709458,0.0144308533918647,0.2028095252175274,0.016008316474318,2.7157606435273856,0.2856078892539684,0.3312425454438685,0.0084453352842935,,,,,,,,,,,,,,,,,,,,,
meta_llama_llama_3_8b_instruct,college_computer_science,random,mmlu:college_computer_science,meta_llama_llama_3_8b_instruct,400.0,random_uniform,BayPIRE,0.0216486857514915,0.0056571951270391,0.0263250741830565,0.0061681315877434,0.0171661258720842,0.0073966539821957,0.2612223944777995,0.0139395258260951,0.0732268422391931,0.0057901221684064,1.0,0.977,0.0359165699921359,0.1272135487308824,0.0129771842707803,0.1273446037677632,0.0132098362249381,0.998,0.0063245553203367,0.1614984999999999,0.0096928231754794,0.1610249999999999,0.01100280898478,0.9,0.3162277660168379,0.0638822983004624,0.0030071913052205,0.9,0.3162277660168379,0.06428575,0.0028933729475974
meta_llama_llama_3_8b_instruct,college_computer_science,random,mmlu:college_computer_science,meta_llama_llama_3_8b_instruct,400.0,random_uniform,PE-Rasch,0.0836001369225224,0.0103236715015469,0.1186266215799892,0.0104858125305418,0.067089405686421,0.0102381345985683,0.4335755251367265,0.0489062474776694,0.1089290073741413,0.0115343830742836,1.0,,,,,,,,,,,,,,,,,,,,
meta_llama_llama_3_8b_instruct,college_computer_science,random,mmlu:college_computer_science,meta_llama_llama_3_8b_instruct,800.0,random_uniform,Avg,0.1431758459890945,0.0086604337112004,0.1810215868710763,0.0123720680323808,0.1272956550689036,0.0081494524554851,1.0056847252459904,0.1747343301790042,0.2866415843906978,0.0051375394047736,,,,,,,,,,,,,,,,,,,,,
meta_llama_llama_3_8b_instruct,college_computer_science,random,mmlu:college_computer_science,meta_llama_llama_3_8b_instruct,800.0,random_uniform,BayPIRE,0.0193398422319513,0.0034034067984526,0.0235480312351361,0.003680452162304,0.0136994099562128,0.0045555996523704,0.2065294600032763,0.0074057689342062,0.0587524661715545,0.0018007464871082,1.0,0.8869999999999999,0.1033924562045026,0.0811448027000356,0.0086092628224346,0.0811822072979087,0.0085199818260812,0.992,0.0161932770686548,0.1193957499999999,0.0063737436725034,0.1200124999999999,0.0081309700289149,0.9,0.3162277660168379,0.0342889323392615,0.0012351622657475,0.9,0.3162277660168379,0.035483,0.0014542761658869
meta_llama_llama_3_8b_instruct,college_computer_science,random,mmlu:college_computer_science,meta_llama_llama_3_8b_instruct,800.0,random_uniform,PE-Rasch,0.0624478568220243,0.004836447991688,0.0865213352578014,0.0067236735950041,0.0468633886415225,0.0034716027599281,0.3406840503001257,0.0193729627516856,0.0839265265681197,0.0030151624360554,1.0,,,,,,,,,,,,,,,,,,,,
meta_llama_llama_3_8b_instruct,college_computer_science,random,mmlu:college_computer_science,meta_llama_llama_3_8b_instruct,1600.0,random_uniform,Avg,0.0947650021903309,0.0043870821075935,0.1188651143188451,0.0059863351578638,0.0781662409122736,0.0040498457015536,0.7329946298929475,0.0047903589541205,0.267781121730202,0.0019211322829908,,,,,,,,,,,,,,,,,,,,,
meta_llama_llama_3_8b_instruct,college_computer_science,random,mmlu:college_computer_science,meta_llama_llama_3_8b_instruct,1600.0,random_uniform,BayPIRE,0.0179246689143258,0.0013590391682517,0.0222321885552802,0.0016046160582115,0.0106990191499905,0.0022494807942756,0.1899428415298596,0.0061066345606625,0.0563286516268117,0.0016266854688359,1.0,0.768,0.0821651453544087,0.057509925791,0.0115439626453648,0.0576744897617585,0.0116040631850097,0.977,0.0125166555703457,0.0999722499999999,0.0063956542808813,0.1000499999999998,0.0066674999479231,0.9,0.3162277660168379,0.0208222540919327,0.0005441326344354,0.9,0.3162277660168379,0.0222024999999999,0.0006634526693325
meta_llama_llama_3_8b_instruct,college_computer_science,random,mmlu:college_computer_science,meta_llama_llama_3_8b_instruct,1600.0,random_uniform,PE-Rasch,0.0463999702039086,0.0036633248635775,0.0601202343290033,0.0036843652078471,0.0320928170054295,0.0039910005758959,0.256769491905427,0.017070283921837,0.0714140668838451,0.0032247674494121,1.0,,,,,,,,,,,,,,,,,,,,
meta_llama_llama_3_8b_instruct,college_mathematics,balanced,mmlu:college_mathematics,meta_llama_llama_3_8b_instruct,200.0,two_way_balanced,Avg,0.293499994708,0.0177571889890013,0.3415823552015245,0.0178726986620991,0.275899994708,0.0167106747384937,4.723833963116339,0.4235091503099439,0.3541326482785714,0.0124334495542195,,,,,,,,,,,,,,,,,,,,,
meta_llama_llama_3_8b_instruct,college_mathematics,balanced,mmlu:college_mathematics,meta_llama_llama_3_8b_instruct,200.0,two_way_balanced,BayPIRE,0.027047579363043,0.005803735855542,0.0327089643613559,0.0063187996216395,0.0228075728418821,0.0075381015783178,0.3104780637752575,0.009181842410497,0.0859012262995413,0.0030067724649939,1.0,0.996,0.0051639777949432,0.1931730078471601,0.0166285958376094,0.192645593527326,0.0164810145350678,1.0,0.0,0.2210124999999999,0.0151527557541341,0.2220124999999999,0.0161744450789235,1.0,0.0,0.0825984660594764,0.0024354514782062,1.0,0.0,0.0832984999999999,0.0019049038325099
meta_llama_llama_3_8b_instruct,college_mathematics,balanced,mmlu:college_mathematics,meta_llama_llama_3_8b_instruct,200.0,two_way_balanced,PE-Rasch,0.1058180425731727,0.0104531462318132,0.1403337360295439,0.0125176033741089,0.0853879906706006,0.0103425150202864,0.4335912280022422,0.0172498576576733,0.1160743851533788,0.0063109525039901,1.0,,,,,,,,,,,,,,,,,,,,
meta_llama_llama_3_8b_instruct,college_mathematics,balanced,mmlu:college_mathematics,meta_llama_llama_3_8b_instruct,400.0,two_way_balanced,Avg,0.2035299983008,0.0163383696217446,0.2394076450190794,0.0197899574079169,0.1856099983008,0.0164097833159742,1.9434481617563224,0.2859727438959481,0.2948854152195833,0.0097138725893918,,,,,,,,,,,,,,,,,,,,,
meta_llama_llama_3_8b_instruct,college_mathematics,balanced,mmlu:college_mathematics,meta_llama_llama_3_8b_instruct,400.0,two_way_balanced,BayPIRE,0.0210934587095042,0.0014000884592991,0.0261305931945496,0.0017903785353845,0.0160908340956412,0.0009917072868936,0.2402848795204356,0.0078226139450476,0.0680786650271379,0.0030686733895681,1.0,0.978,0.0154919333848296,0.123724754403408,0.0170418245025377,0.1236117755789833,0.0166409780059678,0.999,0.0031622776601683,0.1570987499999999,0.0146888826181382,0.157,0.0133749350984925,1.0,0.0,0.0508117999110796,0.0023197898849149,1.0,0.0,0.0518467499999999,0.0021263133359827
meta_llama_llama_3_8b_instruct,college_mathematics,balanced,mmlu:college_mathematics,meta_llama_llama_3_8b_instruct,400.0,two_way_balanced,PE-Rasch,0.0776929020034577,0.0114573585668445,0.1160592484997597,0.0153777592228591,0.0596481579158115,0.0118436406953337,0.4184031386713017,0.0538231233926047,0.1034898178869731,0.0134965546818453,1.0,,,,,,,,,,,,,,,,,,,,
meta_llama_llama_3_8b_instruct,college_mathematics,balanced,mmlu:college_mathematics,meta_llama_llama_3_8b_instruct,800.0,two_way_balanced,Avg,0.1284999998068,0.0121698168757992,0.1621542454528087,0.0114017806051057,0.1080999998068,0.0122356037164152,0.8643540652118988,0.0782827703766443,0.2633804346163043,0.0043921109857519,,,,,,,,,,,,,,,,,,,,,
meta_llama_llama_3_8b_instruct,college_mathematics,balanced,mmlu:college_mathematics,meta_llama_llama_3_8b_instruct,800.0,two_way_balanced,BayPIRE,0.0207771915534287,0.0015165929929357,0.0257026035862911,0.0019863995166755,0.0145969813625647,0.0016321056524532,0.2105859090500904,0.005649735041774,0.0627214953550585,0.002133097841432,1.0,0.892,0.0434101882562659,0.0888704173591656,0.0166865545332392,0.0890146627246993,0.0169497931794927,0.99,0.0105409255338945,0.1258662499999999,0.0110048469277304,0.127,0.011595018087284,0.9,0.3162277660168379,0.0318751502031271,0.0011165575658817,0.9,0.3162277660168379,0.0329849999999999,0.0009447839259146
meta_llama_llama_3_8b_instruct,college_mathematics,balanced,mmlu:college_mathematics,meta_llama_llama_3_8b_instruct,800.0,two_way_balanced,PE-Rasch,0.0639480748889034,0.0058957248646089,0.0834786808831872,0.0081867167932175,0.0459627113767179,0.0053905068279703,0.3495058881788012,0.0309779642078733,0.0873854902651461,0.0057976800393621,1.0,,,,,,,,,,,,,,,,,,,,
meta_llama_llama_3_8b_instruct,college_mathematics,balanced,mmlu:college_mathematics,meta_llama_llama_3_8b_instruct,1600.0,two_way_balanced,Avg,0.08782,0.0064277588110735,0.1097704900153897,0.0067083713689373,0.069795,0.0070674409953123,0.6969766455708373,0.0056338240961987,0.249024181547619,0.0020193570570435,,,,,,,,,,,,,,,,,,,,,
meta_llama_llama_3_8b_instruct,college_mathematics,balanced,mmlu:college_mathematics,meta_llama_llama_3_8b_instruct,1600.0,two_way_balanced,BayPIRE,0.0186002553193312,0.0014621982953564,0.0233515202098818,0.0016353337567688,0.0112986514424757,0.0024436055914142,0.1893598424025597,0.0046903456517918,0.0584997462194287,0.0009480786466453,1.0,0.749,0.0948038911531471,0.0592906655561178,0.0160224997930808,0.0591593174936106,0.0159189216400905,0.982,0.0154919333848296,0.1045827499999999,0.0094306027739776,0.1049999999999999,0.0084983658559879,1.0,0.0,0.0204860086401735,0.0004520465102681,1.0,0.0,0.0221529999999999,0.0004384993348531
meta_llama_llama_3_8b_instruct,college_mathematics,balanced,mmlu:college_mathematics,meta_llama_llama_3_8b_instruct,1600.0,two_way_balanced,PE-Rasch,0.0461281026252337,0.0055124943161596,0.0587464832502312,0.006621432570574,0.0300732735209104,0.0042494325462687,0.2414509905323148,0.0187023028417677,0.0721721534899104,0.0040481700949535,1.0,,,,,,,,,,,,,,,,,,,,
meta_llama_llama_3_8b_instruct,college_mathematics,random,mmlu:college_mathematics,meta_llama_llama_3_8b_instruct,200.0,random_uniform,Avg,0.2849999951698,0.0224610798777536,0.3502336044679111,0.0231936577446461,0.2649233285031333,0.0218773516972271,4.6083871548061275,0.442765430073503,0.3600660498070748,0.0168317308387627,,,,,,,,,,,,,,,,,,,,,
meta_llama_llama_3_8b_instruct,college_mathematics,random,mmlu:college_mathematics,meta_llama_llama_3_8b_instruct,200.0,random_uniform,BayPIRE,0.0298607839523902,0.0116976295422919,0.0354908731355973,0.0120181016367468,0.0259536614018137,0.0135095115552985,0.3544685292070303,0.0198197456595646,0.1043325413184161,0.007581189443047,1.0,0.993,0.0133749350984925,0.2056756636416807,0.023039287097922,0.2057725263824548,0.0235805048777815,1.0,0.0,0.2341227499999998,0.0204981199493595,0.2345499999999998,0.0223497452135615,1.0,0.0,0.1078493440541627,0.005541616608617,1.0,0.0,0.1088142499999999,0.0059127421315231
meta_llama_llama_3_8b_instruct,college_mathematics,random,mmlu:college_mathematics,meta_llama_llama_3_8b_instruct,200.0,random_uniform,PE-Rasch,0.1099106876293532,0.0155332454481018,0.1524729707821777,0.0174283494323389,0.0897672129503315,0.0162478282966748,0.5142618205749747,0.0449596238394522,0.1426437343501714,0.0119675469865611,1.0,,,,,,,,,,,,,,,,,,,,
meta_llama_llama_3_8b_instruct,college_mathematics,random,mmlu:college_mathematics,meta_llama_llama_3_8b_instruct,400.0,random_uniform,Avg,0.2059084101765126,0.0110416250725328,0.2615828457148427,0.0126252018418118,0.1872650768431793,0.0100860192713811,2.627160765493348,0.3198606946785193,0.3060154797192232,0.0071510137269561,,,,,,,,,,,,,,,,,,,,,
meta_llama_llama_3_8b_instruct,college_mathematics,random,mmlu:college_mathematics,meta_llama_llama_3_8b_instruct,400.0,random_uniform,BayPIRE,0.0228334867288451,0.0027706743010069,0.0282887645323811,0.003371952487862,0.0180218067873582,0.0032562557299806,0.2651296515973728,0.0088431608052403,0.0759799242735088,0.0028308093417394,1.0,0.972,0.0161932770686548,0.1282839229804497,0.0106172331079226,0.128662778079797,0.0106025071784265,0.998,0.0063245553203367,0.1629104999999999,0.0083079066924894,0.1639999999999999,0.0084327404271156,1.0,0.0,0.0631111372085474,0.0028273218470627,1.0,0.0,0.0635962499999999,0.0027930440010259
meta_llama_llama_3_8b_instruct,college_mathematics,random,mmlu:college_mathematics,meta_llama_llama_3_8b_instruct,400.0,random_uniform,PE-Rasch,0.0851686770251189,0.0092933443917563,0.1214096943082689,0.0115478067078709,0.0659582663715283,0.0084942686469335,0.4432460634396006,0.0276062151763361,0.1112976131809411,0.0075397460187049,1.0,,,,,,,,,,,,,,,,,,,,
meta_llama_llama_3_8b_instruct,college_mathematics,random,mmlu:college_mathematics,meta_llama_llama_3_8b_instruct,800.0,random_uniform,Avg,0.1423454090535692,0.008775429907196,0.1813277192897498,0.010711184912465,0.1229664879746481,0.0088455491622218,1.0928590521642196,0.1786971807576149,0.2706152706890361,0.0043353935389107,,,,,,,,,,,,,,,,,,,,,
meta_llama_llama_3_8b_instruct,college_mathematics,random,mmlu:college_mathematics,meta_llama_llama_3_8b_instruct,800.0,random_uniform,BayPIRE,0.0220252148414355,0.0020223648047135,0.0273793142496111,0.0029501477870212,0.0153349074133765,0.0020760455246508,0.2144042243089081,0.0069896121907005,0.0634373828702576,0.0021171431478413,1.0,0.897,0.0569697775628056,0.1016105212462291,0.0306151204573333,0.1021008355504975,0.030592455974977,0.992,0.0122927259430571,0.1368552499999999,0.022612069308287,0.1379999999999999,0.0234757558155453,0.9,0.3162277660168379,0.0356529330809812,0.0019378308386661,0.9,0.3162277660168379,0.0367834999999999,0.0018157467854546
meta_llama_llama_3_8b_instruct,college_mathematics,random,mmlu:college_mathematics,meta_llama_llama_3_8b_instruct,800.0,random_uniform,PE-Rasch,0.0654564177710492,0.0063384212374241,0.0881850725690097,0.0062706277502607,0.0474339561295314,0.0078738285250905,0.3481863316227397,0.028024733280985,0.088647487301949,0.004176351834597,1.0,,,,,,,,,,,,,,,,,,,,
meta_llama_llama_3_8b_instruct,college_mathematics,random,mmlu:college_mathematics,meta_llama_llama_3_8b_instruct,1600.0,random_uniform,Avg,0.0904978051044641,0.0034390942773465,0.114320750435177,0.0051455835878584,0.073042131728469,0.0046647768577132,0.7008977222164248,0.0046115090099166,0.2502883237709435,0.0014830270502495,,,,,,,,,,,,,,,,,,,,,
meta_llama_llama_3_8b_instruct,college_mathematics,random,mmlu:college_mathematics,meta_llama_llama_3_8b_instruct,1600.0,random_uniform,BayPIRE,0.0182218890378059,0.000878308401639,0.0228458890780086,0.0008964654071597,0.0108926112361532,0.0017439715603288,0.1938249036008908,0.0039383594282307,0.0599662642219041,0.0013395607775096,1.0,0.8160000000000001,0.0665331997326648,0.0640525701542253,0.0090738993489193,0.0641593794842552,0.009217659201729,0.986,0.006992058987801,0.1064522499999999,0.0051144069996758,0.1059999999999999,0.0051639777949432,1.0,0.0,0.0213110835810174,0.0009536762906935,1.0,0.0,0.0232427499999999,0.0008223158777366
meta_llama_llama_3_8b_instruct,college_mathematics,random,mmlu:college_mathematics,meta_llama_llama_3_8b_instruct,1600.0,random_uniform,PE-Rasch,0.0494625728953549,0.0041864373473746,0.0635640070539192,0.0057380917774271,0.0344971031353755,0.0038847529858645,0.26170989989085,0.0141648474551665,0.076379142701829,0.0027968607039026,1.0,,,,,,,,,,,,,,,,,,,,
meta_llama_llama_3_8b_instruct,college_physics,balanced,mmlu:college_physics,meta_llama_llama_3_8b_instruct,200.0,two_way_balanced,Avg,0.2780686223823529,0.0216579671148772,0.3531664378291086,0.0171999197477712,0.2635588184607843,0.0203430803563842,5.03961615909168,0.4175175193887452,0.3761599948918,0.012675803235643,,,,,,,,,,,,,,,,,,,,,
meta_llama_llama_3_8b_instruct,college_physics,balanced,mmlu:college_physics,meta_llama_llama_3_8b_instruct,200.0,two_way_balanced,BayPIRE,0.0228907432079073,0.0073008384264841,0.0274611094457812,0.0078091930975524,0.0190700787285782,0.0090956816178146,0.261548425022681,0.0137739535592421,0.0661446979369016,0.0052658616436367,1.0,0.998,0.0042163702135578,0.1750435148204529,0.013317444546752,0.1748813074057302,0.0132935028004935,1.0,0.0,0.2036083333333332,0.0121867083477391,0.2034803921568625,0.0120242732187608,1.0,0.0,0.0807906748677496,0.0028417167378659,1.0,0.0,0.0818313725490195,0.0034857213181462
meta_llama_llama_3_8b_instruct,college_physics,balanced,mmlu:college_physics,meta_llama_llama_3_8b_instruct,200.0,two_way_balanced,PE-Rasch,0.0951301498671955,0.0111888712130934,0.1267516819573276,0.0129040515800605,0.0776603391563187,0.0118281343730408,0.3525766675821764,0.036133502731744,0.0934088230465862,0.0101503000866024,1.0,,,,,,,,,,,,,,,,,,,,
meta_llama_llama_3_8b_instruct,college_physics,balanced,mmlu:college_physics,meta_llama_llama_3_8b_instruct,400.0,two_way_balanced,Avg,0.2023529400043137,0.0101042504813872,0.2451526067051364,0.0114736286672134,0.1864901949062745,0.0112801489878235,1.7948995631969769,0.2846687845163526,0.3112806110353061,0.0062224393949202,,,,,,,,,,,,,,,,,,,,,
meta_llama_llama_3_8b_instruct,college_physics,balanced,mmlu:college_physics,meta_llama_llama_3_8b_instruct,400.0,two_way_balanced,BayPIRE,0.0175283323432906,0.0011458697511447,0.0218203058901053,0.0013378549109745,0.013511668380414,0.0012905964704588,0.1975172858576788,0.0129787500184259,0.0514728730664342,0.004217624465355,1.0,0.967,0.0271006354989037,0.1007743115082662,0.0078781157990014,0.1007555193814684,0.0077534777089463,1.0,0.0,0.1355764705882352,0.006331168837147,0.1362867647058823,0.0072174448347567,1.0,0.0,0.046729387207696,0.0009555989578444,1.0,0.0,0.0476426470588235,0.0010965329450369
meta_llama_llama_3_8b_instruct,college_physics,balanced,mmlu:college_physics,meta_llama_llama_3_8b_instruct,400.0,two_way_balanced,PE-Rasch,0.0676405988659814,0.0064754434560867,0.1052566895924402,0.0131448510297709,0.0508206291137605,0.0079713709529568,0.322405010951397,0.0312712608839222,0.0800020340437083,0.0063426164090393,1.0,,,,,,,,,,,,,,,,,,,,
meta_llama_llama_3_8b_instruct,college_physics,balanced,mmlu:college_physics,meta_llama_llama_3_8b_instruct,800.0,two_way_balanced,Avg,0.1433039214672549,0.0061926573589639,0.174390020820068,0.0075645380428042,0.1284411763692156,0.0064426572840144,0.860500883791491,0.0819986151739529,0.2817819147810638,0.0030047081622574,,,,,,,,,,,,,,,,,,,,,
meta_llama_llama_3_8b_instruct,college_physics,balanced,mmlu:college_physics,meta_llama_llama_3_8b_instruct,800.0,two_way_balanced,BayPIRE,0.0172791580807631,0.0011659723559292,0.0213820958361769,0.001464947615115,0.0131356842940866,0.0016515137461881,0.1654250568638523,0.0061836525982972,0.0455638805040666,0.0019280701863689,1.0,0.881,0.0428044649799787,0.0670307864942894,0.0052586714440378,0.0670834000985794,0.0052367733957947,0.993,0.0094868329805051,0.1058453431372548,0.0045279416231325,0.1049019607843137,0.0047357440347024,1.0,0.0,0.0290883804882828,0.0013646915659832,1.0,0.0,0.0301112745098039,0.001409472710555
meta_llama_llama_3_8b_instruct,college_physics,balanced,mmlu:college_physics,meta_llama_llama_3_8b_instruct,800.0,two_way_balanced,PE-Rasch,0.0528529876463118,0.0039973725661672,0.0726103055695157,0.0063038763424019,0.0393457825418417,0.0039318463841246,0.2644426851762488,0.0221860523796938,0.0667236129591417,0.0038674551847058,1.0,,,,,,,,,,,,,,,,,,,,
meta_llama_llama_3_8b_instruct,college_physics,balanced,mmlu:college_physics,meta_llama_llama_3_8b_instruct,1600.0,two_way_balanced,Avg,0.0934031862745098,0.0092434498447935,0.1139917195364199,0.0092332441712682,0.0774889705882353,0.0090536450494945,0.7246050525023826,0.0069681281388818,0.2641165515988372,0.0030199070116572,,,,,,,,,,,,,,,,,,,,,
meta_llama_llama_3_8b_instruct,college_physics,balanced,mmlu:college_physics,meta_llama_llama_3_8b_instruct,1600.0,two_way_balanced,BayPIRE,0.015701510596654,0.001015185360305,0.0193786378206818,0.001143141304211,0.0099157318993541,0.00133818936074,0.1486048962120802,0.0022732654471621,0.0429959347290907,0.0004781884213496,1.0,0.77,0.0890692614392492,0.0490463694755216,0.0092633660706885,0.0491345332028808,0.0090814455908597,0.991,0.0073786478737262,0.0894610294117646,0.0052660594338142,0.0892156862745098,0.0055651589431131,0.9,0.3162277660168379,0.0179786304610619,0.0003996866971813,1.0,0.0,0.0195110294117646,0.0006609898735916
meta_llama_llama_3_8b_instruct,college_physics,balanced,mmlu:college_physics,meta_llama_llama_3_8b_instruct,1600.0,two_way_balanced,PE-Rasch,0.0408473506540366,0.003114634356943,0.0520713270173163,0.0039883229991387,0.0279534984654913,0.0030487471193166,0.2009228938285377,0.011373126274696,0.0563418555500456,0.0021218233910633,1.0,,,,,,,,,,,,,,,,,,,,
meta_llama_llama_3_8b_instruct,college_physics,random,mmlu:college_physics,meta_llama_llama_3_8b_instruct,200.0,random_uniform,Avg,0.2867881465439356,0.0200680493009263,0.3504646686835976,0.0158363507206999,0.2714394350593417,0.0203503532072024,4.72041317086416,0.3580168902045921,0.3737904765306979,0.0114454514977363,,,,,,,,,,,,,,,,,,,,,
meta_llama_llama_3_8b_instruct,college_physics,random,mmlu:college_physics,meta_llama_llama_3_8b_instruct,200.0,random_uniform,BayPIRE,0.0324668837542053,0.0131488833919139,0.0368968627252711,0.0130425640302992,0.0301647503205405,0.0151265251940473,0.3335570380270506,0.0161717226932581,0.0960069582543424,0.0071517228573232,1.0,0.996,0.0126491106406735,0.2011001083260431,0.0154208329381867,0.2010968633345123,0.0157457378285544,1.0,0.0,0.2295063725490194,0.0136891570539125,0.2299142156862745,0.0146973070949426,0.9,0.3162277660168379,0.1091823848590821,0.0039540215253372,0.9,0.3162277660168379,0.109775,0.0036955336928024
meta_llama_llama_3_8b_instruct,college_physics,random,mmlu:college_physics,meta_llama_llama_3_8b_instruct,200.0,random_uniform,PE-Rasch,0.104606461983839,0.0094146060017539,0.1416850641090306,0.0103592466270065,0.0892787150759807,0.0090039889377133,0.4545525917401457,0.040194180490925,0.1285605489442878,0.0097758759010439,1.0,,,,,,,,,,,,,,,,,,,,
meta_llama_llama_3_8b_instruct,college_physics,random,mmlu:college_physics,meta_llama_llama_3_8b_instruct,400.0,random_uniform,Avg,0.2188556420900561,0.0132037411516552,0.2754429449137209,0.0144158892167482,0.2038937513337535,0.0129454619138288,2.6534187970448087,0.3273968092420526,0.3277026162973023,0.0084125413102146,,,,,,,,,,,,,,,,,,,,,
meta_llama_llama_3_8b_instruct,college_physics,random,mmlu:college_physics,meta_llama_llama_3_8b_instruct,400.0,random_uniform,BayPIRE,0.0169085683546214,0.0008123384960546,0.0207608374808117,0.0009123715611217,0.0122221386752487,0.0008511632844852,0.2159663009998228,0.00905797707488,0.0571321114479383,0.0036656403538859,1.0,0.996,0.0051639777949432,0.1181675037166429,0.0138463345844249,0.1183744376395202,0.0139051574949961,1.0,0.0,0.1507575980392155,0.0118225425907254,0.1509803921568627,0.0124010888634054,1.0,0.0,0.0605919877443468,0.0036132538324822,1.0,0.0,0.0613468137254901,0.003452205713173
meta_llama_llama_3_8b_instruct,college_physics,random,mmlu:college_physics,meta_llama_llama_3_8b_instruct,400.0,random_uniform,PE-Rasch,0.0759060905480624,0.0122761439150856,0.1095125454257138,0.0149364613637528,0.0597948712347741,0.0113394713534628,0.3415701184179603,0.0355654706532929,0.0886330326579261,0.0099196836634495,1.0,,,,,,,,,,,,,,,,,,,,
meta_llama_llama_3_8b_instruct,college_physics,random,mmlu:college_physics,meta_llama_llama_3_8b_instruct,800.0,random_uniform,Avg,0.1452863538339031,0.0054588335992035,0.185273998323967,0.0090090305550568,0.1296950601602565,0.0068325730085265,1.0649029604881408,0.133232386997477,0.2859344751871434,0.003680680213743,,,,,,,,,,,,,,,,,,,,,
meta_llama_llama_3_8b_instruct,college_physics,random,mmlu:college_physics,meta_llama_llama_3_8b_instruct,800.0,random_uniform,BayPIRE,0.0171193945151057,0.0015490769947943,0.021213497036076,0.0019380974949025,0.0128125642896041,0.0019421292316484,0.1730786493658907,0.0102379610676006,0.0474007932074753,0.0028913259265635,1.0,0.8880000000000001,0.0595911999468974,0.0709774988258422,0.0070237965060164,0.0710827609988305,0.0070224665695472,0.994,0.006992058987801,0.107836519607843,0.0057647327506765,0.1088357843137254,0.0055628946381826,1.0,0.0,0.0327233900064247,0.0022271191558003,1.0,0.0,0.0338276960784314,0.0022240615135527
meta_llama_llama_3_8b_instruct,college_physics,random,mmlu:college_physics,meta_llama_llama_3_8b_instruct,800.0,random_uniform,PE-Rasch,0.0535358671479149,0.0053917920846732,0.0771415845735661,0.0106938793819887,0.0383794877653544,0.0065328809670148,0.28078412421855,0.0231327922981209,0.0696244290916297,0.0058970716642919,1.0,,,,,,,,,,,,,,,,,,,,
meta_llama_llama_3_8b_instruct,college_physics,random,mmlu:college_physics,meta_llama_llama_3_8b_instruct,1600.0,random_uniform,Avg,0.0905089726439137,0.0075882428602542,0.1136195311878612,0.0068857165889942,0.07711664573756,0.0081165442855932,0.7330455223573638,0.030615575080039,0.263790350114543,0.002291396513789,,,,,,,,,,,,,,,,,,,,,
meta_llama_llama_3_8b_instruct,college_physics,random,mmlu:college_physics,meta_llama_llama_3_8b_instruct,1600.0,random_uniform,BayPIRE,0.0150285682499657,0.0011045200904385,0.0188854460873026,0.0013150831338089,0.0086087046125856,0.0010673253484496,0.1516011319008957,0.00380584176535,0.0433733815454123,0.0011260154211361,1.0,0.8470000000000001,0.051218486246016,0.0577636353716606,0.0096909807180304,0.0577474972859177,0.0095462134443853,0.995,0.0070710678118654,0.0933649509803921,0.0060124142074696,0.0950980392156862,0.0066171427226524,1.0,0.0,0.018462153524031,0.000681675491705,1.0,0.0,0.0199142156862744,0.0007468616254579
meta_llama_llama_3_8b_instruct,college_physics,random,mmlu:college_physics,meta_llama_llama_3_8b_instruct,1600.0,random_uniform,PE-Rasch,0.0405181517210737,0.0028240856088403,0.0536115939774379,0.0055383893530258,0.0283746960500076,0.00297993406875,0.2153645632330312,0.0213335249052908,0.0576770307385632,0.0038334248484056,1.0,,,,,,,,,,,,,,,,,,,,
mistralai_mistral_7b_instruct_v0_2,abstract_algebra,balanced,mmlu:abstract_algebra,mistralai_mistral_7b_instruct_v0_2,200.0,two_way_balanced,Avg,0.2805799942474,0.0115806156834435,0.3046007051509084,0.0172693289547761,0.2673199942474,0.0108612253447892,3.807063371077605,0.3298556809941931,0.2943826492385714,0.0108100524213689,,,,,,,,,,,,,,,,,,,,,
mistralai_mistral_7b_instruct_v0_2,abstract_algebra,balanced,mmlu:abstract_algebra,mistralai_mistral_7b_instruct_v0_2,200.0,two_way_balanced,BayPIRE,0.0208064659992981,0.0069748345421467,0.0254000129301386,0.0072715833904831,0.0158872435647679,0.0088742203982529,0.2754903225798171,0.0125580246529504,0.0746953742976207,0.0045451059968618,1.0,0.998,0.0042163702135578,0.1914653710369948,0.0280665497019904,0.1911662673306255,0.0283416417051045,1.0,0.0,0.2181372499999999,0.0264015882689848,0.2170749999999997,0.0266453169744079,1.0,0.0,0.0796389979412751,0.0048421686524226,1.0,0.0,0.0802357499999999,0.0045363975627387
mistralai_mistral_7b_instruct_v0_2,abstract_algebra,balanced,mmlu:abstract_algebra,mistralai_mistral_7b_instruct_v0_2,200.0,two_way_balanced,PE-Rasch,0.0888741622743098,0.0100454410930372,0.1283319376786325,0.0149208033167283,0.07514795711021,0.0106781124079797,0.3592750749208725,0.0364177141463019,0.0973908792388503,0.0097397038504054,1.0,,,,,,,,,,,,,,,,,,,,
mistralai_mistral_7b_instruct_v0_2,abstract_algebra,balanced,mmlu:abstract_algebra,mistralai_mistral_7b_instruct_v0_2,400.0,two_way_balanced,Avg,0.1670599971872,0.0117819255624318,0.215562565477284,0.0150103225608859,0.1553999971872,0.0120688760623643,2.022950410500332,0.2268056782562796,0.2481927066408333,0.0071709604259631,,,,,,,,,,,,,,,,,,,,,
mistralai_mistral_7b_instruct_v0_2,abstract_algebra,balanced,mmlu:abstract_algebra,mistralai_mistral_7b_instruct_v0_2,400.0,two_way_balanced,BayPIRE,0.0173148675907125,0.0026822464346028,0.0217737789401765,0.0028350034864314,0.013509165465348,0.002839633521787,0.2113658000612214,0.0090330061617963,0.0582120036703822,0.0029105406875368,1.0,0.977,0.0133749350984925,0.1067829141464318,0.0170271791876297,0.1068303717842158,0.0168791628517917,0.999,0.0031622776601683,0.1407467499999999,0.0133039776868298,0.142,0.013984117975602,1.0,0.0,0.0469825493484638,0.0019528162283355,1.0,0.0,0.0481437499999999,0.0015886079904187
mistralai_mistral_7b_instruct_v0_2,abstract_algebra,balanced,mmlu:abstract_algebra,mistralai_mistral_7b_instruct_v0_2,400.0,two_way_balanced,PE-Rasch,0.0643506269240984,0.0057711721077975,0.1000742053333905,0.0094422281617627,0.0499563370040443,0.0072077892616242,0.3464992375146049,0.0305248392564087,0.0864534429431095,0.0064449430069732,1.0,,,,,,,,,,,,,,,,,,,,
mistralai_mistral_7b_instruct_v0_2,abstract_algebra,balanced,mmlu:abstract_algebra,mistralai_mistral_7b_instruct_v0_2,800.0,two_way_balanced,Avg,0.1188049993744,0.0103163691164422,0.1489752976344994,0.0107100864368493,0.1040449993744,0.0101984053564545,0.9622005073418204,0.0784358954778342,0.223614809382826,0.0036731069809896,,,,,,,,,,,,,,,,,,,,,
mistralai_mistral_7b_instruct_v0_2,abstract_algebra,balanced,mmlu:abstract_algebra,mistralai_mistral_7b_instruct_v0_2,800.0,two_way_balanced,BayPIRE,0.01725469852332,0.0019360094567121,0.0216955339241617,0.0019679742489299,0.0119370653894696,0.003241362313666,0.1821858624769047,0.007588406309643,0.0520380328283527,0.0020992924457729,1.0,0.902,0.0590291829898097,0.0770233380886225,0.0106665007428982,0.0771530111049052,0.0106198377930995,0.991,0.0087559503577091,0.1137127499999999,0.0061577018677154,0.1149999999999999,0.0052704627669472,0.8,0.4216370213557839,0.0299667267808245,0.0006259731278881,0.8,0.4216370213557839,0.0311934999999999,0.0008785935730852
mistralai_mistral_7b_instruct_v0_2,abstract_algebra,balanced,mmlu:abstract_algebra,mistralai_mistral_7b_instruct_v0_2,800.0,two_way_balanced,PE-Rasch,0.0573913256038072,0.0031153175340619,0.0784026715502422,0.0045770989979729,0.0433050689821564,0.0040729278529137,0.3140526446718825,0.0223653459024401,0.0761454905809121,0.0026340904653826,1.0,,,,,,,,,,,,,,,,,,,,
mistralai_mistral_7b_instruct_v0_2,abstract_algebra,balanced,mmlu:abstract_algebra,mistralai_mistral_7b_instruct_v0_2,1600.0,two_way_balanced,Avg,0.0832349999832,0.0043171524785204,0.1032103824618019,0.007847819479218,0.0694049999832,0.0038751308173112,0.6350545019708924,0.0223932446273226,0.2121238839164285,0.0023832573239334,,,,,,,,,,,,,,,,,,,,,
mistralai_mistral_7b_instruct_v0_2,abstract_algebra,balanced,mmlu:abstract_algebra,mistralai_mistral_7b_instruct_v0_2,1600.0,two_way_balanced,BayPIRE,0.0160483520840771,0.0010264608393314,0.0203108661524651,0.0013842531558283,0.0086520941618189,0.0014816267071306,0.1683355115594579,0.0032808556758951,0.049760206136966,0.00055338604618,1.0,0.808,0.078852886933693,0.0534734094190758,0.0095172442167382,0.053333427791515,0.0092222044354509,0.984,0.0126491106406735,0.0932322499999999,0.0062295347661585,0.093,0.0048304589153964,1.0,0.0,0.0184643800958134,0.000777644850773,1.0,0.0,0.0200924999999999,0.0007380172385821
mistralai_mistral_7b_instruct_v0_2,abstract_algebra,balanced,mmlu:abstract_algebra,mistralai_mistral_7b_instruct_v0_2,1600.0,two_way_balanced,PE-Rasch,0.043436367270452,0.0035240518503514,0.0550274886618219,0.0053292775246677,0.0299935608862446,0.0032152228287789,0.2358934729115373,0.0147413108959856,0.0642525305284669,0.0017965959280567,1.0,,,,,,,,,,,,,,,,,,,,
mistralai_mistral_7b_instruct_v0_2,abstract_algebra,random,mmlu:abstract_algebra,mistralai_mistral_7b_instruct_v0_2,200.0,random_uniform,Avg,0.2415049946061,0.0188804242985481,0.2980609341381497,0.0264116469853799,0.2268849946061,0.0192706218176497,3.7516531968953353,0.4768847545967471,0.290522249645034,0.0170049075826373,,,,,,,,,,,,,,,,,,,,,
mistralai_mistral_7b_instruct_v0_2,abstract_algebra,random,mmlu:abstract_algebra,mistralai_mistral_7b_instruct_v0_2,200.0,random_uniform,BayPIRE,0.0239089097867624,0.0072975521990584,0.0286453494099406,0.0075120660632279,0.0201833122915711,0.0094825495550558,0.3194939817923705,0.0111797716585042,0.0928985256792388,0.004408880774747,1.0,0.996,0.006992058987801,0.1872624385085111,0.0236082272971755,0.1870778846558361,0.0235070428162,1.0,0.0,0.2138089999999998,0.0216271818488267,0.2140124999999999,0.0231696977933105,1.0,0.0,0.099563352491286,0.004475196169911,1.0,0.0,0.1002524999999999,0.004848161593154
mistralai_mistral_7b_instruct_v0_2,abstract_algebra,random,mmlu:abstract_algebra,mistralai_mistral_7b_instruct_v0_2,200.0,random_uniform,PE-Rasch,0.083416722191727,0.0156993596197223,0.1183902421769807,0.0203933000618409,0.0674935022456718,0.0156484026624392,0.4089202384855441,0.039843987276659,0.1142338488912318,0.0123999377151896,1.0,,,,,,,,,,,,,,,,,,,,
mistralai_mistral_7b_instruct_v0_2,abstract_algebra,random,mmlu:abstract_algebra,mistralai_mistral_7b_instruct_v0_2,400.0,random_uniform,Avg,0.1995757180662214,0.0146598947367806,0.2498702626712127,0.0231667002334415,0.1850692894947929,0.0157185773404785,2.5655591972242067,0.4140893434795557,0.2650556576653908,0.0122055500294708,,,,,,,,,,,,,,,,,,,,,
mistralai_mistral_7b_instruct_v0_2,abstract_algebra,random,mmlu:abstract_algebra,mistralai_mistral_7b_instruct_v0_2,400.0,random_uniform,BayPIRE,0.0196425495652407,0.0045666198962931,0.0242994352147399,0.0048020407931268,0.0146893221414785,0.0064574490283634,0.237167050858314,0.0169101794600366,0.0662223379840533,0.0059890697456716,1.0,0.956,0.0919178377078621,0.1242588605011771,0.0265179472101135,0.1245523830975827,0.0263471201172084,0.996,0.0126491106406735,0.1554812499999999,0.022498158697806,0.156,0.0227058484879018,0.9,0.3162277660168379,0.0588088759407721,0.0041705186474048,0.9,0.3162277660168379,0.0595569999999999,0.0041841736871746
mistralai_mistral_7b_instruct_v0_2,abstract_algebra,random,mmlu:abstract_algebra,mistralai_mistral_7b_instruct_v0_2,400.0,random_uniform,PE-Rasch,0.0723562208456315,0.0112651626187277,0.1110818715488957,0.0220636508381231,0.056985748520429,0.0119702242968673,0.3823064185465105,0.04578394568684,0.0966248955895669,0.0105025902983797,1.0,,,,,,,,,,,,,,,,,,,,
mistralai_mistral_7b_instruct_v0_2,abstract_algebra,random,mmlu:abstract_algebra,mistralai_mistral_7b_instruct_v0_2,800.0,random_uniform,Avg,0.1326803585405034,0.0080030133704914,0.165578496332868,0.0119401858476115,0.1181824076025525,0.0073762127872561,1.1512785203990827,0.1540819560124403,0.2296573608316209,0.0043238659576113,,,,,,,,,,,,,,,,,,,,,
mistralai_mistral_7b_instruct_v0_2,abstract_algebra,random,mmlu:abstract_algebra,mistralai_mistral_7b_instruct_v0_2,800.0,random_uniform,BayPIRE,0.0168734236938015,0.0018947063517105,0.0210713978173378,0.0020875729844053,0.0113789839607805,0.0027528494897085,0.1885728043765767,0.0064633308326644,0.0535831315065605,0.0022386148681905,1.0,0.921,0.0398469293393829,0.0773588214979341,0.0088801508679857,0.0773848400535287,0.0088777240691292,0.994,0.0051639777949432,0.1152969999999999,0.0065220353844145,0.116,0.006992058987801,1.0,0.0,0.0330982955182421,0.0015253359946601,1.0,0.0,0.0343747499999999,0.0014686896323291
mistralai_mistral_7b_instruct_v0_2,abstract_algebra,random,mmlu:abstract_algebra,mistralai_mistral_7b_instruct_v0_2,800.0,random_uniform,PE-Rasch,0.0601031628322023,0.0045847319860979,0.0814115325621924,0.0094386270658549,0.0462190119446077,0.0048664732064719,0.3150880711264759,0.0326345766456375,0.0788657963538028,0.0057098330910808,1.0,,,,,,,,,,,,,,,,,,,,
mistralai_mistral_7b_instruct_v0_2,abstract_algebra,random,mmlu:abstract_algebra,mistralai_mistral_7b_instruct_v0_2,1600.0,random_uniform,Avg,0.0872671885838386,0.0066510749757851,0.1088559703910613,0.0083697771266373,0.0727277677998196,0.006598688147345,0.6747050074022365,0.0389574054019557,0.2137024524688443,0.002465955931474,,,,,,,,,,,,,,,,,,,,,
mistralai_mistral_7b_instruct_v0_2,abstract_algebra,random,mmlu:abstract_algebra,mistralai_mistral_7b_instruct_v0_2,1600.0,random_uniform,BayPIRE,0.0161235371717247,0.0012984381450829,0.0202800653265612,0.0013719137946452,0.0093141166703217,0.0019050353092308,0.1727674321425857,0.0060759010946746,0.0504169336400621,0.0010967003316243,1.0,0.764,0.0908233939516074,0.0523431636792719,0.014097916956717,0.0524886367175884,0.0142255262662242,0.986,0.0084327404271156,0.0934097499999999,0.009960455732685,0.093,0.011595018087284,0.9,0.3162277660168379,0.0193885774829384,0.0009629231672246,1.0,0.0,0.0209622499999999,0.0009430634552115
mistralai_mistral_7b_instruct_v0_2,abstract_algebra,random,mmlu:abstract_algebra,mistralai_mistral_7b_instruct_v0_2,1600.0,random_uniform,PE-Rasch,0.043785200787989,0.005444125466101,0.0550533325260113,0.0073459259101899,0.02985550457994,0.0056729683240106,0.2404799808415102,0.0132907415008177,0.0651411282149379,0.0031108927208657,1.0,,,,,,,,,,,,,,,,,,,,
mistralai_mistral_7b_instruct_v0_2,anatomy,balanced,mmlu:anatomy,mistralai_mistral_7b_instruct_v0_2,200.0,two_way_balanced,Avg,0.2714222173948148,0.0243823323178678,0.3434344432818412,0.0208410105918922,0.2617185136911112,0.0240281747568147,4.7643578432498765,0.4843846103730893,0.3669511230305263,0.0145766972588214,,,,,,,,,,,,,,,,,,,,,
mistralai_mistral_7b_instruct_v0_2,anatomy,balanced,mmlu:anatomy,mistralai_mistral_7b_instruct_v0_2,200.0,two_way_balanced,BayPIRE,0.0142921449222417,0.0028037799473002,0.0175220395250097,0.0034386632276817,0.0094958111473813,0.0046988364253514,0.2791931671251587,0.0139273376578528,0.0683017058884503,0.0057063484392014,1.0,1.0,0.0,0.2104433480835935,0.0182192863169159,0.2103558078737387,0.0181620791390247,1.0,0.0,0.2312288888888888,0.0168688461364164,0.2318703703703703,0.0164036052594637,1.0,0.0,0.0894841156722338,0.0025106976003826,1.0,0.0,0.0899146296296296,0.0022704186129985
mistralai_mistral_7b_instruct_v0_2,anatomy,balanced,mmlu:anatomy,mistralai_mistral_7b_instruct_v0_2,200.0,two_way_balanced,PE-Rasch,0.1151154594914629,0.0179013180126694,0.1499184614070565,0.0178170190750071,0.1040914023047404,0.0179754410820349,0.3505028290194253,0.0280891961144366,0.1000120885171207,0.0101975858485296,1.0,,,,,,,,,,,,,,,,,,,,
mistralai_mistral_7b_instruct_v0_2,anatomy,balanced,mmlu:anatomy,mistralai_mistral_7b_instruct_v0_2,400.0,two_way_balanced,Avg,0.1968481469642963,0.010481309704612,0.2381060086836529,0.0121781581087423,0.1870851840013334,0.0103663761695685,1.7418935608619257,0.2628147151845836,0.3053520980760306,0.006030750815634,,,,,,,,,,,,,,,,,,,,,
mistralai_mistral_7b_instruct_v0_2,anatomy,balanced,mmlu:anatomy,mistralai_mistral_7b_instruct_v0_2,400.0,two_way_balanced,BayPIRE,0.0117969125161083,0.0019763101241147,0.0146661257879795,0.0022929612034859,0.0094437176863226,0.0027506237023895,0.1692393137409641,0.0073931592364809,0.0397004844708324,0.0023294238427481,1.0,0.994,0.0157762127549323,0.0902099615959354,0.0117644244608644,0.0901843098639351,0.0117995998311341,1.0,0.0,0.1181831481481481,0.0113065690135334,0.1185185185185185,0.0110423109999989,1.0,0.0,0.0464190533661234,0.0026681888884173,1.0,0.0,0.0469183333333333,0.0026291494446525
mistralai_mistral_7b_instruct_v0_2,anatomy,balanced,mmlu:anatomy,mistralai_mistral_7b_instruct_v0_2,400.0,two_way_balanced,PE-Rasch,0.0521429758165844,0.0119912430920783,0.0850458698883939,0.0193994917105836,0.041400745808953,0.0124459148450325,0.2344937652326889,0.0248315398328706,0.059243829532867,0.0095794921905685,1.0,,,,,,,,,,,,,,,,,,,,
mistralai_mistral_7b_instruct_v0_2,anatomy,balanced,mmlu:anatomy,mistralai_mistral_7b_instruct_v0_2,800.0,two_way_balanced,Avg,0.1371583332392592,0.0099294372917919,0.1677306948965609,0.0118194235066209,0.1281805554614815,0.0101082468488321,0.8324968076231073,0.0642037277984253,0.2768975146722834,0.0044467916629828,,,,,,,,,,,,,,,,,,,,,
mistralai_mistral_7b_instruct_v0_2,anatomy,balanced,mmlu:anatomy,mistralai_mistral_7b_instruct_v0_2,800.0,two_way_balanced,BayPIRE,0.0107079097547083,0.0006439213795032,0.0133369822053274,0.0006321283906994,0.0076924163476208,0.0006419279469957,0.1373414199961813,0.0052725144205177,0.0349878777923182,0.0016977411355067,1.0,0.958,0.0252982212813469,0.0557716829835908,0.0038309657112575,0.0557773218582038,0.0038160652293107,1.0,0.0,0.0872642592592592,0.0035633041050974,0.0874074074074074,0.003123237195228,1.0,0.0,0.0277106617779488,0.0009564895710104,1.0,0.0,0.0285146296296296,0.0010427533700562
mistralai_mistral_7b_instruct_v0_2,anatomy,balanced,mmlu:anatomy,mistralai_mistral_7b_instruct_v0_2,800.0,two_way_balanced,PE-Rasch,0.0437895257053904,0.0067251341251662,0.0639164381963035,0.0086424943300147,0.0339537960126924,0.0062284267259209,0.2117785441640857,0.0220662894687247,0.0527756830139962,0.0059535776046217,1.0,,,,,,,,,,,,,,,,,,,,
mistralai_mistral_7b_instruct_v0_2,anatomy,balanced,mmlu:anatomy,mistralai_mistral_7b_instruct_v0_2,1600.0,two_way_balanced,Avg,0.0905481481393333,0.0051884314126883,0.1145167074843089,0.0051515390359381,0.0804287036948889,0.0052827981135571,0.7281639427776355,0.0275863146845723,0.26177186186,0.0015598239010088,,,,,,,,,,,,,,,,,,,,,
mistralai_mistral_7b_instruct_v0_2,anatomy,balanced,mmlu:anatomy,mistralai_mistral_7b_instruct_v0_2,1600.0,two_way_balanced,BayPIRE,0.0109578937984112,0.001661716214792,0.0134394903702466,0.001787646020044,0.007301608025098,0.0025793241244868,0.1173143088493608,0.0030550558965441,0.0321648538003532,0.0005746251431271,0.8,0.8320000000000001,0.089044308571008,0.0389601395528208,0.0024700246233328,0.0391630141742174,0.0024503082609156,0.998,0.0063245553203367,0.0713931481481481,0.0014526759885865,0.0725925925925925,0.003123237195228,0.9,0.3162277660168379,0.0168847954042679,0.0005985268256138,0.9,0.3162277660168379,0.0178161111111111,0.0006070390896251
mistralai_mistral_7b_instruct_v0_2,anatomy,balanced,mmlu:anatomy,mistralai_mistral_7b_instruct_v0_2,1600.0,two_way_balanced,PE-Rasch,0.0345272454457439,0.0016450035765643,0.0450076624224467,0.002164501838765,0.0259855781457839,0.0016890743802171,0.1632966494802198,0.0107403191640747,0.0436445286959545,0.0011945058591855,1.0,,,,,,,,,,,,,,,,,,,,
mistralai_mistral_7b_instruct_v0_2,anatomy,random,mmlu:anatomy,mistralai_mistral_7b_instruct_v0_2,200.0,random_uniform,Avg,0.2857121910319365,0.0322822189043099,0.349698819284283,0.0248986551328135,0.2760858947356402,0.0322023353562939,4.688723881353384,0.6419805320532226,0.3713338300775878,0.0174027286419194,,,,,,,,,,,,,,,,,,,,,
mistralai_mistral_7b_instruct_v0_2,anatomy,random,mmlu:anatomy,mistralai_mistral_7b_instruct_v0_2,200.0,random_uniform,BayPIRE,0.0235986900549301,0.0102998892338245,0.0267237975976951,0.0100573529610457,0.0221346601825323,0.0115872898528802,0.3550538502429914,0.0185790746046667,0.1041029049461253,0.0078182603533311,1.0,1.0,0.0,0.2059456717029263,0.019034549848762,0.2061010413190322,0.0192389916647582,1.0,0.0,0.2273818518518517,0.0178631427376364,0.2267129629629628,0.0171912887601946,1.0,0.0,0.1134030907688604,0.0033195358220697,1.0,0.0,0.1139742592592592,0.0034629248308897
mistralai_mistral_7b_instruct_v0_2,anatomy,random,mmlu:anatomy,mistralai_mistral_7b_instruct_v0_2,200.0,random_uniform,PE-Rasch,0.1164272846235553,0.0154727173463009,0.1518881368534194,0.0167655885965713,0.1065841034384056,0.0158174931104656,0.4579090526101095,0.0449888558261351,0.1381941452587942,0.0121293463782935,1.0,,,,,,,,,,,,,,,,,,,,
mistralai_mistral_7b_instruct_v0_2,anatomy,random,mmlu:anatomy,mistralai_mistral_7b_instruct_v0_2,400.0,random_uniform,Avg,0.232084535706279,0.0137304726671454,0.2885303658249145,0.0148178280377416,0.2219194563411996,0.0134869587618705,2.9184004046598546,0.3461564136758998,0.3330025601383074,0.009016055128115,,,,,,,,,,,,,,,,,,,,,
mistralai_mistral_7b_instruct_v0_2,anatomy,random,mmlu:anatomy,mistralai_mistral_7b_instruct_v0_2,400.0,random_uniform,BayPIRE,0.0157048072167618,0.0057616599082129,0.0186402285683734,0.0059372094189882,0.0130859954752747,0.0071606115618968,0.2092164388927911,0.0128141664957466,0.0537529805207659,0.0050296549118149,1.0,0.993,0.0221359436211786,0.1172794081780975,0.0120333992992571,0.1175259057994509,0.0124191073759642,1.0,0.0,0.1423429629629629,0.0107530239753824,0.1422314814814814,0.0103498152034084,1.0,0.0,0.0647054536237426,0.0032546026854983,1.0,0.0,0.0652762962962962,0.0033640675929148
mistralai_mistral_7b_instruct_v0_2,anatomy,random,mmlu:anatomy,mistralai_mistral_7b_instruct_v0_2,400.0,random_uniform,PE-Rasch,0.0800299976775332,0.0083124606695275,0.1152854534346863,0.0117660478854419,0.0703477405695816,0.0082737249173377,0.3124310699184759,0.0319096340514234,0.0849377506396751,0.0087584458525694,1.0,,,,,,,,,,,,,,,,,,,,
mistralai_mistral_7b_instruct_v0_2,anatomy,random,mmlu:anatomy,mistralai_mistral_7b_instruct_v0_2,800.0,random_uniform,Avg,0.1478572150470814,0.0124309644659459,0.1866134295970101,0.0152561146937899,0.1375158129306793,0.0121434620863526,1.0814491774615402,0.1270810625807316,0.2841405641433238,0.0059785629521577,,,,,,,,,,,,,,,,,,,,,
mistralai_mistral_7b_instruct_v0_2,anatomy,random,mmlu:anatomy,mistralai_mistral_7b_instruct_v0_2,800.0,random_uniform,BayPIRE,0.0125744045504915,0.0027769011370903,0.0153885478870595,0.0029240079949943,0.0094300086577637,0.0038748464676833,0.1465960905190642,0.0091731458120893,0.0375580250436356,0.0029448799756855,1.0,0.937,0.077610136794966,0.0640746061866935,0.0081162711066933,0.0640732994996795,0.008213273048086,0.999,0.0031622776601683,0.0939842592592592,0.0068730315107337,0.0933518518518518,0.0062565009628485,0.9,0.3162277660168379,0.0327014396824919,0.0020282768671669,0.9,0.3162277660168379,0.0331312962962963,0.0021359285001707
mistralai_mistral_7b_instruct_v0_2,anatomy,random,mmlu:anatomy,mistralai_mistral_7b_instruct_v0_2,800.0,random_uniform,PE-Rasch,0.0491180871224885,0.0071362680863902,0.0719166477930961,0.0086179762762458,0.039835061909243,0.007537245270916,0.2275421318574195,0.0120358488320962,0.0579753843225572,0.0044648294092836,1.0,,,,,,,,,,,,,,,,,,,,
mistralai_mistral_7b_instruct_v0_2,anatomy,random,mmlu:anatomy,mistralai_mistral_7b_instruct_v0_2,1600.0,random_uniform,Avg,0.096063521786259,0.0052692663724628,0.1206834941414471,0.0070614480781902,0.0866188852136813,0.0056708940105545,0.7317605639534632,0.0222643030751382,0.2634232662855623,0.0021395803420222,,,,,,,,,,,,,,,,,,,,,
mistralai_mistral_7b_instruct_v0_2,anatomy,random,mmlu:anatomy,mistralai_mistral_7b_instruct_v0_2,1600.0,random_uniform,BayPIRE,0.0108991023728644,0.0008575893158628,0.0136260323585297,0.0008358680919349,0.0066287429609138,0.0010707967589266,0.1218366778364669,0.0044362898939051,0.0327101962873723,0.0011998682759372,0.6,0.853,0.0496767327606977,0.0424704574192409,0.0051500769298541,0.0426448813319199,0.0052222875219477,0.995,0.0070710678118654,0.0725733333333333,0.0033806012132945,0.0733333333333333,0.002342427896421,1.0,0.0,0.0177484635483676,0.0006124971505486,1.0,0.0,0.0189135185185185,0.0008555506787312
mistralai_mistral_7b_instruct_v0_2,anatomy,random,mmlu:anatomy,mistralai_mistral_7b_instruct_v0_2,1600.0,random_uniform,PE-Rasch,0.0356063249672007,0.0040510274570309,0.0476219798245188,0.0050607110997604,0.02619663474463,0.003982274424795,0.1811519008455639,0.0151575401114962,0.0456190904474635,0.0028710819098939,1.0,,,,,,,,,,,,,,,,,,,,
mistralai_mistral_7b_instruct_v0_2,astronomy,balanced,mmlu:astronomy,mistralai_mistral_7b_instruct_v0_2,200.0,two_way_balanced,Avg,0.2991447314046053,0.0169152738223168,0.3478002793502862,0.0181762878109187,0.2836052577203947,0.0170568869289156,4.848973580811237,0.3770410369442057,0.3585899950732,0.0128984639327357,,,,,,,,,,,,,,,,,,,,,
mistralai_mistral_7b_instruct_v0_2,astronomy,balanced,mmlu:astronomy,mistralai_mistral_7b_instruct_v0_2,200.0,two_way_balanced,BayPIRE,0.0282354842072011,0.0092064034571083,0.0343649097814863,0.0097622632101649,0.0200591681933249,0.0131296602751528,0.4108743367209906,0.0121222308096665,0.121432831746441,0.0051476388037378,1.0,1.0,0.0,0.3142073329740804,0.0372998559556384,0.3119486618559685,0.0364284841795142,1.0,0.0,0.3291749999999999,0.0358596870611017,0.3273601973684208,0.0363024725843905,1.0,0.0,0.0985911699528233,0.0028251139868912,1.0,0.0,0.0988467105263157,0.003090854135182
mistralai_mistral_7b_instruct_v0_2,astronomy,balanced,mmlu:astronomy,mistralai_mistral_7b_instruct_v0_2,200.0,two_way_balanced,PE-Rasch,0.1490178611471471,0.0120695790425398,0.1859017839440346,0.0145667480409957,0.131981612506028,0.0119086769783805,0.5882704154551545,0.0334784652176176,0.1639260239862131,0.0086527433333361,1.0,,,,,,,,,,,,,,,,,,,,
mistralai_mistral_7b_instruct_v0_2,astronomy,balanced,mmlu:astronomy,mistralai_mistral_7b_instruct_v0_2,400.0,two_way_balanced,Avg,0.2002763141828947,0.0152674673233313,0.2376001344457493,0.0178115848838928,0.1863815773407894,0.0149582621405955,1.8848461763353488,0.2702615408282434,0.2938969580840541,0.0087336942877194,,,,,,,,,,,,,,,,,,,,,
mistralai_mistral_7b_instruct_v0_2,astronomy,balanced,mmlu:astronomy,mistralai_mistral_7b_instruct_v0_2,400.0,two_way_balanced,BayPIRE,0.0190961127271422,0.0036972092149376,0.0238474487701173,0.0041053563606919,0.0136578414767674,0.0052698746309821,0.2994441880359964,0.0103840917310626,0.0845781574172104,0.0038978342957567,1.0,0.99,0.0188561808316413,0.1461318311182682,0.0162109052362604,0.1459225876054958,0.0160909308740042,0.998,0.0042163702135578,0.1684901315789472,0.0136559581780826,0.1677796052631578,0.0139604585384809,1.0,0.0,0.0561359407767844,0.0012433613684132,1.0,0.0,0.0566958881578947,0.0013370862955342
mistralai_mistral_7b_instruct_v0_2,astronomy,balanced,mmlu:astronomy,mistralai_mistral_7b_instruct_v0_2,400.0,two_way_balanced,PE-Rasch,0.0978654198109957,0.0099978371574227,0.139634815298008,0.0100886818139437,0.0824124802146092,0.0104710900068172,0.5298266566926597,0.0406129179034716,0.1292771179500743,0.0096400389745032,1.0,,,,,,,,,,,,,,,,,,,,
mistralai_mistral_7b_instruct_v0_2,astronomy,balanced,mmlu:astronomy,mistralai_mistral_7b_instruct_v0_2,800.0,two_way_balanced,Avg,0.1327763156189473,0.0098234256503242,0.1674920909644433,0.0104658587017034,0.1166184208821052,0.0102343086542612,0.8493118597477473,0.0732101116769929,0.2653593748593055,0.0037984926754042,,,,,,,,,,,,,,,,,,,,,
mistralai_mistral_7b_instruct_v0_2,astronomy,balanced,mmlu:astronomy,mistralai_mistral_7b_instruct_v0_2,800.0,two_way_balanced,BayPIRE,0.0182015992567822,0.0011190145453491,0.0224694614510796,0.0014705273565616,0.0113279690255997,0.002311548202887,0.2547600482849911,0.0046425706987675,0.0742219407172214,0.0020019133751517,1.0,0.963,0.0429599296502631,0.1064348618790261,0.0234331266129977,0.1061418197521518,0.0233536910454077,0.994,0.0096609178307929,0.132392269736842,0.0189618259489527,0.1316036184210525,0.0200721565759847,1.0,0.0,0.0353107701642503,0.0016287168163255,1.0,0.0,0.0363583881578946,0.0013028947033449
mistralai_mistral_7b_instruct_v0_2,astronomy,balanced,mmlu:astronomy,mistralai_mistral_7b_instruct_v0_2,800.0,two_way_balanced,PE-Rasch,0.0792675989858426,0.0073637051305488,0.106081570878342,0.0103407659937246,0.0640998475658991,0.007321198613651,0.4496113145013547,0.0262711239799215,0.1093288857600931,0.0039671664263259,1.0,,,,,,,,,,,,,,,,,,,,
mistralai_mistral_7b_instruct_v0_2,astronomy,balanced,mmlu:astronomy,mistralai_mistral_7b_instruct_v0_2,1600.0,two_way_balanced,Avg,0.0967532894736842,0.0061307892738115,0.1196656207505595,0.0072391221710356,0.0803848684210526,0.0068228200787183,0.7036122155413724,0.0063480876605521,0.2518995863970588,0.0021701008157583,,,,,,,,,,,,,,,,,,,,,
mistralai_mistral_7b_instruct_v0_2,astronomy,balanced,mmlu:astronomy,mistralai_mistral_7b_instruct_v0_2,1600.0,two_way_balanced,BayPIRE,0.0162589027766695,0.0016601375988036,0.0206373439827931,0.0019729357190593,0.0084715986944131,0.0024874588161087,0.2283768929482216,0.0051433692726127,0.0683556479963613,0.0016427538124253,1.0,0.91,0.0577350269189625,0.0764818919556196,0.0173596151960765,0.0764722630978633,0.0174872464192023,0.991,0.0128668393770792,0.1070014802631578,0.0128959504415795,0.1079111842105262,0.0132090676143293,1.0,0.0,0.0230266341647782,0.0006273554390565,1.0,0.0,0.0243983552631578,0.0007988684732579
mistralai_mistral_7b_instruct_v0_2,astronomy,balanced,mmlu:astronomy,mistralai_mistral_7b_instruct_v0_2,1600.0,two_way_balanced,PE-Rasch,0.0540528520374343,0.0043702499836699,0.0681801901518195,0.0064296122550299,0.0404041500396831,0.0045053775428907,0.302249876007847,0.0168520204126071,0.085546192703543,0.0033296083283357,1.0,,,,,,,,,,,,,,,,,,,,
mistralai_mistral_7b_instruct_v0_2,astronomy,random,mmlu:astronomy,mistralai_mistral_7b_instruct_v0_2,200.0,random_uniform,Avg,0.2802863108544079,0.0235131033742331,0.3423000330480188,0.023263028667292,0.2641542055912499,0.023301927868657,4.527562091420354,0.4445803334278247,0.3546925718920805,0.0167562167191007,,,,,,,,,,,,,,,,,,,,,
mistralai_mistral_7b_instruct_v0_2,astronomy,random,mmlu:astronomy,mistralai_mistral_7b_instruct_v0_2,200.0,random_uniform,BayPIRE,0.026512818852342,0.0098532638637915,0.032405653652621,0.0104168656127134,0.0190379651182109,0.013331975654735,0.4556775298810412,0.0179273543775741,0.1440693664969149,0.0074699011645146,1.0,0.999,0.0031622776601683,0.3003098395218879,0.043852843985618,0.3007777697443932,0.0449733811189788,1.0,0.0,0.3150003289473683,0.0422892529581989,0.3158223684210525,0.0426674980160071,1.0,0.0,0.1179331379908141,0.0047322985789426,1.0,0.0,0.1180921052631577,0.0042617084213978
mistralai_mistral_7b_instruct_v0_2,astronomy,random,mmlu:astronomy,mistralai_mistral_7b_instruct_v0_2,200.0,random_uniform,PE-Rasch,0.1529995485622384,0.0206119930382477,0.1922316349034407,0.0234464053831563,0.1369875729818597,0.0195646850300518,0.680699791664833,0.0716629985634667,0.196696008009255,0.018429398446391,1.0,,,,,,,,,,,,,,,,,,,,
mistralai_mistral_7b_instruct_v0_2,astronomy,random,mmlu:astronomy,mistralai_mistral_7b_instruct_v0_2,400.0,random_uniform,Avg,0.2158810753289068,0.0153716531810719,0.2673197272289301,0.0161396153205386,0.1993301183911077,0.0165226571942059,2.6076094911245145,0.2903046992422229,0.3092894411447041,0.0091439970717613,,,,,,,,,,,,,,,,,,,,,
mistralai_mistral_7b_instruct_v0_2,astronomy,random,mmlu:astronomy,mistralai_mistral_7b_instruct_v0_2,400.0,random_uniform,BayPIRE,0.0214801712000651,0.0058617005257667,0.0265408497536984,0.0062045176612081,0.0169499318114359,0.0077295247480321,0.3381391499500555,0.0088563449097585,0.1006006658563851,0.0031558447942543,1.0,0.981,0.0310733898304571,0.1488672688862468,0.01745328591939,0.1489240435517165,0.0172442374524609,0.996,0.0096609178307929,0.1710792763157893,0.0154338623926564,0.1704111842105262,0.0156618812956633,1.0,0.0,0.0707779667534768,0.0034843756861886,0.9,0.3162277660168379,0.071139967105263,0.0036118682733276
mistralai_mistral_7b_instruct_v0_2,astronomy,random,mmlu:astronomy,mistralai_mistral_7b_instruct_v0_2,400.0,random_uniform,PE-Rasch,0.1015878248938981,0.0101509527271232,0.1421450113584971,0.0110032705403306,0.0851503739985922,0.0111007664328755,0.5664389927165419,0.0402967710042351,0.1435557384818086,0.0074992299284094,1.0,,,,,,,,,,,,,,,,,,,,
mistralai_mistral_7b_instruct_v0_2,astronomy,random,mmlu:astronomy,mistralai_mistral_7b_instruct_v0_2,800.0,random_uniform,Avg,0.1429677375064144,0.0111976688174145,0.1800330539313933,0.0106029221048388,0.1267231636592089,0.0110934212723549,1.0355945127697228,0.0784717620254554,0.2698682784927224,0.0042531195461345,,,,,,,,,,,,,,,,,,,,,
mistralai_mistral_7b_instruct_v0_2,astronomy,random,mmlu:astronomy,mistralai_mistral_7b_instruct_v0_2,800.0,random_uniform,BayPIRE,0.018158696173836,0.0015512621310727,0.0224973614322112,0.0018603950874817,0.0124753111543168,0.0028621513337414,0.2650667674685587,0.0086401858624762,0.0771446738036201,0.0035595759597228,1.0,0.957,0.0266874918683307,0.1016639556020821,0.0162567466006479,0.1015465137273827,0.0161173064750296,0.995,0.0070710678118654,0.1288129934210525,0.0127197149538987,0.1276562499999999,0.0124673782980564,1.0,0.0,0.0401542506570326,0.0016767603643413,1.0,0.0,0.0409661184210525,0.0014345512950898
mistralai_mistral_7b_instruct_v0_2,astronomy,random,mmlu:astronomy,mistralai_mistral_7b_instruct_v0_2,800.0,random_uniform,PE-Rasch,0.0796011225893506,0.0074079242502656,0.1069798741309948,0.0108896713850776,0.0642217080958574,0.0081599849978449,0.4551863145556261,0.0432481689080103,0.1118841107548384,0.0073092982259806,1.0,,,,,,,,,,,,,,,,,,,,
mistralai_mistral_7b_instruct_v0_2,astronomy,random,mmlu:astronomy,mistralai_mistral_7b_instruct_v0_2,1600.0,random_uniform,Avg,0.0979618170842459,0.0067590513356496,0.1242508506715629,0.0081047249840038,0.0839567244622062,0.0060709630060313,0.7524993056062435,0.0493547333000716,0.2532539126446959,0.0024588323729315,,,,,,,,,,,,,,,,,,,,,
mistralai_mistral_7b_instruct_v0_2,astronomy,random,mmlu:astronomy,mistralai_mistral_7b_instruct_v0_2,1600.0,random_uniform,BayPIRE,0.0183930526340301,0.0020835141287555,0.0227707587626988,0.0022160972874844,0.0102511228340171,0.0036672308547011,0.2302250989726097,0.0047759928193503,0.0686816947578471,0.001358315262197,1.0,0.881,0.0748999332442959,0.0800804145639404,0.0226523792348337,0.0798568102380448,0.0223116617982706,0.99,0.0094280904158206,0.1098105263157894,0.017019655124279,0.1085855263157893,0.0170433945651482,0.8,0.4216370213557839,0.0241809766982007,0.0010061223217008,0.8,0.4216370213557839,0.025554769736842,0.0007702170125066
mistralai_mistral_7b_instruct_v0_2,astronomy,random,mmlu:astronomy,mistralai_mistral_7b_instruct_v0_2,1600.0,random_uniform,PE-Rasch,0.0560576829269363,0.0057271247783122,0.0715854651292243,0.0080753099493311,0.0418739963562655,0.006253192356322,0.3105332393525524,0.0148544534855746,0.0866542539934536,0.0030867424548877,1.0,,,,,,,,,,,,,,,,,,,,
mistralai_mistral_7b_instruct_v0_2,business_ethics,balanced,mmlu:business_ethics,mistralai_mistral_7b_instruct_v0_2,200.0,two_way_balanced,Avg,0.2617799953842,0.0255578553699937,0.3354852716637259,0.023229006607928,0.2480599953842,0.0250175132949641,4.608882449143377,0.5235169295692398,0.3625459137614286,0.0161432709477516,,,,,,,,,,,,,,,,,,,,,
mistralai_mistral_7b_instruct_v0_2,business_ethics,balanced,mmlu:business_ethics,mistralai_mistral_7b_instruct_v0_2,200.0,two_way_balanced,BayPIRE,0.0204648203068782,0.0034838284625374,0.0257389046612247,0.0038986613306106,0.0163995115324417,0.0045787095049987,0.270484742499201,0.0145857542719766,0.0698495130856785,0.0056321956573991,1.0,0.994,0.0096609178307929,0.1719148522381037,0.0221052243918691,0.1717636355983947,0.0218469966260687,0.998,0.0042163702135578,0.2024297499999999,0.0196331580513539,0.202,0.0193218356615859,1.0,0.0,0.0797578714448856,0.0034248824561053,1.0,0.0,0.08088925,0.0029661081051888
mistralai_mistral_7b_instruct_v0_2,business_ethics,balanced,mmlu:business_ethics,mistralai_mistral_7b_instruct_v0_2,200.0,two_way_balanced,PE-Rasch,0.0914600489564455,0.0195127847910814,0.1238504182113913,0.0212005704696935,0.0737528975276674,0.019672002895921,0.3824611881571794,0.0431817600589517,0.1004823818038685,0.0126472524744986,1.0,,,,,,,,,,,,,,,,,,,,
mistralai_mistral_7b_instruct_v0_2,business_ethics,balanced,mmlu:business_ethics,mistralai_mistral_7b_instruct_v0_2,400.0,two_way_balanced,Avg,0.1980499987136,0.0199346288989364,0.2410944151493099,0.0208694830560533,0.1816699987136,0.0190375093753153,1.8551791356324407,0.3369092336815457,0.30828645703875,0.0109029004156279,,,,,,,,,,,,,,,,,,,,,
mistralai_mistral_7b_instruct_v0_2,business_ethics,balanced,mmlu:business_ethics,mistralai_mistral_7b_instruct_v0_2,400.0,two_way_balanced,BayPIRE,0.020726035441313,0.0035827882912673,0.0260842050727643,0.0037495820313245,0.01666635534066,0.0049178413345391,0.2086237781889652,0.0089058219260382,0.0554165933172937,0.0028894578980819,1.0,0.948,0.035213633723318,0.1084579253793657,0.0124113034580647,0.1083057252199206,0.0123897830534972,0.991,0.0099442892601175,0.1422592499999999,0.0102562975268043,0.1430249999999999,0.0094783745090249,0.9,0.3162277660168379,0.0476287652624479,0.001871126612073,0.9,0.3162277660168379,0.0487884999999999,0.0019038798835828
mistralai_mistral_7b_instruct_v0_2,business_ethics,balanced,mmlu:business_ethics,mistralai_mistral_7b_instruct_v0_2,400.0,two_way_balanced,PE-Rasch,0.0680632528851415,0.0097474036587273,0.1034635700116501,0.0122277302298292,0.0508574749681861,0.010801086144663,0.341516060440224,0.0248737637969935,0.0850822249415256,0.0075153008529578,1.0,,,,,,,,,,,,,,,,,,,,
mistralai_mistral_7b_instruct_v0_2,business_ethics,balanced,mmlu:business_ethics,mistralai_mistral_7b_instruct_v0_2,800.0,two_way_balanced,Avg,0.1438749998712,0.0092820989517242,0.1764395864594695,0.0102440886496326,0.1270249998712,0.0078679112693917,0.8775100839608875,0.0762783586784731,0.2814979618230435,0.0042186876724693,,,,,,,,,,,,,,,,,,,,,
mistralai_mistral_7b_instruct_v0_2,business_ethics,balanced,mmlu:business_ethics,mistralai_mistral_7b_instruct_v0_2,800.0,two_way_balanced,BayPIRE,0.017600228120535,0.0012332936180555,0.0224572443719145,0.0014470568380239,0.0119496691821202,0.0020981709469886,0.17611967350001,0.0058529876304578,0.0489378922548093,0.0017869761299247,1.0,0.905,0.0462481230850387,0.0792568999686847,0.0154539281145139,0.079207116337158,0.0152922372444972,0.989,0.0110050493461461,0.1152939999999999,0.0109344417756209,0.1150124999999999,0.0097539966879677,1.0,0.0,0.029311935963659,0.000944892572927,1.0,0.0,0.03059275,0.0010367741436783
mistralai_mistral_7b_instruct_v0_2,business_ethics,balanced,mmlu:business_ethics,mistralai_mistral_7b_instruct_v0_2,800.0,two_way_balanced,PE-Rasch,0.0577499150836122,0.0052713219873762,0.0791871976438165,0.008389404696577,0.0434974494357027,0.0051128505410127,0.2941210450212596,0.02352671378941,0.073250220616589,0.004900646498146,1.0,,,,,,,,,,,,,,,,,,,,
mistralai_mistral_7b_instruct_v0_2,business_ethics,balanced,mmlu:business_ethics,mistralai_mistral_7b_instruct_v0_2,1600.0,two_way_balanced,Avg,0.0898675,0.0077950932750459,0.1117956502788071,0.0075976113745377,0.0750725,0.0085086022647671,0.7213220260355904,0.0062010592955555,0.2622810639880952,0.0025538511070981,,,,,,,,,,,,,,,,,,,,,
mistralai_mistral_7b_instruct_v0_2,business_ethics,balanced,mmlu:business_ethics,mistralai_mistral_7b_instruct_v0_2,1600.0,two_way_balanced,BayPIRE,0.0165358284079053,0.0012675314408142,0.0209704081212612,0.0013804342924913,0.0101511943351403,0.0022739821262524,0.1590587008337138,0.0030786300159274,0.045755415823312,0.0005572233723437,1.0,0.787,0.0991127304302193,0.0549609821362317,0.0126780183774885,0.0551076920523937,0.0126517921483262,0.978,0.013984117975602,0.0946389999999999,0.0073651717185985,0.0949999999999999,0.0070710678118654,0.9,0.3162277660168379,0.0184121167951043,0.0005468295973951,0.9,0.3162277660168379,0.020032,0.0006923669146084
mistralai_mistral_7b_instruct_v0_2,business_ethics,balanced,mmlu:business_ethics,mistralai_mistral_7b_instruct_v0_2,1600.0,two_way_balanced,PE-Rasch,0.0414873877913588,0.0045325737892551,0.0535625131183933,0.0062138624569674,0.0291272782943512,0.0046109028961216,0.2134577425908191,0.0180260892397257,0.0591576215663889,0.0037901210549267,1.0,,,,,,,,,,,,,,,,,,,,
mistralai_mistral_7b_instruct_v0_2,business_ethics,random,mmlu:business_ethics,mistralai_mistral_7b_instruct_v0_2,200.0,random_uniform,Avg,0.2859583286285334,0.0138533102743262,0.3520870729671505,0.0119614673691077,0.2698783286285334,0.0143720942877674,4.741946017465649,0.2665625680420871,0.3736572203156689,0.0087235587710609,,,,,,,,,,,,,,,,,,,,,
mistralai_mistral_7b_instruct_v0_2,business_ethics,random,mmlu:business_ethics,mistralai_mistral_7b_instruct_v0_2,200.0,random_uniform,BayPIRE,0.0329938322921602,0.016723951348798,0.0380398060357698,0.0163292264710536,0.0301747637878164,0.0187431090359347,0.3386962291575378,0.0185385187210728,0.0983188949208095,0.0080254507579891,1.0,0.993,0.0133749350984925,0.2077720685423948,0.0196352163861711,0.2078673304937783,0.0196616089022991,1.0,0.0,0.2358694999999999,0.0177879123205119,0.2365374999999998,0.0191382080390105,0.9,0.3162277660168379,0.110963877564279,0.003751617393477,0.9,0.3162277660168379,0.1122182499999999,0.0036682004462527
mistralai_mistral_7b_instruct_v0_2,business_ethics,random,mmlu:business_ethics,mistralai_mistral_7b_instruct_v0_2,200.0,random_uniform,PE-Rasch,0.1076507233003294,0.01274245313509,0.1435835328914678,0.0135642974319202,0.0904859269042154,0.0151085206265801,0.4630854809944617,0.0353314995793064,0.1312834374314814,0.011240509926517,1.0,,,,,,,,,,,,,,,,,,,,
mistralai_mistral_7b_instruct_v0_2,business_ethics,random,mmlu:business_ethics,mistralai_mistral_7b_instruct_v0_2,400.0,random_uniform,Avg,0.2203182263521287,0.0166427035209793,0.2752722093585985,0.0191565277583197,0.2044762061501085,0.0162678691995192,2.7515893458781284,0.4014425656625772,0.3266319695375522,0.0111506382270328,,,,,,,,,,,,,,,,,,,,,
mistralai_mistral_7b_instruct_v0_2,business_ethics,random,mmlu:business_ethics,mistralai_mistral_7b_instruct_v0_2,400.0,random_uniform,BayPIRE,0.0214135453630039,0.0050674930360304,0.0265918841024319,0.0053644736241708,0.0182390666012197,0.005859207868878,0.2380124418093565,0.0105249241937491,0.0651457805901859,0.0040174143346992,1.0,0.97,0.0244948974278317,0.1194883786847747,0.0110366506375833,0.1197296169071496,0.01104443245064,0.996,0.0126491106406735,0.1529134999999999,0.0102604967391122,0.1535125,0.0105561412483708,1.0,0.0,0.0628460026722338,0.0038748612029294,1.0,0.0,0.0632442499999999,0.0034679030347363
mistralai_mistral_7b_instruct_v0_2,business_ethics,random,mmlu:business_ethics,mistralai_mistral_7b_instruct_v0_2,400.0,random_uniform,PE-Rasch,0.077045873136998,0.010345631036668,0.1103403533075339,0.0102611812082147,0.0606018457329017,0.0105849180675897,0.3778524438766572,0.0363216288493267,0.0966184666740592,0.0084600697414202,1.0,,,,,,,,,,,,,,,,,,,,
mistralai_mistral_7b_instruct_v0_2,business_ethics,random,mmlu:business_ethics,mistralai_mistral_7b_instruct_v0_2,800.0,random_uniform,Avg,0.1467086584433439,0.0077380536513753,0.1852573012068592,0.010040713354846,0.1296490207126536,0.0066905995419033,1.0937608095877631,0.1660592638590569,0.2848901201231559,0.00408364561611,,,,,,,,,,,,,,,,,,,,,
mistralai_mistral_7b_instruct_v0_2,business_ethics,random,mmlu:business_ethics,mistralai_mistral_7b_instruct_v0_2,800.0,random_uniform,BayPIRE,0.0185531617274161,0.0017961817860646,0.023410686210078,0.0019496159519029,0.0127561166143133,0.0027901209298014,0.1795610984662275,0.0058677237613655,0.0494719374322566,0.0016677136025557,1.0,0.904,0.0469515116310906,0.0813396308587897,0.0094435827629546,0.0816709307646009,0.0094176538700811,0.985,0.0084983658559879,0.1169037499999999,0.0073157288930161,0.1160499999999998,0.0070245600890333,0.9,0.3162277660168379,0.033440209696015,0.0021895834928999,0.9,0.3162277660168379,0.0345737499999999,0.0018968629987721
mistralai_mistral_7b_instruct_v0_2,business_ethics,random,mmlu:business_ethics,mistralai_mistral_7b_instruct_v0_2,800.0,random_uniform,PE-Rasch,0.0622502525857599,0.0062281122159505,0.088032999796975,0.009446106305095,0.0456729654647885,0.006366670918086,0.3060821065699958,0.0256872312211722,0.0760071076060362,0.0044397825169338,1.0,,,,,,,,,,,,,,,,,,,,
mistralai_mistral_7b_instruct_v0_2,business_ethics,random,mmlu:business_ethics,mistralai_mistral_7b_instruct_v0_2,1600.0,random_uniform,Avg,0.0911197482823583,0.0060288949726597,0.1151450376742835,0.0061005120740189,0.0748725094781778,0.006435957987022,0.7238636870192658,0.003689986938121,0.2631362093048512,0.0017808909454753,,,,,,,,,,,,,,,,,,,,,
mistralai_mistral_7b_instruct_v0_2,business_ethics,random,mmlu:business_ethics,mistralai_mistral_7b_instruct_v0_2,1600.0,random_uniform,BayPIRE,0.0160243000551338,0.0006688533852065,0.0207719426604746,0.0007677907246711,0.0102929552179011,0.0010607679209189,0.1598698274992923,0.0028795118966197,0.0458095682597727,0.000689397772884,1.0,0.767,0.0583190458693479,0.0487066999474732,0.0075668098921334,0.0490038531377477,0.0077552560839445,0.978,0.0063245553203367,0.0907627499999999,0.0044348320540041,0.0919999999999999,0.0042163702135578,1.0,0.0,0.0188449175351524,0.0007599437917392,1.0,0.0,0.02019175,0.0007262432348125
mistralai_mistral_7b_instruct_v0_2,business_ethics,random,mmlu:business_ethics,mistralai_mistral_7b_instruct_v0_2,1600.0,random_uniform,PE-Rasch,0.041193138123196,0.0030867731501296,0.0536587309163115,0.0039322718958507,0.0282218832907054,0.0029649969868863,0.2136362542127088,0.0073310077799666,0.0592605206280456,0.0017639828087666,1.0,,,,,,,,,,,,,,,,,,,,
mistralai_mistral_7b_instruct_v0_2,clinical_knowledge,balanced,mmlu:clinical_knowledge,mistralai_mistral_7b_instruct_v0_2,200.0,two_way_balanced,Avg,0.2867433911053584,0.0117595502735248,0.3330619864956444,0.0129598201223215,0.2728113156336603,0.0113964968507784,4.432999073672234,0.2795284394048583,0.343441060189962,0.0087847452122421,,,,,,,,,,,,,,,,,,,,,
mistralai_mistral_7b_instruct_v0_2,clinical_knowledge,balanced,mmlu:clinical_knowledge,mistralai_mistral_7b_instruct_v0_2,200.0,two_way_balanced,BayPIRE,0.0305870671365907,0.00784141417195,0.0378439212381281,0.0090994470578625,0.0169128597381882,0.0082369112726127,0.576753311365984,0.0088000702779334,0.1944840300658228,0.0044512869551457,1.0,1.0,0.0,0.4060317235260589,0.0548411954079419,0.4020771224176955,0.0542825021529471,1.0,0.0,0.4167369811320753,0.0536689223489595,0.4129056603773582,0.0534919165026467,1.0,0.0,0.1227341470461881,0.0032774951912243,1.0,0.0,0.1229874528301886,0.0031736108009647
mistralai_mistral_7b_instruct_v0_2,clinical_knowledge,balanced,mmlu:clinical_knowledge,mistralai_mistral_7b_instruct_v0_2,200.0,two_way_balanced,PE-Rasch,0.1763743154774868,0.0118370248833163,0.2146518319717685,0.0137401203760558,0.1622460135906944,0.0116757377865024,0.613857458824339,0.0349019949005448,0.186671346165783,0.0109668583727483,1.0,,,,,,,,,,,,,,,,,,,,
mistralai_mistral_7b_instruct_v0_2,clinical_knowledge,balanced,mmlu:clinical_knowledge,mistralai_mistral_7b_instruct_v0_2,400.0,two_way_balanced,Avg,0.1980877341550188,0.0169722789215414,0.2327538833582843,0.0182216672194267,0.1816273567965283,0.0163945415535619,1.8381673021298264,0.3133092846240641,0.2868278243321839,0.0089747860611728,,,,,,,,,,,,,,,,,,,,,
mistralai_mistral_7b_instruct_v0_2,clinical_knowledge,balanced,mmlu:clinical_knowledge,mistralai_mistral_7b_instruct_v0_2,400.0,two_way_balanced,BayPIRE,0.0195618296185949,0.0038010341324659,0.025328844224073,0.0032657659191647,0.0149403442556494,0.0045110386069001,0.3013571871615458,0.0108239282445154,0.0809051718604468,0.0041678411062387,1.0,0.994,0.0096609178307929,0.1598955366124305,0.0189469480725565,0.1598640515249325,0.0190891314040369,1.0,0.0,0.1718849999999999,0.0177377536972425,0.1713207547169811,0.017628023186269,1.0,0.0,0.0597826266372447,0.0021284438764963,1.0,0.0,0.0603107547169811,0.0022610556322849
mistralai_mistral_7b_instruct_v0_2,clinical_knowledge,balanced,mmlu:clinical_knowledge,mistralai_mistral_7b_instruct_v0_2,400.0,two_way_balanced,PE-Rasch,0.0970709615441185,0.0138197473455635,0.1304295220581196,0.0156636980413717,0.0793882017597488,0.0135055212447501,0.4172531491338954,0.0371531911925528,0.110063755587171,0.0110554749705234,1.0,,,,,,,,,,,,,,,,,,,,
mistralai_mistral_7b_instruct_v0_2,clinical_knowledge,balanced,mmlu:clinical_knowledge,mistralai_mistral_7b_instruct_v0_2,800.0,two_way_balanced,Avg,0.1345193392444151,0.0064225389707744,0.1685979877696943,0.0092557688955119,0.1187929241500754,0.0070696275974243,0.9505380101281816,0.123056317261555,0.2609802404760311,0.0033748072969406,,,,,,,,,,,,,,,,,,,,,
mistralai_mistral_7b_instruct_v0_2,clinical_knowledge,balanced,mmlu:clinical_knowledge,mistralai_mistral_7b_instruct_v0_2,800.0,two_way_balanced,BayPIRE,0.0177953330591615,0.0015026153413413,0.0228068878163825,0.0017409414430792,0.0142374939281328,0.0021945678175356,0.2183633200110865,0.006518014046667,0.058810613582452,0.0023735912918114,1.0,0.934,0.0445221542855039,0.0936349607995722,0.0159977482995697,0.0934018342992628,0.0157613170259678,0.974,0.0291356978445495,0.108033396226415,0.0144509067735579,0.107943396226415,0.0144731179894881,1.0,0.0,0.0329576371651786,0.00140821527217,1.0,0.0,0.0336000943396226,0.0015364858683445
mistralai_mistral_7b_instruct_v0_2,clinical_knowledge,balanced,mmlu:clinical_knowledge,mistralai_mistral_7b_instruct_v0_2,800.0,two_way_balanced,PE-Rasch,0.0681352622889928,0.0080044903636489,0.0976145256854224,0.0089407794878842,0.0527370252693039,0.0083865586918985,0.3423722806736798,0.0304057131015179,0.084012700616623,0.0073150648650657,1.0,,,,,,,,,,,,,,,,,,,,
mistralai_mistral_7b_instruct_v0_2,clinical_knowledge,balanced,mmlu:clinical_knowledge,mistralai_mistral_7b_instruct_v0_2,1600.0,two_way_balanced,Avg,0.090879481113283,0.0085474089851642,0.1140503853689695,0.0100432975895914,0.0762360848868679,0.008754130697263,0.70187393157076,0.0252327409187346,0.2454910422789959,0.0025032092422132,,,,,,,,,,,,,,,,,,,,,
mistralai_mistral_7b_instruct_v0_2,clinical_knowledge,balanced,mmlu:clinical_knowledge,mistralai_mistral_7b_instruct_v0_2,1600.0,two_way_balanced,BayPIRE,0.0167774052140987,0.0007695504105604,0.0214470772558172,0.0009315357002956,0.0122749363860811,0.0019133735536275,0.1809132438095003,0.0026911570037774,0.050737630645773,0.0007189700120769,0.7,0.8880000000000001,0.0657942922212017,0.0699867445758519,0.0117887360200197,0.069847651676869,0.0117733378249495,0.957,0.0271006354989037,0.0858875471698112,0.0094136858808784,0.0864150943396226,0.0091487278218707,1.0,0.0,0.0205821078149702,0.0006563814064502,1.0,0.0,0.0213538679245282,0.0005908794906286
mistralai_mistral_7b_instruct_v0_2,clinical_knowledge,balanced,mmlu:clinical_knowledge,mistralai_mistral_7b_instruct_v0_2,1600.0,two_way_balanced,PE-Rasch,0.0488876450470939,0.0028715792207887,0.0635351607256486,0.0055622997247992,0.0341598805430223,0.0032916752162436,0.2568514268476963,0.0146419471050886,0.0661564955512419,0.0027579270445745,1.0,,,,,,,,,,,,,,,,,,,,
mistralai_mistral_7b_instruct_v0_2,clinical_knowledge,random,mmlu:clinical_knowledge,mistralai_mistral_7b_instruct_v0_2,200.0,random_uniform,Avg,0.2678861633829416,0.0148872204734211,0.3349455579896353,0.0095185841157917,0.2515841508043251,0.0154152423980318,4.245550926491256,0.3514624592607858,0.3445106565138819,0.0065663074510361,,,,,,,,,,,,,,,,,,,,,
mistralai_mistral_7b_instruct_v0_2,clinical_knowledge,random,mmlu:clinical_knowledge,mistralai_mistral_7b_instruct_v0_2,200.0,random_uniform,BayPIRE,0.036181230812197,0.0196847785045076,0.0415916339945525,0.0188114649951916,0.0319101370981604,0.0234295861881191,0.4940871917954398,0.0150251947350518,0.1606198550617834,0.0061030918496467,1.0,0.997,0.0067494855771055,0.2614118836955783,0.0273245809325257,0.2609185315140692,0.027015023109361,0.998,0.0042163702135578,0.2711784905660376,0.0262554926464959,0.26988679245283,0.0263461795704752,0.8,0.4216370213557839,0.1241959402911025,0.0047488320744291,0.9,0.3162277660168379,0.1249860377358489,0.0054505107904729
mistralai_mistral_7b_instruct_v0_2,clinical_knowledge,random,mmlu:clinical_knowledge,mistralai_mistral_7b_instruct_v0_2,200.0,random_uniform,PE-Rasch,0.1704689817962917,0.0115895833693773,0.2082688905053741,0.0140617203515826,0.1547023686797629,0.0114330945480709,0.6676640806708618,0.0396267663425172,0.2099378639846126,0.0106552900564885,1.0,,,,,,,,,,,,,,,,,,,,
mistralai_mistral_7b_instruct_v0_2,clinical_knowledge,random,mmlu:clinical_knowledge,mistralai_mistral_7b_instruct_v0_2,400.0,random_uniform,Avg,0.2062036773792931,0.0105775720900665,0.2607610715840383,0.0152587228558756,0.1897184258069661,0.0111909113729408,2.572966245749296,0.2069388673840502,0.3007608209681497,0.0081448650572703,,,,,,,,,,,,,,,,,,,,,
mistralai_mistral_7b_instruct_v0_2,clinical_knowledge,random,mmlu:clinical_knowledge,mistralai_mistral_7b_instruct_v0_2,400.0,random_uniform,BayPIRE,0.0221174165800177,0.0061764708210384,0.027673456153922,0.006254403137364,0.0192377640812987,0.0074256813660902,0.3642073532291362,0.0192430777557498,0.1101544994411984,0.0076072216337695,1.0,0.983,0.0286937856222097,0.1472375206588874,0.012182606448824,0.1469910778938391,0.01211966215564,0.991,0.0223358207570012,0.1602873584905659,0.0109765728502446,0.1609481132075471,0.010822098719536,0.9,0.3162277660168379,0.0784301202562982,0.0023877746985653,0.9,0.3162277660168379,0.0784502830188678,0.0021048884454211
mistralai_mistral_7b_instruct_v0_2,clinical_knowledge,random,mmlu:clinical_knowledge,mistralai_mistral_7b_instruct_v0_2,400.0,random_uniform,PE-Rasch,0.114251918492722,0.0107943367917274,0.1498701048165408,0.0095915009065697,0.0980639727056307,0.0112818278239865,0.5187345354639966,0.0386113230177249,0.147532330945365,0.0080921239034194,1.0,,,,,,,,,,,,,,,,,,,,
mistralai_mistral_7b_instruct_v0_2,clinical_knowledge,random,mmlu:clinical_knowledge,mistralai_mistral_7b_instruct_v0_2,800.0,random_uniform,Avg,0.141376526059037,0.0083594094193331,0.1786347525165123,0.0130693008584605,0.1261366169115807,0.0091562086596394,1.0335442216996653,0.1715208673775004,0.2645884394773405,0.0049745439919681,,,,,,,,,,,,,,,,,,,,,
mistralai_mistral_7b_instruct_v0_2,clinical_knowledge,random,mmlu:clinical_knowledge,mistralai_mistral_7b_instruct_v0_2,800.0,random_uniform,BayPIRE,0.0195145172390176,0.0032116107911283,0.0240690546064927,0.0027096570895108,0.0168870978883477,0.003874026063824,0.2495866480183328,0.0111500163006288,0.0698468541832544,0.0041754796575937,1.0,0.933,0.0577446486217072,0.094104850814112,0.0087128347565969,0.0940676045143893,0.0085385544010352,0.977,0.024517567397911,0.1096092452830187,0.0077041196174476,0.110188679245283,0.007070927961034,1.0,0.0,0.0448710381908285,0.0016547447239513,1.0,0.0,0.0452317924528301,0.0015492611300387
mistralai_mistral_7b_instruct_v0_2,clinical_knowledge,random,mmlu:clinical_knowledge,mistralai_mistral_7b_instruct_v0_2,800.0,random_uniform,PE-Rasch,0.082564848991052,0.009943647956238,0.1159037664824503,0.013004358170121,0.0683807457926361,0.0108770162085351,0.3877037566358634,0.0253899700829964,0.1007595720443354,0.006725309929284,1.0,,,,,,,,,,,,,,,,,,,,
mistralai_mistral_7b_instruct_v0_2,clinical_knowledge,random,mmlu:clinical_knowledge,mistralai_mistral_7b_instruct_v0_2,1600.0,random_uniform,Avg,0.095895819457742,0.0092788696702051,0.119121656869252,0.010446046490728,0.0796053440339197,0.0094689140541446,0.7055313572188332,0.0299202956448805,0.2466981463091563,0.0028140023575172,,,,,,,,,,,,,,,,,,,,,
mistralai_mistral_7b_instruct_v0_2,clinical_knowledge,random,mmlu:clinical_knowledge,mistralai_mistral_7b_instruct_v0_2,1600.0,random_uniform,BayPIRE,0.0172534605463623,0.0021296120496581,0.022102385072792,0.0018409852220172,0.0126847570767906,0.0037975744277328,0.1912309185257323,0.0063085109765052,0.0536709872585555,0.0018742698425707,0.8,0.868,0.0917484483671401,0.0711733898256768,0.0190490949200343,0.0712087096364963,0.0191001768298816,0.936,0.0353396220818628,0.0880755660377358,0.0155602018566071,0.0875613207547169,0.0155899068947148,0.9,0.3162277660168379,0.0242259944732247,0.001043376132453,0.9,0.3162277660168379,0.0248872641509433,0.0010661624247592
mistralai_mistral_7b_instruct_v0_2,clinical_knowledge,random,mmlu:clinical_knowledge,mistralai_mistral_7b_instruct_v0_2,1600.0,random_uniform,PE-Rasch,0.0502232984265711,0.0032360482071474,0.0655637554285341,0.0042844773701334,0.0346913832518603,0.0034435266522609,0.266544104059304,0.015789953666471,0.0689508084205601,0.0020729680271454,1.0,,,,,,,,,,,,,,,,,,,,
mistralai_mistral_7b_instruct_v0_2,college_biology,balanced,mmlu:college_biology,mistralai_mistral_7b_instruct_v0_2,200.0,two_way_balanced,Avg,0.2974027722358333,0.01538372309576,0.333393099663648,0.0164133682312924,0.2839861055691667,0.0135270453057687,4.446046342327255,0.3949301372073252,0.3343802771925352,0.0113915953169159,,,,,,,,,,,,,,,,,,,,,
mistralai_mistral_7b_instruct_v0_2,college_biology,balanced,mmlu:college_biology,mistralai_mistral_7b_instruct_v0_2,200.0,two_way_balanced,BayPIRE,0.0191729904786108,0.0032560182552771,0.0235099900151067,0.0039158941485411,0.0119915612934448,0.0042421117625279,0.302250886752732,0.0107963433678582,0.0788953427724731,0.0038436858174931,1.0,1.0,0.0,0.2461207797828934,0.0347668631930023,0.2444830423698651,0.0333575063976558,1.0,0.0,0.2626645833333332,0.0328213303386093,0.2618663194444442,0.0320754339008028,1.0,0.0,0.0908081442842319,0.003408255826858,1.0,0.0,0.0912604166666666,0.0035233536542122
mistralai_mistral_7b_instruct_v0_2,college_biology,balanced,mmlu:college_biology,mistralai_mistral_7b_instruct_v0_2,200.0,two_way_balanced,PE-Rasch,0.1220563069687769,0.0184594038239571,0.1599707943331392,0.0186612574012435,0.1074118384007179,0.0175904776932127,0.3894456432280458,0.0284285818286296,0.1105154507869508,0.0108017997025639,1.0,,,,,,,,,,,,,,,,,,,,
mistralai_mistral_7b_instruct_v0_2,college_biology,balanced,mmlu:college_biology,mistralai_mistral_7b_instruct_v0_2,400.0,two_way_balanced,Avg,0.1939722201902777,0.0113959344268486,0.2316284454960556,0.0131181970989741,0.1815277757458333,0.0116870869111673,1.895536847546635,0.1808328237656102,0.2767410699857143,0.006702434951916,,,,,,,,,,,,,,,,,,,,,
mistralai_mistral_7b_instruct_v0_2,college_biology,balanced,mmlu:college_biology,mistralai_mistral_7b_instruct_v0_2,400.0,two_way_balanced,BayPIRE,0.0149932593972117,0.0014285837619954,0.0186794366745184,0.0016075646989129,0.0109226275218026,0.0021232810990584,0.1967991834203867,0.004757112601651,0.0500198951059857,0.0021071929794969,1.0,0.997,0.0048304589153964,0.1125764998479015,0.0204695157622624,0.1125054740873383,0.0204591878504398,1.0,0.0,0.1362901041666666,0.0182244069780057,0.137517361111111,0.0166780058038556,1.0,0.0,0.0495364231640623,0.0016646985934039,1.0,0.0,0.0499116319444443,0.0015695847290118
mistralai_mistral_7b_instruct_v0_2,college_biology,balanced,mmlu:college_biology,mistralai_mistral_7b_instruct_v0_2,400.0,two_way_balanced,PE-Rasch,0.0670688529363731,0.0117360111624474,0.1061292216826726,0.0159490375453087,0.0525598084061571,0.0116949933582445,0.2935869733593434,0.0272478414527119,0.0756712446366049,0.007970605883178,1.0,,,,,,,,,,,,,,,,,,,,
mistralai_mistral_7b_instruct_v0_2,college_biology,balanced,mmlu:college_biology,mistralai_mistral_7b_instruct_v0_2,800.0,two_way_balanced,Avg,0.1315416663172222,0.0075388225641022,0.1607281360397802,0.0087285407531945,0.1181944440949999,0.0083508687495784,0.9040099175812076,0.1173062233113556,0.248828124745147,0.0030237564931592,,,,,,,,,,,,,,,,,,,,,
mistralai_mistral_7b_instruct_v0_2,college_biology,balanced,mmlu:college_biology,mistralai_mistral_7b_instruct_v0_2,800.0,two_way_balanced,BayPIRE,0.0145392230972805,0.0014212467809109,0.0178571305788022,0.001506442561679,0.0112838439998004,0.001796746667399,0.1559815583709871,0.0080068008770729,0.0422194160027609,0.0016906507755682,1.0,0.91,0.06,0.0625036490820041,0.0069568235236689,0.0625065828388374,0.0070729089598228,0.997,0.0094868329805051,0.0909062499999999,0.0057164794753557,0.0906510416666666,0.0061937587096393,1.0,0.0,0.0283527384667181,0.0007363056271497,1.0,0.0,0.029245486111111,0.0008852873755759
mistralai_mistral_7b_instruct_v0_2,college_biology,balanced,mmlu:college_biology,mistralai_mistral_7b_instruct_v0_2,800.0,two_way_balanced,PE-Rasch,0.0467127357713146,0.0064483931892939,0.0690285975325499,0.0096255524771453,0.0320906956802011,0.0060898710633156,0.2378869801826471,0.0162046041557235,0.0593385491952206,0.0028397467078432,1.0,,,,,,,,,,,,,,,,,,,,
mistralai_mistral_7b_instruct_v0_2,college_biology,balanced,mmlu:college_biology,mistralai_mistral_7b_instruct_v0_2,1600.0,two_way_balanced,Avg,0.0894652777599999,0.0045864946484903,0.1129459635317537,0.0062807383192728,0.0777986110933333,0.0050546831810207,0.6843857330191143,0.0228490592211367,0.2359736327984375,0.0017660280739816,,,,,,,,,,,,,,,,,,,,,
mistralai_mistral_7b_instruct_v0_2,college_biology,balanced,mmlu:college_biology,mistralai_mistral_7b_instruct_v0_2,1600.0,two_way_balanced,BayPIRE,0.0140605511209125,0.0008098357353832,0.0175131836936599,0.0010978471618356,0.0092392111433055,0.0022006343955862,0.1351639513029176,0.0050673845089339,0.0389791876369458,0.0009175847423124,0.6,0.807,0.0883238988672437,0.0496993598053009,0.0117428284367315,0.0496139755240517,0.0114446308395141,0.988,0.0154919333848296,0.0778835069444444,0.0080492201853642,0.0770920138888889,0.0076503283540715,0.9,0.3162277660168379,0.0176676342132695,0.000452052834413,0.9,0.3162277660168379,0.0187798611111111,0.0007223802355634
mistralai_mistral_7b_instruct_v0_2,college_biology,balanced,mmlu:college_biology,mistralai_mistral_7b_instruct_v0_2,1600.0,two_way_balanced,PE-Rasch,0.038794617308752,0.004241652274222,0.0489416946923428,0.0056843291453879,0.0265539510357996,0.0042746845439769,0.1907543946235172,0.0165788787781908,0.0514606317967383,0.0024297434852393,1.0,,,,,,,,,,,,,,,,,,,,
mistralai_mistral_7b_instruct_v0_2,college_biology,random,mmlu:college_biology,mistralai_mistral_7b_instruct_v0_2,200.0,random_uniform,Avg,0.2718649947145138,0.0148959066456651,0.333370743870307,0.0170757757258437,0.2576277724922917,0.0154451024320345,4.371934508977386,0.2596253041837164,0.3342560648147284,0.0114042714094954,,,,,,,,,,,,,,,,,,,,,
mistralai_mistral_7b_instruct_v0_2,college_biology,random,mmlu:college_biology,mistralai_mistral_7b_instruct_v0_2,200.0,random_uniform,BayPIRE,0.026439458025438,0.0152771630494432,0.0303515761127301,0.0150371024609974,0.0229614963358068,0.017792226583605,0.3612291144101172,0.0228248376308189,0.107756442991562,0.0097449682098789,1.0,0.999,0.0031622776601683,0.2082334769286436,0.024956783799,0.2082356753797913,0.0250339774768849,1.0,0.0,0.2268935763888887,0.0235605228506623,0.2261111111111108,0.0246113371049736,0.9,0.3162277660168379,0.1122242791735555,0.003340164746023,0.9,0.3162277660168379,0.1126762152777777,0.0031578254178551
mistralai_mistral_7b_instruct_v0_2,college_biology,random,mmlu:college_biology,mistralai_mistral_7b_instruct_v0_2,200.0,random_uniform,PE-Rasch,0.1203029968300041,0.0089700278858984,0.1540316417771546,0.0105754916110281,0.1062640338302016,0.0089136456106269,0.4672478598159086,0.0407971394963008,0.1396909881954498,0.011213097907741,1.0,,,,,,,,,,,,,,,,,,,,
mistralai_mistral_7b_instruct_v0_2,college_biology,random,mmlu:college_biology,mistralai_mistral_7b_instruct_v0_2,400.0,random_uniform,Avg,0.2022313680065097,0.0157154664026408,0.2523724544109663,0.017942661653634,0.1874224791176208,0.0153271109721279,2.504396757040971,0.3640294492282931,0.2871955979933835,0.0097767280076754,,,,,,,,,,,,,,,,,,,,,
mistralai_mistral_7b_instruct_v0_2,college_biology,random,mmlu:college_biology,mistralai_mistral_7b_instruct_v0_2,400.0,random_uniform,BayPIRE,0.0186554999977996,0.0035680046000529,0.0225308254476545,0.0037429917488943,0.0159475104170897,0.0041992590315533,0.240616755219476,0.0139435490033763,0.0662975206720557,0.0064572601999053,1.0,0.995,0.0126929551764398,0.1149031251016992,0.0066726082276317,0.1148442521258164,0.0066471006131403,1.0,0.0,0.1386967013888888,0.0052476542364435,0.1388888888888889,0.0056701151453314,1.0,0.0,0.0637803693161343,0.0017224890476638,1.0,0.0,0.0644100694444442,0.0018645967681195
mistralai_mistral_7b_instruct_v0_2,college_biology,random,mmlu:college_biology,mistralai_mistral_7b_instruct_v0_2,400.0,random_uniform,PE-Rasch,0.07084164618516,0.0077230497619952,0.1037907576796091,0.0091362373358641,0.0565218682347762,0.0085697744137386,0.3387123876305627,0.0300175361158721,0.0897724023942236,0.0082200696607122,1.0,,,,,,,,,,,,,,,,,,,,
mistralai_mistral_7b_instruct_v0_2,college_biology,random,mmlu:college_biology,mistralai_mistral_7b_instruct_v0_2,800.0,random_uniform,Avg,0.1371190639656251,0.0099752779420764,0.1755001257695434,0.0125455426216049,0.1237743142708754,0.0090887393659021,1.1258811866710905,0.1915592002374583,0.254069968830959,0.0047654262856495,,,,,,,,,,,,,,,,,,,,,
mistralai_mistral_7b_instruct_v0_2,college_biology,random,mmlu:college_biology,mistralai_mistral_7b_instruct_v0_2,800.0,random_uniform,BayPIRE,0.0151821751010358,0.0030195143022416,0.0188344282347196,0.0032204913228575,0.0115124879484294,0.0039138393664151,0.1650307313435753,0.0085987925424697,0.0452484037362231,0.0033794553384893,1.0,0.943,0.0555877684387491,0.0785907518720658,0.0115990967162177,0.0787411249079217,0.0115445345430258,0.996,0.0096609178307929,0.1042572916666666,0.0093882397438062,0.1048697916666666,0.0095013605401759,0.9,0.3162277660168379,0.0343945258039734,0.0020123416850174,0.9,0.3162277660168379,0.035267361111111,0.0019928542425322
mistralai_mistral_7b_instruct_v0_2,college_biology,random,mmlu:college_biology,mistralai_mistral_7b_instruct_v0_2,800.0,random_uniform,PE-Rasch,0.054873903011751,0.0071155913736637,0.0813118322074482,0.0133934499312241,0.0419773281574814,0.0069709780709591,0.2607254907458043,0.0295905759241619,0.0668347121613989,0.0065886068387692,1.0,,,,,,,,,,,,,,,,,,,,
mistralai_mistral_7b_instruct_v0_2,college_biology,random,mmlu:college_biology,mistralai_mistral_7b_instruct_v0_2,1600.0,random_uniform,Avg,0.0921462032678754,0.004289047507305,0.1147160653625045,0.005239170714738,0.079842433654276,0.0036532812510083,0.6789195505297645,0.0174386262558845,0.2362272297631378,0.0015253452562992,,,,,,,,,,,,,,,,,,,,,
mistralai_mistral_7b_instruct_v0_2,college_biology,random,mmlu:college_biology,mistralai_mistral_7b_instruct_v0_2,1600.0,random_uniform,BayPIRE,0.0138996664619458,0.0011883919535543,0.0172959360622208,0.0011463250690319,0.0088443742525422,0.0014876649899271,0.1327264541557653,0.003344895786354,0.0384768006594766,0.0010330705300223,1.0,0.8539999999999999,0.0613188388670235,0.0537060143500568,0.0074807637392546,0.0538920942516076,0.0076692885973375,0.985,0.0097182531580754,0.0815088541666666,0.004972545876925,0.0812586805555555,0.0057207502831057,0.9,0.3162277660168379,0.0194037808321467,0.0005660877180418,0.9,0.3162277660168379,0.0203012152777778,0.0006677875906733
mistralai_mistral_7b_instruct_v0_2,college_biology,random,mmlu:college_biology,mistralai_mistral_7b_instruct_v0_2,1600.0,random_uniform,PE-Rasch,0.0415923863818848,0.0037993272011923,0.0542866921507714,0.0049337658533902,0.0297202484718692,0.0033903797387087,0.188809818778354,0.0108640628890231,0.0525798698655036,0.0024995707458066,1.0,,,,,,,,,,,,,,,,,,,,
mistralai_mistral_7b_instruct_v0_2,college_chemistry,balanced,mmlu:college_chemistry,mistralai_mistral_7b_instruct_v0_2,200.0,two_way_balanced,Avg,0.2881799947766,0.0138198564441355,0.3372251684199668,0.0124802644132027,0.2641199947766,0.0150192316564232,4.624176825072773,0.3408164587889888,0.3502091790042857,0.0088956288328263,,,,,,,,,,,,,,,,,,,,,
mistralai_mistral_7b_instruct_v0_2,college_chemistry,balanced,mmlu:college_chemistry,mistralai_mistral_7b_instruct_v0_2,200.0,two_way_balanced,BayPIRE,0.0318701001782773,0.0025758471514617,0.0382416188058317,0.0037228589327829,0.026499693629527,0.0034360593298349,0.2648914203205406,0.0147908311179816,0.0682252496628427,0.0057945419810627,1.0,0.995,0.0158113883008419,0.202285951691811,0.0237541656931752,0.2024356690275248,0.023592598518058,1.0,0.0,0.2286667499999998,0.0211658529387549,0.2280499999999997,0.0204724747459171,1.0,0.0,0.0828479074380964,0.0029372297539855,1.0,0.0,0.0835615,0.0031083409740746
mistralai_mistral_7b_instruct_v0_2,college_chemistry,balanced,mmlu:college_chemistry,mistralai_mistral_7b_instruct_v0_2,200.0,two_way_balanced,PE-Rasch,0.0984027120969036,0.0075824122162936,0.1353303146547782,0.0088937900881116,0.0703158132352246,0.0096008650577647,0.3472370176537238,0.0301722560507051,0.096473892569884,0.0074366401185511,1.0,,,,,,,,,,,,,,,,,,,,
mistralai_mistral_7b_instruct_v0_2,college_chemistry,balanced,mmlu:college_chemistry,mistralai_mistral_7b_instruct_v0_2,400.0,two_way_balanced,Avg,0.195389998416,0.0148046123581297,0.2328339207456473,0.0175392922721034,0.168729998416,0.0146009928294756,1.8658482700820016,0.253294046370996,0.2906718736391667,0.0085883450444959,,,,,,,,,,,,,,,,,,,,,
mistralai_mistral_7b_instruct_v0_2,college_chemistry,balanced,mmlu:college_chemistry,mistralai_mistral_7b_instruct_v0_2,400.0,two_way_balanced,BayPIRE,0.0298321705923315,0.0012772860855707,0.0358401020473689,0.0017509139475915,0.0265797899768832,0.0013605621780254,0.1917211012529469,0.0067811738696788,0.0511860274283712,0.0023311656820823,1.0,0.867,0.0539650092395268,0.109142630448663,0.0120063573160017,0.1090758463434537,0.0122244999333844,0.979,0.0207899548393502,0.1423667499999999,0.0094630047971913,0.143,0.0082327260234856,1.0,0.0,0.0473739775277741,0.0017929560671161,1.0,0.0,0.0482057499999999,0.0020968259908993
mistralai_mistral_7b_instruct_v0_2,college_chemistry,balanced,mmlu:college_chemistry,mistralai_mistral_7b_instruct_v0_2,400.0,two_way_balanced,PE-Rasch,0.0661590529297577,0.0062838285041079,0.0971236330949667,0.0112704266357536,0.0388296956147315,0.0059057139241727,0.2727012738126629,0.0174151422726607,0.0717029700781089,0.0046240335438752,1.0,,,,,,,,,,,,,,,,,,,,
mistralai_mistral_7b_instruct_v0_2,college_chemistry,balanced,mmlu:college_chemistry,mistralai_mistral_7b_instruct_v0_2,800.0,two_way_balanced,Avg,0.128854999816,0.0095736457744186,0.1600406104199715,0.0117202522765271,0.100824999816,0.0096414397300633,0.854886365381085,0.0886306153390479,0.2618498639717391,0.0043396024353124,,,,,,,,,,,,,,,,,,,,,
mistralai_mistral_7b_instruct_v0_2,college_chemistry,balanced,mmlu:college_chemistry,mistralai_mistral_7b_instruct_v0_2,800.0,two_way_balanced,BayPIRE,0.0276373082407069,0.0008262237019024,0.0327911472640047,0.0008654873932872,0.0230225812576767,0.001868811831065,0.1623703757888031,0.0032111139847092,0.0466073336095956,0.0011911280831079,1.0,0.7809999999999999,0.1004932280747757,0.0849320987033624,0.0142520926264123,0.0851511775393666,0.0141545674095171,0.962,0.0187379590967402,0.1168349999999999,0.0098268300529158,0.1169999999999999,0.0094868329805051,1.0,0.0,0.0289021948165726,0.0010715825096417,1.0,0.0,0.0299522499999999,0.0009548010627583
mistralai_mistral_7b_instruct_v0_2,college_chemistry,balanced,mmlu:college_chemistry,mistralai_mistral_7b_instruct_v0_2,800.0,two_way_balanced,PE-Rasch,0.0480826594666377,0.0033061800651328,0.063319310633294,0.0053694212459467,0.0232040972118098,0.0041775603993285,0.2349023515646124,0.0156777082100756,0.0605593871475065,0.0025743482176873,1.0,,,,,,,,,,,,,,,,,,,,
mistralai_mistral_7b_instruct_v0_2,college_chemistry,balanced,mmlu:college_chemistry,mistralai_mistral_7b_instruct_v0_2,1600.0,two_way_balanced,Avg,0.0884674999916,0.0057412862836431,0.1090206051213598,0.0042542663465337,0.0642274999916,0.0058675833936072,0.701282286723078,0.0160559849725676,0.2483201264809524,0.0013939985495635,,,,,,,,,,,,,,,,,,,,,
mistralai_mistral_7b_instruct_v0_2,college_chemistry,balanced,mmlu:college_chemistry,mistralai_mistral_7b_instruct_v0_2,1600.0,two_way_balanced,BayPIRE,0.0245370998919544,0.0011734518833794,0.0293400181952557,0.0013894928761967,0.01769911058568,0.0032194794841663,0.1432735085969831,0.0028026950457512,0.0431038566381866,0.0011776413800119,1.0,0.8160000000000001,0.0786271086980961,0.0799020201224346,0.0130165072566372,0.0799299206158899,0.0132300450410529,0.968,0.0239443799947573,0.1089117499999999,0.0102539698308346,0.1100124999999999,0.0105278153400092,0.9,0.3162277660168379,0.0177671443359077,0.000659171541544,0.9,0.3162277660168379,0.0194019999999999,0.000573007174669
mistralai_mistral_7b_instruct_v0_2,college_chemistry,balanced,mmlu:college_chemistry,mistralai_mistral_7b_instruct_v0_2,1600.0,two_way_balanced,PE-Rasch,0.0385279715486344,0.0035623362478328,0.049665642619904,0.0046730581042971,0.0200499200057296,0.0038549040894905,0.1869444910089527,0.0124613578914816,0.0525496021103287,0.0023458684504417,1.0,,,,,,,,,,,,,,,,,,,,
mistralai_mistral_7b_instruct_v0_2,college_chemistry,random,mmlu:college_chemistry,mistralai_mistral_7b_instruct_v0_2,200.0,random_uniform,Avg,0.2778533284341333,0.0145361270962367,0.3401890526073613,0.0142256390037223,0.2500999951008,0.0147649377018937,4.495356841672314,0.3097934029513117,0.3519743775875964,0.0100702515436405,,,,,,,,,,,,,,,,,,,,,
mistralai_mistral_7b_instruct_v0_2,college_chemistry,random,mmlu:college_chemistry,mistralai_mistral_7b_instruct_v0_2,200.0,random_uniform,BayPIRE,0.0360348383956491,0.0068272625737253,0.0431088697746228,0.0082414549719983,0.0322798269926472,0.0072763858114506,0.3202384181053229,0.0171590959255807,0.0923788710596693,0.0075486494946439,1.0,0.98,0.0270801280154531,0.1905896436991149,0.0255907867673628,0.1906757181928448,0.0257788229442499,0.997,0.0067494855771055,0.2189442499999999,0.0229955611069832,0.22,0.023094010767585,1.0,0.0,0.1067514426296612,0.0046451234388877,1.0,0.0,0.1074042499999999,0.0049054758306407
mistralai_mistral_7b_instruct_v0_2,college_chemistry,random,mmlu:college_chemistry,mistralai_mistral_7b_instruct_v0_2,200.0,random_uniform,PE-Rasch,0.0930423566095723,0.0151132755436731,0.1273910666491056,0.0219580661188731,0.0614688908200471,0.0176823653053013,0.4079561969244456,0.035918591232368,0.1165230753785014,0.0100457443416752,1.0,,,,,,,,,,,,,,,,,,,,
mistralai_mistral_7b_instruct_v0_2,college_chemistry,random,mmlu:college_chemistry,mistralai_mistral_7b_instruct_v0_2,400.0,random_uniform,Avg,0.2113046402859428,0.0121710048839323,0.2677273331220025,0.0149451590729981,0.1853446402859428,0.0098223855436155,2.6826095574563373,0.2457398763700701,0.3089008652965698,0.0086429020087431,,,,,,,,,,,,,,,,,,,,,
mistralai_mistral_7b_instruct_v0_2,college_chemistry,random,mmlu:college_chemistry,mistralai_mistral_7b_instruct_v0_2,400.0,random_uniform,BayPIRE,0.0313520474281265,0.0024983605558865,0.0373280617021552,0.00345880493673,0.0273113318979533,0.0031512099825396,0.2237859251051969,0.0129448664573894,0.0619545878390847,0.0045626045271641,1.0,0.8939999999999999,0.0483505716385833,0.1225676136206297,0.0189353570901723,0.1226958708288309,0.0187565295658326,0.988,0.013984117975602,0.1543807499999999,0.0163350890659238,0.1540249999999998,0.015839669784717,1.0,0.0,0.0605816611405916,0.0028415344457062,1.0,0.0,0.0617392499999999,0.0030473643097127
mistralai_mistral_7b_instruct_v0_2,college_chemistry,random,mmlu:college_chemistry,mistralai_mistral_7b_instruct_v0_2,400.0,random_uniform,PE-Rasch,0.0748574400360151,0.013130429063333,0.1041999502174837,0.0140443086167925,0.046404235195578,0.0132725532736944,0.3199086149338844,0.0397495611868533,0.0864832672514973,0.010378136899411,1.0,,,,,,,,,,,,,,,,,,,,
mistralai_mistral_7b_instruct_v0_2,college_chemistry,random,mmlu:college_chemistry,mistralai_mistral_7b_instruct_v0_2,800.0,random_uniform,Avg,0.1382106299816233,0.008074529049156,0.1774501753744083,0.0077907106020092,0.1124844039269762,0.0080469006189702,1.0727315333811638,0.1057772166859156,0.2683256385553991,0.0033241654047542,,,,,,,,,,,,,,,,,,,,,
mistralai_mistral_7b_instruct_v0_2,college_chemistry,random,mmlu:college_chemistry,mistralai_mistral_7b_instruct_v0_2,800.0,random_uniform,BayPIRE,0.0280335588009354,0.0009220891005269,0.0333871693055932,0.000825346679003,0.0237557474411,0.0016582590894662,0.1676376575592849,0.006833403627735,0.0471449863914173,0.0019999873955126,1.0,0.7859999999999999,0.0686699028363631,0.0871383277834843,0.0099114199070427,0.0875871013359125,0.0098539010176033,0.968,0.0204396129556745,0.1191609999999999,0.0068174179700072,0.118,0.0063245553203367,1.0,0.0,0.0326060546812496,0.0019421161719535,1.0,0.0,0.0339134999999999,0.0020991238913201
mistralai_mistral_7b_instruct_v0_2,college_chemistry,random,mmlu:college_chemistry,mistralai_mistral_7b_instruct_v0_2,800.0,random_uniform,PE-Rasch,0.0532760727137092,0.0038652349483608,0.0727679318012983,0.0069755065788306,0.0282887466605134,0.0054564113760691,0.2545081165105173,0.0260393738812417,0.0644294748732613,0.0052434405474413,1.0,,,,,,,,,,,,,,,,,,,,
mistralai_mistral_7b_instruct_v0_2,college_chemistry,random,mmlu:college_chemistry,mistralai_mistral_7b_instruct_v0_2,1600.0,random_uniform,Avg,0.0894028479710124,0.0071786753833441,0.1137297123442305,0.0112670454466277,0.0669479555555055,0.0083122971719437,0.717400723089008,0.0357958817490983,0.2496547600979427,0.0037439006661996,,,,,,,,,,,,,,,,,,,,,
mistralai_mistral_7b_instruct_v0_2,college_chemistry,random,mmlu:college_chemistry,mistralai_mistral_7b_instruct_v0_2,1600.0,random_uniform,BayPIRE,0.0240078675655237,0.001373651105873,0.0290969181194865,0.001513291150037,0.0167649418403758,0.0039316961087819,0.1450912342767489,0.0038042297538915,0.0437129141564517,0.0014167365106679,1.0,0.841,0.0879962120396857,0.0841086091336032,0.013494269340205,0.0844072413289434,0.0133676865414698,0.975,0.0217306746840088,0.1122119999999999,0.0108266556214024,0.1115499999999997,0.011067061990931,0.9,0.3162277660168379,0.0191070124510118,0.0005365289682065,0.9,0.3162277660168379,0.0206517499999999,0.000613711443686
mistralai_mistral_7b_instruct_v0_2,college_chemistry,random,mmlu:college_chemistry,mistralai_mistral_7b_instruct_v0_2,1600.0,random_uniform,PE-Rasch,0.0400041550095683,0.0029330815395778,0.0511562975795841,0.0036120943132949,0.0223759855033001,0.0030676402230551,0.1901646718996875,0.0124851433517175,0.0538183565265367,0.0022120337679295,1.0,,,,,,,,,,,,,,,,,,,,
mistralai_mistral_7b_instruct_v0_2,college_computer_science,balanced,mmlu:college_computer_science,mistralai_mistral_7b_instruct_v0_2,200.0,two_way_balanced,Avg,0.2634999950314,0.016751516995016,0.3548813752056322,0.0119352230866549,0.2393799950314,0.0165870628804987,5.076400411480813,0.3004154445614758,0.3802806071042857,0.0088096301616456,,,,,,,,,,,,,,,,,,,,,
mistralai_mistral_7b_instruct_v0_2,college_computer_science,balanced,mmlu:college_computer_science,mistralai_mistral_7b_instruct_v0_2,200.0,two_way_balanced,BayPIRE,0.0307315687849363,0.0056004554734085,0.0373587256881776,0.0061421112563716,0.0240051993368769,0.0078468194619407,0.3584862014549804,0.018483997783726,0.1033274171766041,0.0073272741756138,1.0,0.997,0.0067494855771055,0.2340277981579787,0.0282539670763468,0.2337838731345941,0.0283926290950641,1.0,0.0,0.2600539999999998,0.0259241759806898,0.2600249999999998,0.0266250847677317,1.0,0.0,0.0907661521634269,0.0039409236461464,1.0,0.0,0.0919534999999999,0.0039922367720921
mistralai_mistral_7b_instruct_v0_2,college_computer_science,balanced,mmlu:college_computer_science,mistralai_mistral_7b_instruct_v0_2,200.0,two_way_balanced,PE-Rasch,0.1290669630301746,0.0157001122443764,0.1648407606482223,0.0148382008884182,0.1055096907944902,0.0182123803592227,0.5764777716228585,0.0550274234656622,0.1531878240931568,0.0127129225342523,1.0,,,,,,,,,,,,,,,,,,,,
mistralai_mistral_7b_instruct_v0_2,college_computer_science,balanced,mmlu:college_computer_science,mistralai_mistral_7b_instruct_v0_2,400.0,two_way_balanced,Avg,0.1873099990016,0.0211068416677049,0.2390558706396116,0.0206502551328134,0.1631899990016,0.0213592781789614,1.678460330137889,0.3325958532292529,0.3113854156039583,0.0105848172157768,,,,,,,,,,,,,,,,,,,,,
mistralai_mistral_7b_instruct_v0_2,college_computer_science,balanced,mmlu:college_computer_science,mistralai_mistral_7b_instruct_v0_2,400.0,two_way_balanced,BayPIRE,0.026249030421694,0.0072557871999603,0.0327563750186383,0.0076653417553403,0.0197335287511315,0.0095185767251912,0.2906634126904198,0.0108922949467429,0.0847122453413165,0.0036433665158781,1.0,0.952,0.0573100728008998,0.147431554634251,0.0295380067935452,0.1473141672093886,0.0293303845653239,0.99,0.0133333333333333,0.1806529999999999,0.024432598067609,0.1805624999999997,0.0232098106950484,0.9,0.3162277660168379,0.0548130511944359,0.0023969954442959,0.9,0.3162277660168379,0.05606525,0.0020717898361079
mistralai_mistral_7b_instruct_v0_2,college_computer_science,balanced,mmlu:college_computer_science,mistralai_mistral_7b_instruct_v0_2,400.0,two_way_balanced,PE-Rasch,0.0947316931095667,0.009956526314032,0.1333573091150167,0.0108067615616124,0.0732179385917091,0.0114910124237817,0.5520961037809744,0.0381253839726197,0.1308884591887489,0.0077774327431756,1.0,,,,,,,,,,,,,,,,,,,,
mistralai_mistral_7b_instruct_v0_2,college_computer_science,balanced,mmlu:college_computer_science,mistralai_mistral_7b_instruct_v0_2,800.0,two_way_balanced,Avg,0.1348899999356,0.0111413094730632,0.1709783790027486,0.0111377162363063,0.1112699999356,0.0105397184869076,0.8332831422298892,0.0751698193292327,0.2834769020995652,0.0046070711376794,,,,,,,,,,,,,,,,,,,,,
mistralai_mistral_7b_instruct_v0_2,college_computer_science,balanced,mmlu:college_computer_science,mistralai_mistral_7b_instruct_v0_2,800.0,two_way_balanced,BayPIRE,0.0244559367265542,0.0028583817945412,0.0304608308325494,0.0037377489643628,0.0147892949239186,0.003942871623406,0.25535852830882,0.0082235694475812,0.0774626370972746,0.0026700448207258,1.0,0.891,0.0741544933829966,0.1088856830615626,0.0321699013754812,0.1091307211429715,0.0319879428346415,0.987,0.0133749350984926,0.1461377499999999,0.0258704785757068,0.1470249999999998,0.0245210935273649,1.0,0.0,0.0345108363089349,0.0010199795017526,1.0,0.0,0.03598375,0.001103156613491
mistralai_mistral_7b_instruct_v0_2,college_computer_science,balanced,mmlu:college_computer_science,mistralai_mistral_7b_instruct_v0_2,800.0,two_way_balanced,PE-Rasch,0.0812460053802519,0.0048994924413996,0.1025948871470916,0.0077102819879478,0.0605601994425499,0.0038293345445752,0.4419550165629287,0.0367830532203268,0.1117660784172206,0.00488709144464,1.0,,,,,,,,,,,,,,,,,,,,
mistralai_mistral_7b_instruct_v0_2,college_computer_science,balanced,mmlu:college_computer_science,mistralai_mistral_7b_instruct_v0_2,1600.0,two_way_balanced,Avg,0.09284,0.0070899204665653,0.1163047749021677,0.009965877056575,0.0708149999999999,0.0050705193685328,0.7324499982541333,0.0076962178352291,0.2678165922619048,0.0032243201960211,,,,,,,,,,,,,,,,,,,,,
mistralai_mistral_7b_instruct_v0_2,college_computer_science,balanced,mmlu:college_computer_science,mistralai_mistral_7b_instruct_v0_2,1600.0,two_way_balanced,BayPIRE,0.0216533513860049,0.0012504518353771,0.0271611916324968,0.0013634685707935,0.0135259510692135,0.0023912665574918,0.2337209253232615,0.0033148991588684,0.0729145146247579,0.001002203979986,1.0,0.74,0.090921211313239,0.0665195169815236,0.0132661285319991,0.0662300459608988,0.0130926238005526,0.983,0.0133749350984925,0.1139222499999999,0.007312039771842,0.115,0.0070710678118654,1.0,0.0,0.0220744723232996,0.0004579449144148,1.0,0.0,0.02398225,0.0006796173862303
mistralai_mistral_7b_instruct_v0_2,college_computer_science,balanced,mmlu:college_computer_science,mistralai_mistral_7b_instruct_v0_2,1600.0,two_way_balanced,PE-Rasch,0.051376848038875,0.0027857484688537,0.0662636651266065,0.0036070697835006,0.0331948206409736,0.0030873389585973,0.2911635585001232,0.0123327771010754,0.0882229959880212,0.002028894603647,1.0,,,,,,,,,,,,,,,,,,,,
mistralai_mistral_7b_instruct_v0_2,college_computer_science,random,mmlu:college_computer_science,mistralai_mistral_7b_instruct_v0_2,200.0,random_uniform,Avg,0.2874966619512666,0.0155651788767581,0.3569486302368514,0.0117222812825066,0.2653166619512667,0.0147267977415272,4.84944182801919,0.2651876165430437,0.3814399611339455,0.0085255757015117,,,,,,,,,,,,,,,,,,,,,
mistralai_mistral_7b_instruct_v0_2,college_computer_science,random,mmlu:college_computer_science,mistralai_mistral_7b_instruct_v0_2,200.0,random_uniform,BayPIRE,0.0336890440891939,0.0139117262087431,0.0405480120855926,0.0138261124159105,0.0283403217745699,0.0169003323502592,0.4004865506131576,0.0167768323992203,0.1228252339799458,0.0066369517085303,1.0,0.991,0.0218326971917503,0.2322650783539868,0.0312345272415885,0.2327087987414515,0.0316566054769835,0.996,0.0126491106406735,0.2586264999999998,0.0285593442871349,0.2566124999999995,0.0280980704408684,0.9,0.3162277660168379,0.1140157220740593,0.0047193236387446,0.9,0.3162277660168379,0.1146302499999999,0.0039939477563628
mistralai_mistral_7b_instruct_v0_2,college_computer_science,random,mmlu:college_computer_science,mistralai_mistral_7b_instruct_v0_2,200.0,random_uniform,PE-Rasch,0.1213408754076668,0.0164421389919681,0.1563058869030022,0.0172643195979198,0.0983000576772928,0.0156276731852889,0.6008686434387961,0.0515680855037974,0.1662776847299678,0.0142349849312251,1.0,,,,,,,,,,,,,,,,,,,,
mistralai_mistral_7b_instruct_v0_2,college_computer_science,random,mmlu:college_computer_science,mistralai_mistral_7b_instruct_v0_2,400.0,random_uniform,Avg,0.2282038902670925,0.0109135209813437,0.2852169644293125,0.0108370473650223,0.2048888902670925,0.0117996694066882,2.7829429623272635,0.2301660928869194,0.3364400252964858,0.0066923950095075,,,,,,,,,,,,,,,,,,,,,
mistralai_mistral_7b_instruct_v0_2,college_computer_science,random,mmlu:college_computer_science,mistralai_mistral_7b_instruct_v0_2,400.0,random_uniform,BayPIRE,0.0285221832692308,0.0096911463024359,0.0350701512833502,0.0099079710438843,0.0221781178878261,0.0120560087368317,0.3136133945215473,0.0143896177281818,0.0925904864253384,0.0054057859682575,1.0,0.939,0.0838583461691334,0.153342371049875,0.0315115022023681,0.1535103640537001,0.0316306653775889,0.991,0.0218326971917504,0.1861264999999999,0.0258768639478932,0.187,0.025407785333546,0.9,0.3162277660168379,0.0664284229800901,0.0036211528057903,0.9,0.3162277660168379,0.06753775,0.0038877513227085
mistralai_mistral_7b_instruct_v0_2,college_computer_science,random,mmlu:college_computer_science,mistralai_mistral_7b_instruct_v0_2,400.0,random_uniform,PE-Rasch,0.1073755507611513,0.0151099509280946,0.1434422403946066,0.0158601198061692,0.0840313667083084,0.0169418797363241,0.6000167916571636,0.0520202955443033,0.1462313351749097,0.0108017925471211,1.0,,,,,,,,,,,,,,,,,,,,
mistralai_mistral_7b_instruct_v0_2,college_computer_science,random,mmlu:college_computer_science,mistralai_mistral_7b_instruct_v0_2,800.0,random_uniform,Avg,0.147144050892819,0.0105603606464263,0.1881007788221585,0.0122479256782661,0.1248594044281725,0.0115447900639435,1.0746982535464786,0.1778971471894992,0.2903604285307916,0.0055129774771683,,,,,,,,,,,,,,,,,,,,,
mistralai_mistral_7b_instruct_v0_2,college_computer_science,random,mmlu:college_computer_science,mistralai_mistral_7b_instruct_v0_2,800.0,random_uniform,BayPIRE,0.0237574383054131,0.0013191812378677,0.0291084080363869,0.0013137309104083,0.0148067097512093,0.0036923073298595,0.2588059728242943,0.0071996552410298,0.0776504884568093,0.0023564058505016,1.0,0.932,0.0454116969758037,0.1145175502136855,0.0254237435545704,0.1151510149653327,0.0258443394980497,0.998,0.0042163702135578,0.1508159999999999,0.0192493372973951,0.1510374999999998,0.0207881217752937,1.0,0.0,0.0377080251855015,0.0020745316888591,1.0,0.0,0.039165,0.0022771101325047
mistralai_mistral_7b_instruct_v0_2,college_computer_science,random,mmlu:college_computer_science,mistralai_mistral_7b_instruct_v0_2,800.0,random_uniform,PE-Rasch,0.0833549154138208,0.0062492967116637,0.1086441030294231,0.01256394726774,0.0650102360428731,0.0052301224770607,0.4531022766700109,0.0470595947167866,0.1139053035966788,0.0060890180999986,1.0,,,,,,,,,,,,,,,,,,,,
mistralai_mistral_7b_instruct_v0_2,college_computer_science,random,mmlu:college_computer_science,mistralai_mistral_7b_instruct_v0_2,1600.0,random_uniform,Avg,0.0933470791510379,0.0055175160750523,0.1168346263738369,0.0065991632559246,0.0744162397223731,0.0054456216967,0.7323938195195574,0.0047728636158485,0.2678383218049767,0.0021337206571684,,,,,,,,,,,,,,,,,,,,,
mistralai_mistral_7b_instruct_v0_2,college_computer_science,random,mmlu:college_computer_science,mistralai_mistral_7b_instruct_v0_2,1600.0,random_uniform,BayPIRE,0.0221174280261522,0.0012426702782924,0.0277798544625609,0.0018626825969356,0.012937850104871,0.0014564944918932,0.2347366896696726,0.0051095333017541,0.0733135426307568,0.0015250063000499,1.0,0.7889999999999999,0.0710946161424649,0.0742109824762517,0.0142515728531533,0.0740456431436906,0.0142569614147311,0.98,0.0149071198499986,0.118945,0.0093511506273589,0.1190499999999999,0.0098944428847713,0.9,0.3162277660168379,0.0231541481411111,0.0005814158168468,1.0,0.0,0.0250725,0.0007439039289825
mistralai_mistral_7b_instruct_v0_2,college_computer_science,random,mmlu:college_computer_science,mistralai_mistral_7b_instruct_v0_2,1600.0,random_uniform,PE-Rasch,0.0550231733803776,0.0040592140804271,0.0700140318464199,0.0064638190283625,0.0365986920996173,0.0045201681744173,0.2986340661933821,0.0156680098596261,0.0901033300240837,0.0031142026599122,1.0,,,,,,,,,,,,,,,,,,,,
mistralai_mistral_7b_instruct_v0_2,college_mathematics,balanced,mmlu:college_mathematics,mistralai_mistral_7b_instruct_v0_2,200.0,two_way_balanced,Avg,0.2971399943846,0.013921302189846,0.3336060770539747,0.0149807625775895,0.2801199943846,0.0126924120013064,4.5443843203223295,0.3629662873214879,0.3373826484485714,0.0102537914893644,,,,,,,,,,,,,,,,,,,,,
mistralai_mistral_7b_instruct_v0_2,college_mathematics,balanced,mmlu:college_mathematics,mistralai_mistral_7b_instruct_v0_2,200.0,two_way_balanced,BayPIRE,0.0269226149357956,0.0075336363205165,0.0328333480943273,0.0078341516726813,0.0204725726525071,0.0105708528016513,0.3369967201739047,0.0194798419101447,0.0969591817209886,0.0072361950870057,1.0,0.991,0.0191195071996,0.2210511313850952,0.0332276813675047,0.2203281907366577,0.0324875569591335,0.999,0.0031622776601683,0.2459972499999998,0.0315494660425409,0.2460499999999997,0.0302840258588948,1.0,0.0,0.08419347263612,0.0036762962346912,1.0,0.0,0.0851679999999999,0.0042686442031789
mistralai_mistral_7b_instruct_v0_2,college_mathematics,balanced,mmlu:college_mathematics,mistralai_mistral_7b_instruct_v0_2,200.0,two_way_balanced,PE-Rasch,0.117052186265115,0.0183245290527935,0.1582490491393074,0.0160294590243664,0.0984402638606208,0.018468717752877,0.5217730786044885,0.0462863407578484,0.1406401470460162,0.012040114076829,1.0,,,,,,,,,,,,,,,,,,,,
mistralai_mistral_7b_instruct_v0_2,college_mathematics,balanced,mmlu:college_mathematics,mistralai_mistral_7b_instruct_v0_2,400.0,two_way_balanced,Avg,0.1933799979936,0.0112317800478812,0.2328793199715285,0.0118893480527024,0.1761999979936,0.0109381084516758,1.9581836892641384,0.1865152628539109,0.2802135401560416,0.0060375967270073,,,,,,,,,,,,,,,,,,,,,
mistralai_mistral_7b_instruct_v0_2,college_mathematics,balanced,mmlu:college_mathematics,mistralai_mistral_7b_instruct_v0_2,400.0,two_way_balanced,BayPIRE,0.0212477368072936,0.0024129548929053,0.0270146644654115,0.0027853826736109,0.0148674284479356,0.0037352063305338,0.2801670879372909,0.0093792275721472,0.0832231151140776,0.003417338661513,1.0,0.976,0.0241292814278051,0.1353550987681301,0.015949804034725,0.1353541545882725,0.0159648771141229,0.999,0.0031622776601683,0.1697224999999999,0.012971067108933,0.1689999999999999,0.0137032031940629,1.0,0.0,0.0542274552956061,0.001863949705812,1.0,0.0,0.0555422499999999,0.0022593449302594
mistralai_mistral_7b_instruct_v0_2,college_mathematics,balanced,mmlu:college_mathematics,mistralai_mistral_7b_instruct_v0_2,400.0,two_way_balanced,PE-Rasch,0.0961703372027349,0.012510391965539,0.1352998748175101,0.0143055324205172,0.0777949094056083,0.0120271058100244,0.5709285904000835,0.0544946463177931,0.1353631787905472,0.0120384748315882,1.0,,,,,,,,,,,,,,,,,,,,
mistralai_mistral_7b_instruct_v0_2,college_mathematics,balanced,mmlu:college_mathematics,mistralai_mistral_7b_instruct_v0_2,800.0,two_way_balanced,Avg,0.1313949997056,0.0106858277634452,0.1615176072589565,0.0128641340708471,0.1141949997056,0.0101890586010711,0.8915659569963819,0.0889499616719017,0.2520550269441304,0.0047838707091465,,,,,,,,,,,,,,,,,,,,,
mistralai_mistral_7b_instruct_v0_2,college_mathematics,balanced,mmlu:college_mathematics,mistralai_mistral_7b_instruct_v0_2,800.0,two_way_balanced,BayPIRE,0.0214030850698036,0.0021707933170881,0.0270131911508188,0.002400790249318,0.0118426209993111,0.0041609050958668,0.2447977391496438,0.0059378880463872,0.0749955729070897,0.0018449379779353,1.0,0.91,0.052704627669473,0.105980140280004,0.0228357036023608,0.1061344517622031,0.022856952863789,0.997,0.0067494855771055,0.1428992499999999,0.0173024313902378,0.1420249999999999,0.0168293931032056,1.0,0.0,0.034385572822405,0.0011643626358765,1.0,0.0,0.0357554999999999,0.0010960065135653
mistralai_mistral_7b_instruct_v0_2,college_mathematics,balanced,mmlu:college_mathematics,mistralai_mistral_7b_instruct_v0_2,800.0,two_way_balanced,PE-Rasch,0.0816808961659584,0.0066667505114297,0.10033997413553,0.0077098614064644,0.0636648383377113,0.0066639988335591,0.4358661802275774,0.0428634912803328,0.1105097888723656,0.0063576929007433,1.0,,,,,,,,,,,,,,,,,,,,
mistralai_mistral_7b_instruct_v0_2,college_mathematics,balanced,mmlu:college_mathematics,mistralai_mistral_7b_instruct_v0_2,1600.0,two_way_balanced,Avg,0.0874074999916,0.0064661195091153,0.1088530119384763,0.0060601646514057,0.0715674999916,0.0072309428760719,0.6825183123842355,0.0202116461599537,0.237821614575,0.0015668861520234,,,,,,,,,,,,,,,,,,,,,
mistralai_mistral_7b_instruct_v0_2,college_mathematics,balanced,mmlu:college_mathematics,mistralai_mistral_7b_instruct_v0_2,1600.0,two_way_balanced,BayPIRE,0.017964890157634,0.0009589255076533,0.0232219775018889,0.001124854761195,0.0096794395305197,0.0020592719202403,0.2251446968722551,0.00378102563715,0.0706512026543679,0.0011322949977574,1.0,0.825,0.0683536555146996,0.0646262951120506,0.0103250109268868,0.0646262941878314,0.0101947321770369,0.987,0.011595018087284,0.1114542499999999,0.0061194182105908,0.1119999999999999,0.0078881063774661,1.0,0.0,0.0219449531271129,0.0008631332217781,1.0,0.0,0.023762,0.000909007242362
mistralai_mistral_7b_instruct_v0_2,college_mathematics,balanced,mmlu:college_mathematics,mistralai_mistral_7b_instruct_v0_2,1600.0,two_way_balanced,PE-Rasch,0.0508366552321385,0.0035767521255312,0.0643030351683153,0.0041421717096727,0.036288762847188,0.0036235753349846,0.284766793097875,0.0134156810739149,0.0863999657868881,0.0030186624186429,1.0,,,,,,,,,,,,,,,,,,,,
mistralai_mistral_7b_instruct_v0_2,college_mathematics,random,mmlu:college_mathematics,mistralai_mistral_7b_instruct_v0_2,200.0,random_uniform,Avg,0.2727699950041,0.0150770195677896,0.3368443804394377,0.0185403547019456,0.2533766616707667,0.0146291270829493,4.34943695956493,0.3640978218559585,0.3392838505207937,0.0126914556877257,,,,,,,,,,,,,,,,,,,,,
mistralai_mistral_7b_instruct_v0_2,college_mathematics,random,mmlu:college_mathematics,mistralai_mistral_7b_instruct_v0_2,200.0,random_uniform,BayPIRE,0.025015118098834,0.0059873804959936,0.0307422553005166,0.0057798745234816,0.0183479955471022,0.0077945088103415,0.3745446785353541,0.011579770396137,0.1139885847276957,0.005018188596203,1.0,1.0,0.0,0.2304423601000362,0.0176288260532108,0.230335386118987,0.0179456611843727,1.0,0.0,0.2564042499999998,0.0162220739550397,0.2550874999999996,0.016512206133309,1.0,0.0,0.1083132726398641,0.003522570220344,1.0,0.0,0.1095794999999999,0.0037096471081043
mistralai_mistral_7b_instruct_v0_2,college_mathematics,random,mmlu:college_mathematics,mistralai_mistral_7b_instruct_v0_2,200.0,random_uniform,PE-Rasch,0.1206637890857494,0.0098091114683971,0.1645520437698959,0.0150239337207926,0.1026726987900923,0.0115540383734515,0.5793367852018799,0.0460068177365702,0.1597960656074365,0.010468244192374,1.0,,,,,,,,,,,,,,,,,,,,
mistralai_mistral_7b_instruct_v0_2,college_mathematics,random,mmlu:college_mathematics,mistralai_mistral_7b_instruct_v0_2,400.0,random_uniform,Avg,0.2062233592659622,0.0202349875195835,0.2612456152466569,0.0188993415528042,0.1879050259326288,0.0195272542769949,2.7142289991604853,0.3844638415354786,0.2950332618618357,0.0102943057329184,,,,,,,,,,,,,,,,,,,,,
mistralai_mistral_7b_instruct_v0_2,college_mathematics,random,mmlu:college_mathematics,mistralai_mistral_7b_instruct_v0_2,400.0,random_uniform,BayPIRE,0.0218321574465597,0.0023611820924591,0.028004910228816,0.002371542007675,0.0156819128795477,0.0036795572663424,0.3006037421624389,0.0109768360466045,0.0901243561277567,0.0040416201477734,1.0,0.98,0.0182574185835055,0.1484892422264401,0.0257575657586116,0.1488455939750731,0.026030478087698,0.996,0.006992058987801,0.1800342499999999,0.0215034788222355,0.1795249999999999,0.0219191063280924,1.0,0.0,0.0643125767221493,0.0033340252860571,1.0,0.0,0.0653172499999999,0.00331321081472
mistralai_mistral_7b_instruct_v0_2,college_mathematics,random,mmlu:college_mathematics,mistralai_mistral_7b_instruct_v0_2,400.0,random_uniform,PE-Rasch,0.093470890898556,0.0170079003658319,0.1310838629009549,0.0220913251169393,0.0748765332874013,0.0178571238880973,0.5631886595192163,0.0684307848767346,0.1385936673502039,0.0135605169772385,1.0,,,,,,,,,,,,,,,,,,,,
mistralai_mistral_7b_instruct_v0_2,college_mathematics,random,mmlu:college_mathematics,mistralai_mistral_7b_instruct_v0_2,800.0,random_uniform,Avg,0.1292963330212698,0.0140424944668673,0.1650029392362789,0.0167822691432481,0.1117908784758152,0.0146640548560982,1.0629143152582028,0.1749103881085545,0.2531714476060054,0.0060822110842202,,,,,,,,,,,,,,,,,,,,,
mistralai_mistral_7b_instruct_v0_2,college_mathematics,random,mmlu:college_mathematics,mistralai_mistral_7b_instruct_v0_2,800.0,random_uniform,BayPIRE,0.0205969457718505,0.0025238601398578,0.0257605813653872,0.0021101048212693,0.0136797590448111,0.0037594703146872,0.2480646342947413,0.0061599738967642,0.0754941664051787,0.0019835259258845,1.0,0.904,0.040879225911349,0.0916796002729081,0.012243593439296,0.0919284687507269,0.012654135482404,0.997,0.0048304589153965,0.1327272499999999,0.008587724802977,0.1339999999999999,0.0084327404271156,0.9,0.3162277660168379,0.0372996668416891,0.002301493845819,0.9,0.3162277660168379,0.0387832499999999,0.0019890631693504
mistralai_mistral_7b_instruct_v0_2,college_mathematics,random,mmlu:college_mathematics,mistralai_mistral_7b_instruct_v0_2,800.0,random_uniform,PE-Rasch,0.0779797615218091,0.0071271983515762,0.0977640545461854,0.0097678555332539,0.0607374235607125,0.0086478025603145,0.4248782933031205,0.0339310289988433,0.1093840010095071,0.0061164894273387,1.0,,,,,,,,,,,,,,,,,,,,
mistralai_mistral_7b_instruct_v0_2,college_mathematics,random,mmlu:college_mathematics,mistralai_mistral_7b_instruct_v0_2,1600.0,random_uniform,Avg,0.0918174985069998,0.0064668205008254,0.1138903425990157,0.0091140648165195,0.0744763357569307,0.0077479514896864,0.7037972865895801,0.0482332732834318,0.2391830696093932,0.0025911041837092,,,,,,,,,,,,,,,,,,,,,
mistralai_mistral_7b_instruct_v0_2,college_mathematics,random,mmlu:college_mathematics,mistralai_mistral_7b_instruct_v0_2,1600.0,random_uniform,BayPIRE,0.019216955763401,0.0018552359015176,0.0244918964095585,0.0020579446475663,0.0102330614492179,0.0029973443776862,0.2252599768996758,0.0046556153108481,0.0704289199555399,0.0017174629812934,1.0,0.807,0.073794007585681,0.0668359245390097,0.0128878826571163,0.0668529881796958,0.0127210043195393,0.984,0.013498971154211,0.1132037499999999,0.0071849907455673,0.1129999999999999,0.0082327260234856,0.9,0.3162277660168379,0.0226038566995479,0.0011222022692455,0.9,0.3162277660168379,0.02441175,0.0013097588041314
mistralai_mistral_7b_instruct_v0_2,college_mathematics,random,mmlu:college_mathematics,mistralai_mistral_7b_instruct_v0_2,1600.0,random_uniform,PE-Rasch,0.0542399316508422,0.004395610415945,0.0693792478844821,0.0042031327885148,0.0391322965457306,0.0046666192652582,0.2966316512281248,0.0190998981295677,0.088857088006817,0.0039650814655184,1.0,,,,,,,,,,,,,,,,,,,,
mistralai_mistral_7b_instruct_v0_2,college_physics,balanced,mmlu:college_physics,mistralai_mistral_7b_instruct_v0_2,200.0,two_way_balanced,Avg,0.2987843082745098,0.0143848172447765,0.3428522671350381,0.014853721534726,0.2799215631764706,0.0149889100279751,4.7377468629975565,0.3514413646593972,0.3514899951902,0.0106336411823631,,,,,,,,,,,,,,,,,,,,,
mistralai_mistral_7b_instruct_v0_2,college_physics,balanced,mmlu:college_physics,mistralai_mistral_7b_instruct_v0_2,200.0,two_way_balanced,BayPIRE,0.0248734284139102,0.0046496689514253,0.0302268067289585,0.0053480837729166,0.0178111112174539,0.0069564986208662,0.320800871223752,0.0137880123382822,0.0895472751223681,0.0051772988442121,1.0,0.997,0.0067494855771055,0.2176967857903602,0.0265764293030958,0.2175040579532491,0.0266470255452256,1.0,0.0,0.2432156862745096,0.025210540840131,0.2421691176470587,0.0244951242804364,1.0,0.0,0.0837379837570017,0.0036721361780633,1.0,0.0,0.0845507352941176,0.0034136667863723
mistralai_mistral_7b_instruct_v0_2,college_physics,balanced,mmlu:college_physics,mistralai_mistral_7b_instruct_v0_2,200.0,two_way_balanced,PE-Rasch,0.112165149828941,0.0176909495505667,0.1517632774980975,0.0205720108314903,0.0925954664831924,0.0178220398820506,0.4826362312414141,0.0464104537058938,0.1287015168029551,0.0126859936069384,1.0,,,,,,,,,,,,,,,,,,,,
mistralai_mistral_7b_instruct_v0_2,college_physics,balanced,mmlu:college_physics,mistralai_mistral_7b_instruct_v0_2,400.0,two_way_balanced,Avg,0.1938676455119607,0.0112320513704432,0.2289497993486156,0.0152522176785024,0.1764166651198039,0.0114929683584302,1.7553747298502849,0.2235734139805433,0.2859604579473469,0.007364539527403,,,,,,,,,,,,,,,,,,,,,
mistralai_mistral_7b_instruct_v0_2,college_physics,balanced,mmlu:college_physics,mistralai_mistral_7b_instruct_v0_2,400.0,two_way_balanced,BayPIRE,0.0231298286398153,0.0026187560111934,0.0284111201251369,0.002955366835026,0.0182932747426343,0.0032634607905173,0.2522295163687729,0.009945501051511,0.0706648539244377,0.0031211366477175,1.0,0.957,0.0240601099101581,0.1194620954301211,0.0126698589429779,0.1194842932950465,0.0125289443217154,0.999,0.0031622776601683,0.1533977941176469,0.0105979739700044,0.1539215686274509,0.009300816647554,1.0,0.0,0.050558919316911,0.0027261493175149,1.0,0.0,0.0517426470588235,0.0025627627776251
mistralai_mistral_7b_instruct_v0_2,college_physics,balanced,mmlu:college_physics,mistralai_mistral_7b_instruct_v0_2,400.0,two_way_balanced,PE-Rasch,0.0788591151335705,0.0067492084876888,0.1158791372032407,0.0122637520674623,0.0599903648914695,0.0070814261143424,0.4377696941356864,0.0294525675540599,0.1058911748454554,0.0064371063538314,1.0,,,,,,,,,,,,,,,,,,,,
mistralai_mistral_7b_instruct_v0_2,college_physics,balanced,mmlu:college_physics,mistralai_mistral_7b_instruct_v0_2,800.0,two_way_balanced,Avg,0.1296421566784313,0.0088358528077758,0.1596175762490433,0.0098725690950192,0.1093529409921568,0.009873778837829,0.8464568233288396,0.0722459422947861,0.2588969413342553,0.0036635965665698,,,,,,,,,,,,,,,,,,,,,
mistralai_mistral_7b_instruct_v0_2,college_physics,balanced,mmlu:college_physics,mistralai_mistral_7b_instruct_v0_2,800.0,two_way_balanced,BayPIRE,0.0202954439391408,0.0011896154615871,0.0249655913643823,0.0016167579600814,0.0146838891146657,0.0017585736158587,0.2219169694270338,0.0043798721248656,0.0646077719486087,0.0017491671085821,1.0,0.866,0.0803049742474828,0.0812116833410877,0.0126251231219541,0.0813384056988503,0.0127903519068906,0.995,0.0070710678118655,0.1216022058823528,0.0082963989959906,0.1215686274509804,0.0082673925756036,1.0,0.0,0.0324626642324481,0.0016327510831228,1.0,0.0,0.0337973039215685,0.0016148396324172
mistralai_mistral_7b_instruct_v0_2,college_physics,balanced,mmlu:college_physics,mistralai_mistral_7b_instruct_v0_2,800.0,two_way_balanced,PE-Rasch,0.065624906589464,0.0021171471423357,0.0847894750568062,0.0039523054064939,0.0476743861705426,0.0035304338589802,0.3670630258744729,0.0224111289204842,0.0917511890384314,0.0026242669315671,1.0,,,,,,,,,,,,,,,,,,,,
mistralai_mistral_7b_instruct_v0_2,college_physics,balanced,mmlu:college_physics,mistralai_mistral_7b_instruct_v0_2,1600.0,two_way_balanced,Avg,0.0880159313641176,0.006532215144224,0.10899663870095,0.0077803097849749,0.071116421560196,0.0076502406934222,0.6959425575273082,0.0252026973577884,0.2452926053693023,0.0023084318702881,,,,,,,,,,,,,,,,,,,,,
mistralai_mistral_7b_instruct_v0_2,college_physics,balanced,mmlu:college_physics,mistralai_mistral_7b_instruct_v0_2,1600.0,two_way_balanced,BayPIRE,0.0192383193838876,0.0008479723975503,0.0236093159718553,0.0012306957602057,0.0126390212389458,0.0015767821002667,0.2030442397922676,0.0036531894727614,0.0602711200091922,0.0010934580625466,1.0,0.736,0.0893432830280051,0.0565424776358428,0.0131793472449027,0.0565226188949852,0.0129356602353867,0.988,0.0122927259430571,0.1022267156862744,0.0076230606741462,0.1009926470588234,0.0066112012705511,0.9,0.3162277660168379,0.0204089204329005,0.0007390541017059,1.0,0.0,0.0222289215686273,0.0009428920117421
mistralai_mistral_7b_instruct_v0_2,college_physics,balanced,mmlu:college_physics,mistralai_mistral_7b_instruct_v0_2,1600.0,two_way_balanced,PE-Rasch,0.0456671451829132,0.0050927625775177,0.0580446928346186,0.0058566824032807,0.0294860356260478,0.0043981904550874,0.2557245500060837,0.0138523629494607,0.0724582360214097,0.0027017861135055,1.0,,,,,,,,,,,,,,,,,,,,
mistralai_mistral_7b_instruct_v0_2,college_physics,random,mmlu:college_physics,mistralai_mistral_7b_instruct_v0_2,200.0,random_uniform,Avg,0.2785267457606722,0.0114565755793356,0.3409068161324114,0.0118740450049128,0.2593392947802801,0.0113020449524981,4.477676862431801,0.2820666082370361,0.3496658233191211,0.0082252951040418,,,,,,,,,,,,,,,,,,,,,
mistralai_mistral_7b_instruct_v0_2,college_physics,random,mmlu:college_physics,mistralai_mistral_7b_instruct_v0_2,200.0,random_uniform,BayPIRE,0.0275562997140545,0.0088354360654186,0.0329677904462418,0.009357279481984,0.0227880358139749,0.0107027430933306,0.36581356523437,0.0231705261112509,0.1087991437374074,0.0093654343130737,1.0,0.998,0.0063245553203367,0.2193160117001656,0.0391952964881308,0.219431236118532,0.0402265923875341,1.0,0.0,0.2465112745098037,0.0359675449079578,0.2470710784313725,0.035475980949455,1.0,0.0,0.1099485145531102,0.0064058641879579,1.0,0.0,0.1100416666666666,0.006511957913811
mistralai_mistral_7b_instruct_v0_2,college_physics,random,mmlu:college_physics,mistralai_mistral_7b_instruct_v0_2,200.0,random_uniform,PE-Rasch,0.1164145497361167,0.0171422073573401,0.1549148019073405,0.018254621244318,0.0969584957776662,0.0188501202974008,0.5340518117949319,0.0607373095240843,0.1477881817900317,0.0142772166159993,1.0,,,,,,,,,,,,,,,,,,,,
mistralai_mistral_7b_instruct_v0_2,college_physics,random,mmlu:college_physics,mistralai_mistral_7b_instruct_v0_2,400.0,random_uniform,Avg,0.2071383214628338,0.0138218996807055,0.2665686471893914,0.012914580149661,0.1902138116589122,0.014891938933043,2.6320528627828357,0.3244630160078823,0.3052614325606382,0.0075021745435065,,,,,,,,,,,,,,,,,,,,,
mistralai_mistral_7b_instruct_v0_2,college_physics,random,mmlu:college_physics,mistralai_mistral_7b_instruct_v0_2,400.0,random_uniform,BayPIRE,0.0261196771203061,0.0066697412832417,0.0316906108684944,0.0072079233947364,0.0215821534234673,0.0088895867226212,0.2750187500118523,0.0081298832548581,0.0775166991598553,0.0031173114641256,1.0,0.953,0.0485455112926691,0.1400795330669771,0.0338717772345348,0.1402675311982925,0.0340585403192167,0.999,0.0031622776601683,0.1727078431372548,0.0295417233177286,0.1711029411764705,0.0301629295596541,0.8,0.4216370213557839,0.0623022698830732,0.0036973502493927,0.8,0.4216370213557839,0.0630644607843136,0.0035267759860352
mistralai_mistral_7b_instruct_v0_2,college_physics,random,mmlu:college_physics,mistralai_mistral_7b_instruct_v0_2,400.0,random_uniform,PE-Rasch,0.0860138970998414,0.0160359463163791,0.1205754324952759,0.0198532215996209,0.0681475607017945,0.0172878038795049,0.4856107261110788,0.0460375655274788,0.116025494376738,0.0117710708914376,1.0,,,,,,,,,,,,,,,,,,,,
mistralai_mistral_7b_instruct_v0_2,college_physics,random,mmlu:college_physics,mistralai_mistral_7b_instruct_v0_2,800.0,random_uniform,Avg,0.1347354703010589,0.0101410176734931,0.1693896798986814,0.0118133277485531,0.1157799189896253,0.0111372924713846,1.0104728380132586,0.1689385425883709,0.2624491231484495,0.0047241288940201,,,,,,,,,,,,,,,,,,,,,
mistralai_mistral_7b_instruct_v0_2,college_physics,random,mmlu:college_physics,mistralai_mistral_7b_instruct_v0_2,800.0,random_uniform,BayPIRE,0.0214887679741369,0.0016015664858663,0.0263387145961314,0.0020143897262786,0.0156282448799161,0.0022444858267839,0.2230500009640969,0.00790736842219,0.064208652513171,0.0022411483015101,1.0,0.882,0.0547316686713967,0.0878124029251447,0.0124804772096492,0.0880753007611074,0.0126356645573021,0.995,0.0097182531580755,0.1268674019607842,0.008177099019654,0.1264950980392155,0.0097249337131714,0.9,0.3162277660168379,0.0360469083800515,0.0021445998746521,0.9,0.3162277660168379,0.0374732843137254,0.0024292710809299
mistralai_mistral_7b_instruct_v0_2,college_physics,random,mmlu:college_physics,mistralai_mistral_7b_instruct_v0_2,800.0,random_uniform,PE-Rasch,0.0722165291063332,0.0075420317716035,0.0925529809085826,0.0080567672378929,0.0550936102119785,0.0079993687597571,0.3686121608352887,0.0351732519612377,0.0932386748761518,0.0062082654445273,1.0,,,,,,,,,,,,,,,,,,,,
mistralai_mistral_7b_instruct_v0_2,college_physics,random,mmlu:college_physics,mistralai_mistral_7b_instruct_v0_2,1600.0,random_uniform,Avg,0.0894436117418637,0.0075541338876542,0.1129420559076792,0.0097765232100329,0.0707649170925606,0.0079593523592852,0.7108062510372173,0.0383466414383378,0.2460978263940947,0.0028600160532438,,,,,,,,,,,,,,,,,,,,,
mistralai_mistral_7b_instruct_v0_2,college_physics,random,mmlu:college_physics,mistralai_mistral_7b_instruct_v0_2,1600.0,random_uniform,BayPIRE,0.0194773709927176,0.0005995547120096,0.0242382759224139,0.0008740946459541,0.0124438228607186,0.0020549002070937,0.2023731731014268,0.0042566818401373,0.0601036599974209,0.0012371026190322,1.0,0.732,0.0877876225140348,0.0571759841583278,0.0124616268576906,0.0573677212123345,0.0124665328057084,0.984,0.0142984070596848,0.102533088235294,0.0064404983272059,0.1019607843137255,0.0068549597919617,1.0,0.0,0.0212545607137295,0.0008806321783267,1.0,0.0,0.0228845588235293,0.000745694823568
mistralai_mistral_7b_instruct_v0_2,college_physics,random,mmlu:college_physics,mistralai_mistral_7b_instruct_v0_2,1600.0,random_uniform,PE-Rasch,0.0468765491140258,0.0035566220758094,0.0610296746333558,0.0050980726065444,0.0298115741552077,0.0034509409508372,0.2610888201001001,0.0201147405822183,0.0744675977638565,0.0031695582106504,1.0,,,,,,,,,,,,,,,,,,,,
mistralai_mistral_7b_v0_1,abstract_algebra,balanced,mmlu:abstract_algebra,mistralai_mistral_7b_v0_1,200.0,two_way_balanced,Avg,0.292959994071,0.0083224195407906,0.3223493156221638,0.0122888729315341,0.274579994071,0.0071225463119183,4.071272865196291,0.1960451929704608,0.3049030571014285,0.0081010399638581,,,,,,,,,,,,,,,,,,,,,
mistralai_mistral_7b_v0_1,abstract_algebra,balanced,mmlu:abstract_algebra,mistralai_mistral_7b_v0_1,200.0,two_way_balanced,BayPIRE,0.0294915654440316,0.0102833986937471,0.0356428408735844,0.0108733858502937,0.0235753813857436,0.0137146250638014,0.3422187195227078,0.0145426697943707,0.0999974810728801,0.0061335846238931,1.0,0.999,0.0031622776601683,0.2330849666642369,0.0308957960457344,0.2323479189489956,0.0302766999720671,1.0,0.0,0.2576692499999998,0.0297817671209621,0.2560249999999998,0.0295560789949469,0.9,0.3162277660168379,0.0861190296424345,0.0055459285174289,0.9,0.3162277660168379,0.0872432499999999,0.0048560176084821
mistralai_mistral_7b_v0_1,abstract_algebra,balanced,mmlu:abstract_algebra,mistralai_mistral_7b_v0_1,200.0,two_way_balanced,PE-Rasch,0.1128714963881598,0.0136105662697657,0.1585172256421603,0.0185975820845639,0.0944504632961276,0.012360466380615,0.5363689214567747,0.0560760058594312,0.1409986545983924,0.0146458873769594,1.0,,,,,,,,,,,,,,,,,,,,
mistralai_mistral_7b_v0_1,abstract_algebra,balanced,mmlu:abstract_algebra,mistralai_mistral_7b_v0_1,400.0,two_way_balanced,Avg,0.1696799971296,0.0128418411549635,0.2188886596946603,0.0111929081064347,0.1537999971296,0.0127782799883621,2.0453058199986347,0.1499335923242213,0.2488854149475,0.005263206190166,,,,,,,,,,,,,,,,,,,,,
mistralai_mistral_7b_v0_1,abstract_algebra,balanced,mmlu:abstract_algebra,mistralai_mistral_7b_v0_1,400.0,two_way_balanced,BayPIRE,0.0221546405169133,0.003945616868445,0.0274025694448937,0.0040475330651885,0.0154340660223415,0.0054362842798442,0.2804732781387249,0.0105557642084433,0.0826304212117026,0.0032409228964097,1.0,0.976,0.0195505043981535,0.1385505200245813,0.0243857662567869,0.138534305857461,0.0243917580034636,0.998,0.0042163702135578,0.1705304999999999,0.0205898685239448,0.1710249999999998,0.0218061057963132,0.9,0.3162277660168379,0.0530577560870358,0.0018597780352148,0.9,0.3162277660168379,0.0537582499999999,0.0020219198281995
mistralai_mistral_7b_v0_1,abstract_algebra,balanced,mmlu:abstract_algebra,mistralai_mistral_7b_v0_1,400.0,two_way_balanced,PE-Rasch,0.0849947294178245,0.0113415551220311,0.1208244784351414,0.0137783419628234,0.0661032181576483,0.0099180227563012,0.515536873206486,0.0445135430683154,0.1225365348030925,0.0087438840209776,1.0,,,,,,,,,,,,,,,,,,,,
mistralai_mistral_7b_v0_1,abstract_algebra,balanced,mmlu:abstract_algebra,mistralai_mistral_7b_v0_1,800.0,two_way_balanced,Avg,0.1231799992088,0.0089167818017832,0.1537618568293236,0.0088059935184687,0.1075399992088,0.0090253284101956,1.0346005560824705,0.1042754697202069,0.2245733690752174,0.0033657428474498,,,,,,,,,,,,,,,,,,,,,
mistralai_mistral_7b_v0_1,abstract_algebra,balanced,mmlu:abstract_algebra,mistralai_mistral_7b_v0_1,800.0,two_way_balanced,BayPIRE,0.0197707207254997,0.0012357119261768,0.0248816893633517,0.0012262449148202,0.0109624550141964,0.0025681769992592,0.2498992806879982,0.0085442963981945,0.0756254122314737,0.0025105836417679,1.0,0.936,0.0316929715306791,0.1022462439445102,0.016725914766163,0.102239083331258,0.0168395081177329,0.996,0.0051639777949432,0.1404367499999999,0.0136663359741495,0.1400124999999999,0.0133333919269545,1.0,0.0,0.0348138776066864,0.0011621057448289,1.0,0.0,0.03600475,0.001099448378102
mistralai_mistral_7b_v0_1,abstract_algebra,balanced,mmlu:abstract_algebra,mistralai_mistral_7b_v0_1,800.0,two_way_balanced,PE-Rasch,0.079531776507987,0.0070524376176737,0.1008686072296066,0.0077955418696391,0.0620835747302857,0.0063318513797476,0.4216881021423943,0.0331382604661593,0.1080743524215776,0.0057470285070155,1.0,,,,,,,,,,,,,,,,,,,,
mistralai_mistral_7b_v0_1,abstract_algebra,balanced,mmlu:abstract_algebra,mistralai_mistral_7b_v0_1,1600.0,two_way_balanced,Avg,0.0826949999748,0.0030216993296907,0.102779405672641,0.0050504407555386,0.0663499999748,0.003809035330054,0.6380229200747355,0.0301377794953929,0.2112533481959523,0.0017937731675678,,,,,,,,,,,,,,,,,,,,,
mistralai_mistral_7b_v0_1,abstract_algebra,balanced,mmlu:abstract_algebra,mistralai_mistral_7b_v0_1,1600.0,two_way_balanced,BayPIRE,0.0192974735368465,0.0009091698610065,0.0241197050059159,0.0011256531418527,0.0109466847674336,0.0015622615530666,0.2275245410909627,0.0031403337206915,0.0704421868323397,0.0010215252480573,1.0,0.771,0.0712507309904023,0.0628110389528566,0.0120636147644388,0.0627576504040944,0.0121174327630696,0.989,0.0119721899973786,0.1116002499999999,0.0067324160317823,0.1120124999999999,0.0078670484547185,1.0,0.0,0.0216097518921576,0.0006978486381132,1.0,0.0,0.0237417499999999,0.0006917058723827
mistralai_mistral_7b_v0_1,abstract_algebra,balanced,mmlu:abstract_algebra,mistralai_mistral_7b_v0_1,1600.0,two_way_balanced,PE-Rasch,0.0499086489652914,0.0041777414912028,0.063578442144957,0.0060532031938895,0.0343968519491535,0.0045618742835193,0.2835088942167507,0.018804114347047,0.0853052234389238,0.0041116358743857,1.0,,,,,,,,,,,,,,,,,,,,
mistralai_mistral_7b_v0_1,abstract_algebra,random,mmlu:abstract_algebra,mistralai_mistral_7b_v0_1,200.0,random_uniform,Avg,0.2453599946248,0.0214774761159068,0.301627516553763,0.032517684845185,0.2280499946248,0.0224934858334146,3.767004241254684,0.4557665275685179,0.2922137604021315,0.0205342628974167,,,,,,,,,,,,,,,,,,,,,
mistralai_mistral_7b_v0_1,abstract_algebra,random,mmlu:abstract_algebra,mistralai_mistral_7b_v0_1,200.0,random_uniform,BayPIRE,0.0349377511632496,0.0184099323054044,0.0403673197916258,0.0184575510515736,0.0303946647773654,0.0215702115880381,0.3737083272030774,0.0291768140956008,0.1134985635471697,0.0120371596905134,1.0,0.98,0.034960294939005,0.2138830086188106,0.033780081626951,0.2136495988154885,0.0338368752203143,0.999,0.0031622776601683,0.2404559999999998,0.0308792844575633,0.2400249999999998,0.0309121627447119,0.7,0.4830458915396479,0.1017470833244339,0.0064211897266446,0.7,0.4830458915396479,0.1024542499999999,0.0064904115228628
mistralai_mistral_7b_v0_1,abstract_algebra,random,mmlu:abstract_algebra,mistralai_mistral_7b_v0_1,200.0,random_uniform,PE-Rasch,0.1080674665190463,0.017890173076975,0.1520085456786503,0.0194468152333896,0.0892356026975736,0.0193370132720412,0.5663810743726577,0.0626480418128204,0.1505298028522939,0.0147805905088001,1.0,,,,,,,,,,,,,,,,,,,,
mistralai_mistral_7b_v0_1,abstract_algebra,random,mmlu:abstract_algebra,mistralai_mistral_7b_v0_1,400.0,random_uniform,Avg,0.1920094986316021,0.0154606498761018,0.2446202252657558,0.0209606952896218,0.1752314827585863,0.0148586417706644,2.5909980126654064,0.2789319786373823,0.2615184386450436,0.0104266119989854,,,,,,,,,,,,,,,,,,,,,
mistralai_mistral_7b_v0_1,abstract_algebra,random,mmlu:abstract_algebra,mistralai_mistral_7b_v0_1,400.0,random_uniform,BayPIRE,0.0237554915114749,0.0050296052242604,0.029270061047611,0.0053293552756374,0.0184025197153443,0.006672635115376,0.2945255054806283,0.0123396068694942,0.0867689612318053,0.004155101255059,1.0,0.976,0.0217050941281329,0.1418455310974341,0.0165087292747764,0.1417030906758454,0.0162881922909786,0.999,0.0031622776601683,0.1743247499999999,0.0149547515419198,0.1740249999999999,0.015048278786773,1.0,0.0,0.0641331311845783,0.0029343216259637,1.0,0.0,0.0653744999999999,0.0033749283531489
mistralai_mistral_7b_v0_1,abstract_algebra,random,mmlu:abstract_algebra,mistralai_mistral_7b_v0_1,400.0,random_uniform,PE-Rasch,0.0925279033202717,0.010803091828113,0.1336995375706617,0.0144083895306998,0.0746250278097106,0.0110291213773401,0.54621374019883,0.0472730591255226,0.1310231888705492,0.0097039273198722,1.0,,,,,,,,,,,,,,,,,,,,
mistralai_mistral_7b_v0_1,abstract_algebra,random,mmlu:abstract_algebra,mistralai_mistral_7b_v0_1,800.0,random_uniform,Avg,0.128001379905763,0.0079361650845568,0.1604954676604467,0.0106692898202435,0.1106246144489975,0.0084699393771959,1.1701642663288432,0.1852956269591783,0.2269061894486772,0.0041399216475817,,,,,,,,,,,,,,,,,,,,,
mistralai_mistral_7b_v0_1,abstract_algebra,random,mmlu:abstract_algebra,mistralai_mistral_7b_v0_1,800.0,random_uniform,BayPIRE,0.0208234455764704,0.0015977437444603,0.0259203705978224,0.0021615673792741,0.0117869450975344,0.0032598582186769,0.2518162774291697,0.0065753908558801,0.0761640403750832,0.0020851820736335,1.0,0.937,0.0394546152771341,0.1099679771698922,0.0316875241987437,0.1104503313609471,0.0328634510793948,0.995,0.0070710678118655,0.1455512499999999,0.0247835749329739,0.1445624999999998,0.0260463829062694,1.0,0.0,0.037333172228311,0.001532624603915,1.0,0.0,0.0386162499999999,0.0018268051384559
mistralai_mistral_7b_v0_1,abstract_algebra,random,mmlu:abstract_algebra,mistralai_mistral_7b_v0_1,800.0,random_uniform,PE-Rasch,0.0758280401351736,0.0057402919310493,0.0993906240676231,0.0081341623621855,0.059386440588913,0.0065558399506068,0.4367110102313439,0.0415505393812632,0.1072600964082102,0.0053497306564519,1.0,,,,,,,,,,,,,,,,,,,,
mistralai_mistral_7b_v0_1,abstract_algebra,random,mmlu:abstract_algebra,mistralai_mistral_7b_v0_1,1600.0,random_uniform,Avg,0.0827141145949619,0.0065417825348643,0.1025999772080568,0.0059367822824757,0.0659143670165954,0.0076116358968205,0.657715184304741,0.0359924091030445,0.2108206883722513,0.0019401604761592,,,,,,,,,,,,,,,,,,,,,
mistralai_mistral_7b_v0_1,abstract_algebra,random,mmlu:abstract_algebra,mistralai_mistral_7b_v0_1,1600.0,random_uniform,BayPIRE,0.0190945614898439,0.0011516669236023,0.0238681569900889,0.0012484047616383,0.0092203548144686,0.0028380158912809,0.2302577703361898,0.0042999177178475,0.071398937141284,0.0017295877970758,1.0,0.8230000000000001,0.1017677093515751,0.0719117238769437,0.0200295379217823,0.0718422897009597,0.0199026591973819,0.993,0.0048304589153964,0.1165182499999999,0.0123580250607763,0.1175124999999999,0.0127339836766731,1.0,0.0,0.0225074583189921,0.0005646117482867,1.0,0.0,0.024672,0.0007607176801474
mistralai_mistral_7b_v0_1,abstract_algebra,random,mmlu:abstract_algebra,mistralai_mistral_7b_v0_1,1600.0,random_uniform,PE-Rasch,0.0527476789892287,0.0042219096329028,0.0677307056022847,0.0048687649330859,0.0378472684421097,0.0046097467411523,0.2963800720994224,0.0146901769810575,0.0881593195326267,0.0031962187714576,1.0,,,,,,,,,,,,,,,,,,,,
mistralai_mistral_7b_v0_1,anatomy,balanced,mmlu:anatomy,mistralai_mistral_7b_v0_1,200.0,two_way_balanced,Avg,0.2839259208817778,0.0129075827254962,0.3484557606768701,0.0117370615627444,0.2699407356965926,0.013216326688643,4.857416668130544,0.2855487926440142,0.3673308221610526,0.008455090359974,,,,,,,,,,,,,,,,,,,,,
mistralai_mistral_7b_v0_1,anatomy,balanced,mmlu:anatomy,mistralai_mistral_7b_v0_1,200.0,two_way_balanced,BayPIRE,0.020969866454355,0.0053680260429821,0.0258358743582131,0.0056168158729,0.0146405597866958,0.0079962410133156,0.3389741228520899,0.0142190972778509,0.0926917365064674,0.0055803328225431,1.0,1.0,0.0,0.2326830348106757,0.0178470339729827,0.2324638837511268,0.0180253264018408,1.0,0.0,0.2522751851851851,0.0165659956448603,0.2526296296296295,0.0165526046660794,1.0,0.0,0.092586610456424,0.0035052210998779,1.0,0.0,0.0929866666666667,0.0028895559270008
mistralai_mistral_7b_v0_1,anatomy,balanced,mmlu:anatomy,mistralai_mistral_7b_v0_1,200.0,two_way_balanced,PE-Rasch,0.1284513044004231,0.0129458604149422,0.1654712627949051,0.0131544879654169,0.1118841571787047,0.0135771633199964,0.470031125075096,0.0403504130073631,0.1325018308098772,0.0112580851489144,1.0,,,,,,,,,,,,,,,,,,,,
mistralai_mistral_7b_v0_1,anatomy,balanced,mmlu:anatomy,mistralai_mistral_7b_v0_1,400.0,two_way_balanced,Avg,0.2040833320524445,0.0168118801967216,0.2408413347057644,0.0193150038631189,0.1895648135339259,0.0162904616942601,1.7711529442594034,0.3220886874940005,0.3040310102485496,0.0096871644987903,,,,,,,,,,,,,,,,,,,,,
mistralai_mistral_7b_v0_1,anatomy,balanced,mmlu:anatomy,mistralai_mistral_7b_v0_1,400.0,two_way_balanced,BayPIRE,0.017465922570126,0.0025669488629952,0.0217557782599616,0.0029316288840305,0.0133003098664099,0.0034849970248457,0.240975113423303,0.0095906822561105,0.0654871666686494,0.0035854803578964,1.0,0.987,0.024517567397911,0.1188688240887583,0.0179715965598445,0.1187985851740889,0.0179756520758482,0.998,0.0042163702135578,0.144901111111111,0.0157792488349945,0.1444629629629629,0.0171734674291215,1.0,0.0,0.0507929924793433,0.0024135761557852,1.0,0.0,0.0514707407407407,0.0025245004002763
mistralai_mistral_7b_v0_1,anatomy,balanced,mmlu:anatomy,mistralai_mistral_7b_v0_1,400.0,two_way_balanced,PE-Rasch,0.0754962995202972,0.012933374594786,0.1105456571252619,0.0139600598674477,0.0594214978761119,0.0129115058101976,0.387722922179538,0.0441248303408991,0.0970604493256142,0.0105734836427884,1.0,,,,,,,,,,,,,,,,,,,,
mistralai_mistral_7b_v0_1,anatomy,balanced,mmlu:anatomy,mistralai_mistral_7b_v0_1,800.0,two_way_balanced,Avg,0.1392546294885185,0.012375144025083,0.1732259992668582,0.0122068646699564,0.1260768517107407,0.0121990107416774,0.8723996825760855,0.071650930326362,0.2760931347007874,0.0047133663443828,,,,,,,,,,,,,,,,,,,,,
mistralai_mistral_7b_v0_1,anatomy,balanced,mmlu:anatomy,mistralai_mistral_7b_v0_1,800.0,two_way_balanced,BayPIRE,0.0161871753407102,0.0009151480397231,0.0200953567746682,0.0011150982579969,0.0112431968083781,0.0014579376049295,0.1979670254744557,0.0063360425222973,0.0562773919726431,0.0018575631039074,1.0,0.948,0.0466190232987922,0.0845807008708355,0.0143991130548505,0.0843837937428721,0.0143793879472626,0.997,0.0048304589153965,0.1134975925925925,0.0110568546034572,0.1126111111111111,0.0109286981207944,1.0,0.0,0.0320843171678651,0.000929974846856,1.0,0.0,0.033032962962963,0.0008614771114751
mistralai_mistral_7b_v0_1,anatomy,balanced,mmlu:anatomy,mistralai_mistral_7b_v0_1,800.0,two_way_balanced,PE-Rasch,0.0665393023417681,0.0048087611722868,0.0885015469029727,0.0060216822814923,0.0525906823244219,0.0052958504992544,0.3443367722191162,0.0129791200355295,0.0852935993024344,0.0029808685417466,1.0,,,,,,,,,,,,,,,,,,,,
mistralai_mistral_7b_v0_1,anatomy,balanced,mmlu:anatomy,mistralai_mistral_7b_v0_1,1600.0,two_way_balanced,Avg,0.0941249999999999,0.007743945868036,0.1178613533427791,0.0087251726728517,0.0818157407407407,0.0082364905579298,0.7181588309305881,0.007208752492322,0.2598556328781513,0.002633113326354,,,,,,,,,,,,,,,,,,,,,
mistralai_mistral_7b_v0_1,anatomy,balanced,mmlu:anatomy,mistralai_mistral_7b_v0_1,1600.0,two_way_balanced,BayPIRE,0.0155308783089837,0.0016476522448472,0.0193324856833587,0.001741016126528,0.0095912552757189,0.0015816924032903,0.1747760618653932,0.0047827918174116,0.0522132136413204,0.001108299821003,1.0,0.868,0.0646013415753367,0.061856087214705,0.0128383929775525,0.0619172097699242,0.0128798729947128,0.992,0.0063245553203367,0.094419074074074,0.0083926054889864,0.0948333333333333,0.0090925108743907,0.9,0.3162277660168379,0.0201845127849699,0.0007698828888025,1.0,0.0,0.0214385185185185,0.0004253402665229
mistralai_mistral_7b_v0_1,anatomy,balanced,mmlu:anatomy,mistralai_mistral_7b_v0_1,1600.0,two_way_balanced,PE-Rasch,0.0452795567503182,0.0046843151573291,0.0577631220725853,0.00565469462994,0.0332426778119278,0.0042123391138069,0.2305569332129034,0.0151090393406382,0.0671145640965112,0.0021319497223607,1.0,,,,,,,,,,,,,,,,,,,,
mistralai_mistral_7b_v0_1,anatomy,random,mmlu:anatomy,mistralai_mistral_7b_v0_1,200.0,random_uniform,Avg,0.2864680375724127,0.0221962861039368,0.3494475240210258,0.0183971533673488,0.2719806301650053,0.0212978287871239,4.630746200186155,0.4574574471253645,0.3679429727730622,0.0132392669610763,,,,,,,,,,,,,,,,,,,,,
mistralai_mistral_7b_v0_1,anatomy,random,mmlu:anatomy,mistralai_mistral_7b_v0_1,200.0,random_uniform,BayPIRE,0.0211557304457613,0.0056601386830067,0.0256849611074958,0.0059236966805506,0.016589945626643,0.0074305793149617,0.397874806382502,0.0156178088332055,0.1213016609447129,0.0066058622476067,1.0,1.0,0.0,0.2290159499350691,0.02450981819325,0.2288830613891575,0.024958762804844,1.0,0.0,0.2490062962962961,0.0231263494595077,0.2481759259259258,0.0244759916925534,1.0,0.0,0.1153151499925087,0.0039903175865655,1.0,0.0,0.1158485185185184,0.0039651564830497
mistralai_mistral_7b_v0_1,anatomy,random,mmlu:anatomy,mistralai_mistral_7b_v0_1,200.0,random_uniform,PE-Rasch,0.1325179629751662,0.0087844152706699,0.168821332037517,0.0098355289497762,0.1191594470769254,0.0078886132807661,0.5570353270482953,0.0347102435793749,0.1640997397054388,0.0094297053981451,1.0,,,,,,,,,,,,,,,,,,,,
mistralai_mistral_7b_v0_1,anatomy,random,mmlu:anatomy,mistralai_mistral_7b_v0_1,400.0,random_uniform,Avg,0.2214202343903665,0.0169776819483776,0.2764466561465588,0.0193164844008075,0.2068642026443348,0.0178822271273075,2.77276451978316,0.4144763053638713,0.3231538570559235,0.0113024467399785,,,,,,,,,,,,,,,,,,,,,
mistralai_mistral_7b_v0_1,anatomy,random,mmlu:anatomy,mistralai_mistral_7b_v0_1,400.0,random_uniform,BayPIRE,0.0213512593078454,0.0089483153079421,0.0256737403634473,0.0090373454708656,0.01747536593598,0.0107260332445532,0.2821154343183369,0.0130505152111425,0.0803821968063483,0.0049455184858508,1.0,0.984,0.0217050941281329,0.1382088940846201,0.0142520971645079,0.1382607051016824,0.014278736076918,1.0,0.0,0.1622833333333332,0.0129623202368587,0.1622685185185183,0.012231123613547,0.8,0.4216370213557839,0.0676960198768976,0.0026678005745667,0.8,0.4216370213557839,0.0683953703703702,0.0027403470201573
mistralai_mistral_7b_v0_1,anatomy,random,mmlu:anatomy,mistralai_mistral_7b_v0_1,400.0,random_uniform,PE-Rasch,0.0928978153618063,0.0148912799703155,0.1296507724812931,0.0198670895912767,0.0778147329678327,0.0173062600156489,0.4567609701269363,0.0607491459082603,0.1188770887727315,0.0150484588286524,1.0,,,,,,,,,,,,,,,,,,,,
mistralai_mistral_7b_v0_1,anatomy,random,mmlu:anatomy,mistralai_mistral_7b_v0_1,800.0,random_uniform,Avg,0.1439071029775488,0.0070411663415976,0.1810067958283418,0.0091566319431808,0.1297592193796652,0.0058229196700192,1.0404415172409964,0.1307619031141042,0.2787936520253123,0.0036826451001452,,,,,,,,,,,,,,,,,,,,,
mistralai_mistral_7b_v0_1,anatomy,random,mmlu:anatomy,mistralai_mistral_7b_v0_1,800.0,random_uniform,BayPIRE,0.0164508815197706,0.0012614480574885,0.0203908417381442,0.001601426841962,0.0105684703258676,0.0029409803237725,0.2077910773379795,0.0056255176476788,0.0594373791697099,0.0019447938163896,1.0,0.958,0.0393841479673118,0.0924469529243467,0.0169679530760539,0.0927505410782079,0.0170666797450334,0.998,0.0042163702135578,0.1221096296296296,0.0123664145248317,0.1229629629629629,0.0121966311459046,1.0,0.0,0.0383807776777892,0.0014586278130889,1.0,0.0,0.0391827777777778,0.0013141147646582
mistralai_mistral_7b_v0_1,anatomy,random,mmlu:anatomy,mistralai_mistral_7b_v0_1,800.0,random_uniform,PE-Rasch,0.0701623054729606,0.0070392000280742,0.0959292080069143,0.0123398387726804,0.0564181517181574,0.0071515284535046,0.3473580508728666,0.0336658181746394,0.0901394310597576,0.0059331761037385,1.0,,,,,,,,,,,,,,,,,,,,
mistralai_mistral_7b_v0_1,anatomy,random,mmlu:anatomy,mistralai_mistral_7b_v0_1,1600.0,random_uniform,Avg,0.0931402155047999,0.0060850518348083,0.1174237836474424,0.0079829678602995,0.0786021639794419,0.0063747566902695,0.7243831942959472,0.0231008749123803,0.2595395868685015,0.0023588409794172,,,,,,,,,,,,,,,,,,,,,
mistralai_mistral_7b_v0_1,anatomy,random,mmlu:anatomy,mistralai_mistral_7b_v0_1,1600.0,random_uniform,BayPIRE,0.0155259154728432,0.0011251803172401,0.0194284810786447,0.0012666943465891,0.0101796481693389,0.0012393269234684,0.1765309996182534,0.0034043605250738,0.0525695755750646,0.0007993176025868,1.0,0.835,0.0437797517885456,0.0573422875438253,0.0087169734281988,0.0576179157066819,0.0089727071972018,0.993,0.0067494855771055,0.0918331481481481,0.0047567977694087,0.0933333333333333,0.0051793029539266,0.9,0.3162277660168379,0.0215328721253103,0.0007790742914121,0.9,0.3162277660168379,0.0228316666666666,0.0007744202712945
mistralai_mistral_7b_v0_1,anatomy,random,mmlu:anatomy,mistralai_mistral_7b_v0_1,1600.0,random_uniform,PE-Rasch,0.0477525078061843,0.0026454954956418,0.0599786315663276,0.0044818708169763,0.0342208150399408,0.0020877402427917,0.2361073767186932,0.0128157535874953,0.0682381948567424,0.0022304854762043,1.0,,,,,,,,,,,,,,,,,,,,
mistralai_mistral_7b_v0_1,astronomy,balanced,mmlu:astronomy,mistralai_mistral_7b_v0_1,200.0,two_way_balanced,Avg,0.2857894685624999,0.0154191772487077,0.3448881123694682,0.0137716637667481,0.2683157843519737,0.0148590441749847,4.791085731385406,0.3298627536647718,0.3622433284934667,0.0097954640518193,,,,,,,,,,,,,,,,,,,,,
mistralai_mistral_7b_v0_1,astronomy,balanced,mmlu:astronomy,mistralai_mistral_7b_v0_1,200.0,two_way_balanced,BayPIRE,0.0240642737500709,0.0040986009511172,0.0292610817544406,0.0046638996243404,0.0135012160356823,0.0074682418146531,0.399496228207746,0.0175522807744903,0.1163439707854464,0.0071805046481134,1.0,1.0,0.0,0.2942272356963166,0.0370144194191948,0.2933439202944985,0.0363994000105886,1.0,0.0,0.310261842105263,0.0359026745796807,0.3098848684210525,0.0350016462439314,1.0,0.0,0.0992651491047379,0.0037294917502636,1.0,0.0,0.0997884868421052,0.0030763341072634
mistralai_mistral_7b_v0_1,astronomy,balanced,mmlu:astronomy,mistralai_mistral_7b_v0_1,200.0,two_way_balanced,PE-Rasch,0.1452836421811925,0.0122224044678774,0.1831578328763061,0.0121981292695393,0.12623571691582,0.0120512985215943,0.5654951300021736,0.0299998377277119,0.1605876652025746,0.0094865853198791,1.0,,,,,,,,,,,,,,,,,,,,
mistralai_mistral_7b_v0_1,astronomy,balanced,mmlu:astronomy,mistralai_mistral_7b_v0_1,400.0,two_way_balanced,Avg,0.1995394722821052,0.0103544074544125,0.2382448055590137,0.0125083869330459,0.1822368407031578,0.0101003446930468,1.8198963351762216,0.2178662550019485,0.2998783771027027,0.0062567670670199,,,,,,,,,,,,,,,,,,,,,
mistralai_mistral_7b_v0_1,astronomy,balanced,mmlu:astronomy,mistralai_mistral_7b_v0_1,400.0,two_way_balanced,BayPIRE,0.0221338528617818,0.0049671487091352,0.0266439386753224,0.0055582869377512,0.0168241497040011,0.0066134813403438,0.3005594481419794,0.0113177550345556,0.0851833801529114,0.0041740748109693,1.0,0.991,0.0152388392675499,0.1489588240664866,0.019818012982373,0.1487255378006237,0.0198532295440672,0.999,0.0031622776601683,0.170997697368421,0.0173518548054462,0.1704440789473682,0.0181986248234306,0.9,0.3162277660168379,0.0566932956666177,0.0025193465944716,0.9,0.3162277660168379,0.0575870065789473,0.0029181425836767
mistralai_mistral_7b_v0_1,astronomy,balanced,mmlu:astronomy,mistralai_mistral_7b_v0_1,400.0,two_way_balanced,PE-Rasch,0.10121125588848,0.01558983516512,0.1393645129534118,0.0176684951207739,0.08345898129971,0.0147620109377981,0.543062150428639,0.0584921180552342,0.1318953381207251,0.0116211954445829,1.0,,,,,,,,,,,,,,,,,,,,
mistralai_mistral_7b_v0_1,astronomy,balanced,mmlu:astronomy,mistralai_mistral_7b_v0_1,800.0,two_way_balanced,Avg,0.1374539472263158,0.0076894639423638,0.1687305774160684,0.0097283880893876,0.1217565788052631,0.0083940567419562,0.8491059785446439,0.078780157978421,0.2716770832076389,0.0036327494630893,,,,,,,,,,,,,,,,,,,,,
mistralai_mistral_7b_v0_1,astronomy,balanced,mmlu:astronomy,mistralai_mistral_7b_v0_1,800.0,two_way_balanced,BayPIRE,0.018695019775387,0.0010477307626355,0.0223309938729628,0.0010159034273184,0.0130811451122976,0.0014427354518801,0.2522662206818623,0.0049960473587731,0.0729559598383149,0.001148722062812,1.0,0.964,0.0231900361745681,0.099265582582524,0.0144890622885829,0.0993598916831035,0.014567282144967,0.998,0.0042163702135578,0.1249379934210525,0.0112109388879571,0.1250082236842104,0.0115886498725327,1.0,0.0,0.0347031195141968,0.001224550441006,1.0,0.0,0.0355925986842104,0.0012426083416652
mistralai_mistral_7b_v0_1,astronomy,balanced,mmlu:astronomy,mistralai_mistral_7b_v0_1,800.0,two_way_balanced,PE-Rasch,0.0771046752511737,0.005602343550097,0.1026218139649484,0.0088801453174117,0.0604950271731967,0.0064324436608663,0.4482349572069312,0.0383338958662885,0.1064256664021824,0.0044197851868255,1.0,,,,,,,,,,,,,,,,,,,,
mistralai_mistral_7b_v0_1,astronomy,balanced,mmlu:astronomy,mistralai_mistral_7b_v0_1,1600.0,two_way_balanced,Avg,0.0932861842105263,0.0074044657039853,0.1152180990012581,0.0071660223089824,0.0769111842105263,0.0082876235113843,0.7109109369111102,0.0049872615855163,0.2564129136029411,0.0020995888854499,,,,,,,,,,,,,,,,,,,,,
mistralai_mistral_7b_v0_1,astronomy,balanced,mmlu:astronomy,mistralai_mistral_7b_v0_1,1600.0,two_way_balanced,BayPIRE,0.0189887321618638,0.0015326448732725,0.0226809352732517,0.0021500542437177,0.0121380864907007,0.0014820596119678,0.2236296581646689,0.0029190043265435,0.0669584505416879,0.0009689464465538,1.0,0.883,0.0501220732035519,0.0754902472644586,0.017765992003839,0.0753479592378543,0.017978617230282,0.992,0.0091893658347268,0.1061845394736841,0.0127042114993014,0.106578947368421,0.012327604668908,0.9,0.3162277660168379,0.0226766821195658,0.0007771574163032,0.9,0.3162277660168379,0.023877467105263,0.0006705222048312
mistralai_mistral_7b_v0_1,astronomy,balanced,mmlu:astronomy,mistralai_mistral_7b_v0_1,1600.0,two_way_balanced,PE-Rasch,0.0525835269875453,0.00452364937801,0.0664724723353,0.0066057052827155,0.0370281548941323,0.0041957990863264,0.2917714155370404,0.0178279587776122,0.0832945211700268,0.003545079472416,1.0,,,,,,,,,,,,,,,,,,,,
mistralai_mistral_7b_v0_1,astronomy,random,mmlu:astronomy,mistralai_mistral_7b_v0_1,200.0,random_uniform,Avg,0.2829672007354292,0.0151079440671731,0.3460472707945916,0.0137134731992236,0.2642345691564818,0.014536891646912,4.570876098074656,0.2480006422280948,0.3628562775598256,0.0098969211309316,,,,,,,,,,,,,,,,,,,,,
mistralai_mistral_7b_v0_1,astronomy,random,mmlu:astronomy,mistralai_mistral_7b_v0_1,200.0,random_uniform,BayPIRE,0.0253759462049929,0.0037831779090024,0.0311652709372056,0.0051417187067444,0.0196755456725247,0.004829716915805,0.4468424761129485,0.0189326540223604,0.1404935974396817,0.007505467893223,1.0,1.0,0.0,0.2647469885863855,0.0536393131644634,0.2651504378673989,0.0543972590783914,1.0,0.0,0.2817264802631577,0.0518529956193723,0.2816365131578944,0.0538425769427948,1.0,0.0,0.1186956122158646,0.0045466446523927,1.0,0.0,0.1190878289473684,0.004582817533723
mistralai_mistral_7b_v0_1,astronomy,random,mmlu:astronomy,mistralai_mistral_7b_v0_1,200.0,random_uniform,PE-Rasch,0.1494834018859518,0.0257762167893954,0.189698044760757,0.0297222013463399,0.1303183843355082,0.0269067074628974,0.6662718256836967,0.0887321078222228,0.1923684952400725,0.0229977688913124,1.0,,,,,,,,,,,,,,,,,,,,
mistralai_mistral_7b_v0_1,astronomy,random,mmlu:astronomy,mistralai_mistral_7b_v0_1,400.0,random_uniform,Avg,0.2156463580784656,0.012494063697789,0.2689866219627076,0.014720543517146,0.1974263956724506,0.0142318235524679,2.584235165319619,0.3661862075676715,0.3160129560413637,0.0083042151294269,,,,,,,,,,,,,,,,,,,,,
mistralai_mistral_7b_v0_1,astronomy,random,mmlu:astronomy,mistralai_mistral_7b_v0_1,400.0,random_uniform,BayPIRE,0.024322071514878,0.0093569749466336,0.0291753147274943,0.0096350742154085,0.0191977441380246,0.011177780126795,0.3383885907406124,0.0158739117748447,0.100687273262566,0.006792344530228,1.0,0.99,0.0216024689946928,0.1572735947229288,0.0277102575086583,0.1576947303030761,0.0280574285843045,0.997,0.0094868329805051,0.1789598684210525,0.0242102635785784,0.178659539473684,0.024329484007192,0.9,0.3162277660168379,0.0725518645097285,0.0029921855835561,0.9,0.3162277660168379,0.072869572368421,0.0029183621335538
mistralai_mistral_7b_v0_1,astronomy,random,mmlu:astronomy,mistralai_mistral_7b_v0_1,400.0,random_uniform,PE-Rasch,0.1127826742184116,0.0154409103492537,0.1501299799139954,0.0156283976553994,0.0954648488901637,0.0155258722364311,0.6040154889726383,0.0606558337375162,0.1524966585973863,0.012661063654234,1.0,,,,,,,,,,,,,,,,,,,,
mistralai_mistral_7b_v0_1,astronomy,random,mmlu:astronomy,mistralai_mistral_7b_v0_1,800.0,random_uniform,Avg,0.1500909371059183,0.0104428950852842,0.1892973028123732,0.0135884935569188,0.1333236894413022,0.0089144231461742,1.1690296167564356,0.2028177582376721,0.2796950568715066,0.0056070883254089,,,,,,,,,,,,,,,,,,,,,
mistralai_mistral_7b_v0_1,astronomy,random,mmlu:astronomy,mistralai_mistral_7b_v0_1,800.0,random_uniform,BayPIRE,0.020202186470697,0.0012561569460815,0.0240008906899574,0.0017470988269172,0.0147167780681802,0.0013012646908597,0.261197960306169,0.0075310261859837,0.0755329701777501,0.0026158585650778,1.0,0.955,0.0347211110933327,0.1028904308410182,0.0232923232191411,0.1029525413069359,0.0230448847946851,0.999,0.0031622776601683,0.129600822368421,0.0191465411170813,0.1306085526315788,0.0188594020919154,1.0,0.0,0.0404729173581748,0.0015564295114019,1.0,0.0,0.0414437499999999,0.0014183695328826
mistralai_mistral_7b_v0_1,astronomy,random,mmlu:astronomy,mistralai_mistral_7b_v0_1,800.0,random_uniform,PE-Rasch,0.0796337901870343,0.0060507612917358,0.1069337623017486,0.0096962631913701,0.0616649563462085,0.0059638419217136,0.4528692009130137,0.0379824951269442,0.1104740377242145,0.0075516848871403,1.0,,,,,,,,,,,,,,,,,,,,
mistralai_mistral_7b_v0_1,astronomy,random,mmlu:astronomy,mistralai_mistral_7b_v0_1,1600.0,random_uniform,Avg,0.0986157441358639,0.0073671186345973,0.124170774490323,0.0084927351817684,0.082779657222523,0.0074969659207433,0.7195283857401595,0.0083361036548217,0.2591988364844395,0.0027391479240238,,,,,,,,,,,,,,,,,,,,,
mistralai_mistral_7b_v0_1,astronomy,random,mmlu:astronomy,mistralai_mistral_7b_v0_1,1600.0,random_uniform,BayPIRE,0.0184440084250318,0.0013708840925916,0.0223065921263328,0.0014718527645092,0.0124753610878447,0.0025907079209097,0.2281215247158731,0.0057643150215602,0.0682181817880985,0.0012823066948511,1.0,0.857,0.0689685918854855,0.0714744927376486,0.0135894430690559,0.0714598653576863,0.0135039991112936,0.99,0.0124721912892464,0.1026978618421052,0.0107397934482496,0.1019819078947368,0.0112811077355341,1.0,0.0,0.024208233855685,0.0009124975838197,1.0,0.0,0.0253455592105263,0.0009360331611047
mistralai_mistral_7b_v0_1,astronomy,random,mmlu:astronomy,mistralai_mistral_7b_v0_1,1600.0,random_uniform,PE-Rasch,0.0550030863909187,0.0053051856829502,0.0714615901349162,0.0069801022026184,0.0404220625193392,0.0050557809474041,0.3095568024749161,0.0235890919757451,0.0857814107619005,0.003887708910362,1.0,,,,,,,,,,,,,,,,,,,,
mistralai_mistral_7b_v0_1,business_ethics,balanced,mmlu:business_ethics,mistralai_mistral_7b_v0_1,200.0,two_way_balanced,Avg,0.264099995051,0.0180185702925854,0.3523773771722984,0.013340796600395,0.238419995051,0.0171296879522268,5.031359071720355,0.3292449871616708,0.3782601989914286,0.0097828426578712,,,,,,,,,,,,,,,,,,,,,
mistralai_mistral_7b_v0_1,business_ethics,balanced,mmlu:business_ethics,mistralai_mistral_7b_v0_1,200.0,two_way_balanced,BayPIRE,0.0301513109275169,0.0022177258759856,0.0364019037299974,0.0031362400307631,0.0243574997536673,0.0037736985574825,0.3097518574517108,0.0125658189626437,0.0845242929791151,0.0046834695480358,1.0,0.996,0.0096609178307929,0.199143855280544,0.0308274147015434,0.1988473934259974,0.0308228200649153,1.0,0.0,0.2271557499999998,0.0283010846634011,0.2260749999999996,0.0279953617190021,1.0,0.0,0.0823317718813391,0.0033189661142771,1.0,0.0,0.0831184999999999,0.0032889943160654
mistralai_mistral_7b_v0_1,business_ethics,balanced,mmlu:business_ethics,mistralai_mistral_7b_v0_1,200.0,two_way_balanced,PE-Rasch,0.1104187209519673,0.0157419925972203,0.1439443757535818,0.0185176584327409,0.0810304817898802,0.0166902210598365,0.4533172542386034,0.0518956643139549,0.1216858600619141,0.0148596459736685,1.0,,,,,,,,,,,,,,,,,,,,
mistralai_mistral_7b_v0_1,business_ethics,balanced,mmlu:business_ethics,mistralai_mistral_7b_v0_1,400.0,two_way_balanced,Avg,0.1961499988096,0.013503517872357,0.2467970849082135,0.0130681003747479,0.1689899988095999,0.013566989986563,1.8408545314036235,0.2188664734619113,0.3150156237433333,0.0069464860077102,,,,,,,,,,,,,,,,,,,,,
mistralai_mistral_7b_v0_1,business_ethics,balanced,mmlu:business_ethics,mistralai_mistral_7b_v0_1,400.0,two_way_balanced,BayPIRE,0.0284785733706511,0.0008806669785776,0.033412905409281,0.0015537433586615,0.0229381284907773,0.0017742554355982,0.2418964786869303,0.0084304314670603,0.0678310119417321,0.0026910418699175,1.0,0.958,0.0468567557088148,0.1324942439874611,0.0181265880080661,0.1324091900887236,0.0181550495807077,0.997,0.0067494855771055,0.1638429999999999,0.0156154227003661,0.1631124999999995,0.0154862674381746,1.0,0.0,0.0513790492330542,0.0026666803422322,1.0,0.0,0.0521752499999999,0.0028672175948314
mistralai_mistral_7b_v0_1,business_ethics,balanced,mmlu:business_ethics,mistralai_mistral_7b_v0_1,400.0,two_way_balanced,PE-Rasch,0.0840126273004059,0.0106927563780997,0.1190728810329069,0.0136466546792831,0.0573378019517078,0.009417590612291,0.4264022063092419,0.0401862935517173,0.106203141125897,0.00868801069915,1.0,,,,,,,,,,,,,,,,,,,,
mistralai_mistral_7b_v0_1,business_ethics,balanced,mmlu:business_ethics,mistralai_mistral_7b_v0_1,800.0,two_way_balanced,Avg,0.1360799999172,0.0088954794724541,0.1711871676641585,0.0087371205764873,0.1091999999172,0.009980258262038,0.8475394423260878,0.0768831607155082,0.2833002716460869,0.0034569894432059,,,,,,,,,,,,,,,,,,,,,
mistralai_mistral_7b_v0_1,business_ethics,balanced,mmlu:business_ethics,mistralai_mistral_7b_v0_1,800.0,two_way_balanced,BayPIRE,0.027338462935254,0.0013110568860531,0.0327355633430561,0.0013259424443154,0.0215006901054497,0.0017772756020858,0.205352465393955,0.0051206914720799,0.0613114900726783,0.0014779281930642,1.0,0.825,0.0948976056365784,0.0950209474671174,0.015687006824783,0.0952225631570017,0.0158267101112283,0.979,0.0172884033065199,0.1298152499999999,0.01195936519648,0.129,0.0119721899973786,1.0,0.0,0.0324954777398939,0.0012494102704458,1.0,0.0,0.03355275,0.0011798219321858
mistralai_mistral_7b_v0_1,business_ethics,balanced,mmlu:business_ethics,mistralai_mistral_7b_v0_1,800.0,two_way_balanced,PE-Rasch,0.0675246655389035,0.0058631586327869,0.0888693082641559,0.0106633166889405,0.0432569808330183,0.0060941012613395,0.3386261962955214,0.0274428216156474,0.0872994936358144,0.0057812229293947,1.0,,,,,,,,,,,,,,,,,,,,
mistralai_mistral_7b_v0_1,business_ethics,balanced,mmlu:business_ethics,mistralai_mistral_7b_v0_1,1600.0,two_way_balanced,Avg,0.0909375,0.008848573723739,0.1123419212600808,0.0091900597020057,0.0672174999999999,0.0079129381570803,0.7289321308774585,0.0065656900484304,0.26635546875,0.0028153421962862,,,,,,,,,,,,,,,,,,,,,
mistralai_mistral_7b_v0_1,business_ethics,balanced,mmlu:business_ethics,mistralai_mistral_7b_v0_1,1600.0,two_way_balanced,BayPIRE,0.0244358810709723,0.0013864069321546,0.029589525109926,0.0016707034962666,0.0172996579277955,0.0029113739985336,0.1897189041848288,0.0036212011027668,0.05811041364948,0.0010395728373695,1.0,0.778,0.1211793895200188,0.0782463106646607,0.0165163354307331,0.0782534630515155,0.0164913005005596,0.974,0.0117378779077726,0.1140437499999999,0.0116454957464487,0.113,0.0125166555703457,0.8,0.4216370213557839,0.0199224039674475,0.0005538620036249,0.9,0.3162277660168379,0.021703,0.0007698555059229
mistralai_mistral_7b_v0_1,business_ethics,balanced,mmlu:business_ethics,mistralai_mistral_7b_v0_1,1600.0,two_way_balanced,PE-Rasch,0.0466254285342898,0.0044684292585772,0.0592440496559978,0.0059453911809864,0.0278351441683536,0.0047796416762602,0.2469570817570917,0.0096923286758543,0.0716348567210286,0.0020124579204589,1.0,,,,,,,,,,,,,,,,,,,,
mistralai_mistral_7b_v0_1,business_ethics,random,mmlu:business_ethics,mistralai_mistral_7b_v0_1,200.0,random_uniform,Avg,0.2849633286862333,0.0214103578887983,0.3550071903990465,0.0167123863327836,0.2554633286862333,0.0226167362140469,4.800479956605326,0.4083781478996144,0.3798593319393878,0.0123228093628857,,,,,,,,,,,,,,,,,,,,,
mistralai_mistral_7b_v0_1,business_ethics,random,mmlu:business_ethics,mistralai_mistral_7b_v0_1,200.0,random_uniform,BayPIRE,0.0332034714040365,0.005287495309011,0.0400062208210345,0.006457129522968,0.0280978146438832,0.0062088422124301,0.3619469736061175,0.015092714562541,0.1074466012000441,0.006787900448042,1.0,0.998,0.0063245553203367,0.2124262475663943,0.0317210885186527,0.2125970616059049,0.0317579524469073,1.0,0.0,0.2402749999999998,0.028798875122708,0.2410249999999998,0.0280763962747674,1.0,0.0,0.1127680056931048,0.004886899132596,1.0,0.0,0.1131027499999999,0.0047601970153555
mistralai_mistral_7b_v0_1,business_ethics,random,mmlu:business_ethics,mistralai_mistral_7b_v0_1,200.0,random_uniform,PE-Rasch,0.110330570930621,0.0207919805336695,0.1459943687499974,0.0243488707919957,0.0803669529153833,0.0218317485247404,0.5293296805862818,0.0485882577261782,0.1487806126708823,0.0131661620655376,1.0,,,,,,,,,,,,,,,,,,,,
mistralai_mistral_7b_v0_1,business_ethics,random,mmlu:business_ethics,mistralai_mistral_7b_v0_1,400.0,random_uniform,Avg,0.2171291321463342,0.014846120499961,0.2755557089941829,0.0144826003351696,0.1899152432574453,0.0154411153073151,2.6115122652880265,0.3209770599646193,0.3305200793025776,0.0085503929383699,,,,,,,,,,,,,,,,,,,,,
mistralai_mistral_7b_v0_1,business_ethics,random,mmlu:business_ethics,mistralai_mistral_7b_v0_1,400.0,random_uniform,BayPIRE,0.0300181129022993,0.0031670551898098,0.0361836097892106,0.0044554163259701,0.0247949169835686,0.0041096185917543,0.2675896579980725,0.009105832974591,0.0768621841085337,0.0031257582617059,1.0,0.942,0.0456557164487038,0.1418954151066663,0.015773766918681,0.1419862350618426,0.0157756651896432,0.997,0.0048304589153964,0.1744822499999999,0.0131124506910417,0.1760374999999998,0.0126625610122473,1.0,0.0,0.065320462116772,0.0030173270196566,1.0,0.0,0.0663574999999999,0.002868007438391
mistralai_mistral_7b_v0_1,business_ethics,random,mmlu:business_ethics,mistralai_mistral_7b_v0_1,400.0,random_uniform,PE-Rasch,0.0945036299373002,0.0128689358735481,0.1268824574871095,0.0134456803032507,0.0679046854433062,0.0135240192366583,0.4754952581003386,0.0331835995457711,0.1199019554891424,0.0092321654087628,1.0,,,,,,,,,,,,,,,,,,,,
mistralai_mistral_7b_v0_1,business_ethics,random,mmlu:business_ethics,mistralai_mistral_7b_v0_1,800.0,random_uniform,Avg,0.1452788981934703,0.0080507464783171,0.1853644535354121,0.0087006960383345,0.118906574961147,0.0087054954288181,1.0495695954817958,0.093896204789754,0.28884029617831,0.0036861075463142,,,,,,,,,,,,,,,,,,,,,
mistralai_mistral_7b_v0_1,business_ethics,random,mmlu:business_ethics,mistralai_mistral_7b_v0_1,800.0,random_uniform,BayPIRE,0.0274295475223495,0.0005623197988962,0.0326497358817411,0.0010003160864187,0.0217388041985729,0.0024745079458044,0.2132690757803964,0.0085466875344843,0.0631400113781671,0.0025756123928486,1.0,0.8099999999999999,0.0867947771086102,0.0936160999561717,0.0219287796546592,0.0939507885929045,0.0223260258603236,0.986,0.0107496769977314,0.1301857499999999,0.0170580745807601,0.1300249999999999,0.0157058242912195,1.0,0.0,0.0352987782597463,0.0014326100040771,1.0,0.0,0.03630375,0.001474752921867
mistralai_mistral_7b_v0_1,business_ethics,random,mmlu:business_ethics,mistralai_mistral_7b_v0_1,800.0,random_uniform,PE-Rasch,0.0679214769369308,0.005685486794197,0.0863303310451103,0.0096371374535388,0.0430406549517617,0.0058737106075227,0.3366809062324199,0.037148325482427,0.0885111691972243,0.0062996903520822,1.0,,,,,,,,,,,,,,,,,,,,
mistralai_mistral_7b_v0_1,business_ethics,random,mmlu:business_ethics,mistralai_mistral_7b_v0_1,1600.0,random_uniform,Avg,0.0941205830411194,0.0083053391806433,0.1184920841388838,0.0104460862328415,0.0696739989690541,0.0078978294825051,0.7333688978713996,0.0076340908705228,0.268179825283186,0.0032694701915874,,,,,,,,,,,,,,,,,,,,,
mistralai_mistral_7b_v0_1,business_ethics,random,mmlu:business_ethics,mistralai_mistral_7b_v0_1,1600.0,random_uniform,BayPIRE,0.0242930387767745,0.001219364009395,0.0291802493672661,0.0012995554113692,0.0181285410050697,0.0019271913562372,0.1892612901035176,0.0027139119898169,0.0578600857604039,0.0009472639848312,1.0,0.768,0.1091176734844849,0.0735804394192893,0.0112731968554305,0.0738265867415469,0.0112966611079744,0.981,0.0185292561462497,0.1114017499999999,0.0079347499654298,0.112,0.0091893658347267,1.0,0.0,0.021175836689826,0.0006363982848216,1.0,0.0,0.022842,0.0005851327009984
mistralai_mistral_7b_v0_1,business_ethics,random,mmlu:business_ethics,mistralai_mistral_7b_v0_1,1600.0,random_uniform,PE-Rasch,0.0462717154621549,0.0045216197307283,0.0595355355315376,0.0060922929607712,0.0281605570937785,0.003710141431336,0.2421157860356304,0.013758317210215,0.0711724660236554,0.0027188823178144,1.0,,,,,,,,,,,,,,,,,,,,
mistralai_mistral_7b_v0_1,clinical_knowledge,balanced,mmlu:clinical_knowledge,mistralai_mistral_7b_v0_1,200.0,two_way_balanced,Avg,0.2923301832108301,0.0126038399820941,0.3338130166537804,0.0159603870982126,0.273975466229698,0.0129091232102278,4.528718489557462,0.3118348514779125,0.3412043680444867,0.0109910558207798,,,,,,,,,,,,,,,,,,,,,
mistralai_mistral_7b_v0_1,clinical_knowledge,balanced,mmlu:clinical_knowledge,mistralai_mistral_7b_v0_1,200.0,two_way_balanced,BayPIRE,0.0412905618568641,0.0150692451011007,0.0503416318389475,0.0179449032673112,0.0276116639608729,0.0202902097587772,0.5816543634692533,0.008265097499021,0.1974980554689977,0.0042135577742746,1.0,1.0,0.0,0.4322399672617542,0.0650661381997062,0.427236665171068,0.0656968448053076,1.0,0.0,0.4418137735849055,0.0641016733368457,0.4361226415094338,0.0652432585443974,0.9,0.3162277660168379,0.1196966025414902,0.0045762478134859,0.9,0.3162277660168379,0.1200779245283019,0.003964080176822
mistralai_mistral_7b_v0_1,clinical_knowledge,balanced,mmlu:clinical_knowledge,mistralai_mistral_7b_v0_1,200.0,two_way_balanced,PE-Rasch,0.1779599967281398,0.0141827012677228,0.2162632013172364,0.0171813277754869,0.1596141767446738,0.0150001760641926,0.6632863937814821,0.0321925183621424,0.1985575080792724,0.0095958765407273,1.0,,,,,,,,,,,,,,,,,,,,
mistralai_mistral_7b_v0_1,clinical_knowledge,balanced,mmlu:clinical_knowledge,mistralai_mistral_7b_v0_1,400.0,two_way_balanced,Avg,0.1910999982271698,0.010225399594568,0.2269566368475673,0.0131370601465383,0.1724660359630188,0.0109407698242263,1.8407355839900863,0.2316532255884523,0.2810799794842912,0.00625255178151,,,,,,,,,,,,,,,,,,,,,
mistralai_mistral_7b_v0_1,clinical_knowledge,balanced,mmlu:clinical_knowledge,mistralai_mistral_7b_v0_1,400.0,two_way_balanced,BayPIRE,0.0234604845718907,0.0024177213499255,0.0289252330950662,0.0033773548230557,0.0186425569041185,0.0028509727653351,0.3397318932625477,0.0096804599313207,0.0961956011466073,0.0035581400060751,1.0,0.997,0.0048304589153964,0.1677088904247573,0.0231545673895604,0.1674695804733059,0.0231047691529812,0.999,0.0031622776601683,0.1802516037735848,0.0221638424769716,0.1798301886792452,0.0216460408803933,1.0,0.0,0.0615076569660429,0.0023650128266181,1.0,0.0,0.0617747169811319,0.0024242355499541
mistralai_mistral_7b_v0_1,clinical_knowledge,balanced,mmlu:clinical_knowledge,mistralai_mistral_7b_v0_1,400.0,two_way_balanced,PE-Rasch,0.0971969328397058,0.0103857018720469,0.1354209415763199,0.0158583558145863,0.0770355222383717,0.0115103923985491,0.4854682348222061,0.0337727858741835,0.1265552403720327,0.0089217349133287,1.0,,,,,,,,,,,,,,,,,,,,
mistralai_mistral_7b_v0_1,clinical_knowledge,balanced,mmlu:clinical_knowledge,mistralai_mistral_7b_v0_1,800.0,two_way_balanced,Avg,0.1331575468400754,0.0084182939175595,0.1651905904313295,0.0111127059506484,0.1136471694815849,0.0082396765452351,0.9101979904506894,0.1103249829457287,0.2569805445063035,0.0037884704576368,,,,,,,,,,,,,,,,,,,,,
mistralai_mistral_7b_v0_1,clinical_knowledge,balanced,mmlu:clinical_knowledge,mistralai_mistral_7b_v0_1,800.0,two_way_balanced,BayPIRE,0.0218384565311585,0.0010490071048288,0.0266287299072288,0.0012322674853492,0.0175149635199688,0.0020794200003663,0.2578856555455479,0.0054160140693725,0.0723153795322435,0.0019446757040966,1.0,0.935,0.0432691832858239,0.1020768407316498,0.0177611394470364,0.1019341281767925,0.0176807533018155,0.973,0.0279085809185793,0.1172640566037735,0.0156115693811475,0.1166273584905659,0.0155443157312424,1.0,0.0,0.035525380006132,0.0014651980325601,1.0,0.0,0.0360448113207545,0.0015014664752442
mistralai_mistral_7b_v0_1,clinical_knowledge,balanced,mmlu:clinical_knowledge,mistralai_mistral_7b_v0_1,800.0,two_way_balanced,PE-Rasch,0.0818390591424823,0.0106342330560084,0.1087822486701804,0.0136128371458219,0.0613852730465845,0.0103355011134032,0.4370194068198743,0.0205732888673091,0.1055059337004018,0.0051804779724378,1.0,,,,,,,,,,,,,,,,,,,,
mistralai_mistral_7b_v0_1,clinical_knowledge,balanced,mmlu:clinical_knowledge,mistralai_mistral_7b_v0_1,1600.0,two_way_balanced,Avg,0.0951754716793207,0.0055989049397649,0.1198737137334788,0.0076276128325869,0.0752216980944151,0.0060561044226236,0.6987949529599868,0.0275963070261883,0.2440264809093172,0.0021493471086609,,,,,,,,,,,,,,,,,,,,,
mistralai_mistral_7b_v0_1,clinical_knowledge,balanced,mmlu:clinical_knowledge,mistralai_mistral_7b_v0_1,1600.0,two_way_balanced,BayPIRE,0.021410863131021,0.0012512976085833,0.026171276804681,0.0016878326248419,0.0152488573771827,0.0037526549680301,0.2193842655879068,0.0031118759753872,0.0642197116664349,0.0005470627704461,1.0,0.843,0.098211789290062,0.0854177770128222,0.0299752002800274,0.0854967174781332,0.0302752952371024,0.952,0.0329309040939425,0.1022416037735848,0.0264094902165842,0.1030188679245283,0.0263881263955427,1.0,0.0,0.0226396651322006,0.0004964677914738,1.0,0.0,0.0233422641509433,0.0005538495263983
mistralai_mistral_7b_v0_1,clinical_knowledge,balanced,mmlu:clinical_knowledge,mistralai_mistral_7b_v0_1,1600.0,two_way_balanced,PE-Rasch,0.055296721680433,0.0058187534138245,0.0704095661238558,0.0068100718028086,0.0377206143498561,0.006808239437052,0.3011958342061309,0.020694715929935,0.080851848274107,0.0029653447155442,1.0,,,,,,,,,,,,,,,,,,,,
mistralai_mistral_7b_v0_1,clinical_knowledge,random,mmlu:clinical_knowledge,mistralai_mistral_7b_v0_1,200.0,random_uniform,Avg,0.2701552332260305,0.0153450189365024,0.3382079174838929,0.0126416160236081,0.2470422143581059,0.0167057339271721,4.345531011758863,0.3184985026433515,0.3439550126992085,0.0088133183184889,,,,,,,,,,,,,,,,,,,,,
mistralai_mistral_7b_v0_1,clinical_knowledge,random,mmlu:clinical_knowledge,mistralai_mistral_7b_v0_1,200.0,random_uniform,BayPIRE,0.0292334620248176,0.006737751807772,0.035899282349396,0.0069368790594299,0.020565151719433,0.0106295598918541,0.507739572009791,0.010532287327482,0.1661600850957361,0.0043591934238261,1.0,1.0,0.0,0.2880925157980571,0.0595438387733973,0.2882769293976363,0.0593122108642308,1.0,0.0,0.297359433962264,0.0577132557018501,0.2970141509433961,0.0578774035545266,1.0,0.0,0.1228613424006404,0.0031372663022908,1.0,0.0,0.123356037735849,0.0032051923530198
mistralai_mistral_7b_v0_1,clinical_knowledge,random,mmlu:clinical_knowledge,mistralai_mistral_7b_v0_1,200.0,random_uniform,PE-Rasch,0.1789432464068656,0.0190629392782824,0.2180450295751018,0.0197859217173476,0.1566597827752855,0.0195046298378813,0.723731297676761,0.0408385036700377,0.2226138937796708,0.0110297973008586,1.0,,,,,,,,,,,,,,,,,,,,
mistralai_mistral_7b_v0_1,clinical_knowledge,random,mmlu:clinical_knowledge,mistralai_mistral_7b_v0_1,400.0,random_uniform,Avg,0.2108805206176459,0.0108326056960239,0.2646618592863911,0.0141593453106183,0.1916984451459478,0.011106010096483,2.599404441965796,0.2511848546299345,0.2999580272640986,0.0075873244564476,,,,,,,,,,,,,,,,,,,,,
mistralai_mistral_7b_v0_1,clinical_knowledge,random,mmlu:clinical_knowledge,mistralai_mistral_7b_v0_1,400.0,random_uniform,BayPIRE,0.0274943579613636,0.0067031910033114,0.0332268615325795,0.0072911711035333,0.023945900471353,0.0075771334566586,0.3938977076533864,0.0117300305086627,0.1213076067156709,0.004700901748853,1.0,0.991,0.0128668393770791,0.1648255208393803,0.0172500782435895,0.1648690607973403,0.017165925000344,0.998,0.0042163702135578,0.1771299056603772,0.0159480461447047,0.177193396226415,0.015638501840157,0.9,0.3162277660168379,0.0784357946145541,0.0022523978546995,0.9,0.3162277660168379,0.0788188679245281,0.0019733426782738
mistralai_mistral_7b_v0_1,clinical_knowledge,random,mmlu:clinical_knowledge,mistralai_mistral_7b_v0_1,400.0,random_uniform,PE-Rasch,0.1276521296505796,0.0131205317563308,0.165647421436241,0.018932575049482,0.1092589032308191,0.011533138043551,0.5869255016922494,0.0465925685262421,0.1652442414132332,0.0109870551729103,1.0,,,,,,,,,,,,,,,,,,,,
mistralai_mistral_7b_v0_1,clinical_knowledge,random,mmlu:clinical_knowledge,mistralai_mistral_7b_v0_1,800.0,random_uniform,Avg,0.1405037730953119,0.0087566566554673,0.177781322542503,0.0107617794783283,0.1202448680066899,0.0086472762849708,1.0937813722306602,0.1429694635927691,0.2613150576878534,0.0040381867244668,,,,,,,,,,,,,,,,,,,,,
mistralai_mistral_7b_v0_1,clinical_knowledge,random,mmlu:clinical_knowledge,mistralai_mistral_7b_v0_1,800.0,random_uniform,BayPIRE,0.0223816068557049,0.0010474479043133,0.0271399091683175,0.0014114836471447,0.0179714266007201,0.001908695606238,0.286159223547768,0.006873828224222,0.0826998632158052,0.0033776517035059,1.0,0.949,0.0510881590977791,0.1100872910396741,0.0155785021522677,0.1100291652891674,0.0158391931146415,0.988,0.0147572957474524,0.1247888679245282,0.013853906146556,0.1251084905660376,0.013459818392775,1.0,0.0,0.0459074716375175,0.0027848473059138,1.0,0.0,0.0462563207547168,0.0026517631196052
mistralai_mistral_7b_v0_1,clinical_knowledge,random,mmlu:clinical_knowledge,mistralai_mistral_7b_v0_1,800.0,random_uniform,PE-Rasch,0.0966996951324827,0.0097687197181886,0.1300875218479633,0.0119450646333749,0.0763734586042701,0.0100787001662839,0.4932657260778571,0.0304764093515129,0.1237942573029795,0.0076626326196689,1.0,,,,,,,,,,,,,,,,,,,,
mistralai_mistral_7b_v0_1,clinical_knowledge,random,mmlu:clinical_knowledge,mistralai_mistral_7b_v0_1,1600.0,random_uniform,Avg,0.0959926001103282,0.0077615090874154,0.1197580118653647,0.0096766591762125,0.0766965997815365,0.0085541386861697,0.6992923180170126,0.0216705104812114,0.2441011711353077,0.0026533117604347,,,,,,,,,,,,,,,,,,,,,
mistralai_mistral_7b_v0_1,clinical_knowledge,random,mmlu:clinical_knowledge,mistralai_mistral_7b_v0_1,1600.0,random_uniform,BayPIRE,0.0208733263332474,0.0013507634326275,0.0259863237430654,0.0015511166957224,0.014773943679368,0.0036362764923017,0.2276271976506696,0.0054620627845113,0.0661212991782919,0.0017944146495646,1.0,0.891,0.0855634916954136,0.0927874128645556,0.0253036966943657,0.0925717277471891,0.0252344527425867,0.955,0.045276925690687,0.108735754716981,0.022009097889451,0.1084999999999999,0.0226301596290621,0.8,0.4216370213557839,0.0257357940968616,0.0008231779200054,0.9,0.3162277660168379,0.0264329245283018,0.0008133588619699
mistralai_mistral_7b_v0_1,clinical_knowledge,random,mmlu:clinical_knowledge,mistralai_mistral_7b_v0_1,1600.0,random_uniform,PE-Rasch,0.0578803011830014,0.0045962575343176,0.0757244538792406,0.0061467582762212,0.0408709684321089,0.0053114891865402,0.319165129782077,0.0177542580244017,0.0841333195769917,0.0037945179021808,1.0,,,,,,,,,,,,,,,,,,,,
mistralai_mistral_7b_v0_1,college_biology,balanced,mmlu:college_biology,mistralai_mistral_7b_v0_1,200.0,two_way_balanced,Avg,0.2927916611148611,0.0198515792517385,0.3291690102968732,0.0223687256817847,0.2695833277815278,0.0188481365663361,4.420057189906961,0.4924251292259881,0.3327570377833803,0.0153770202055197,,,,,,,,,,,,,,,,,,,,,
mistralai_mistral_7b_v0_1,college_biology,balanced,mmlu:college_biology,mistralai_mistral_7b_v0_1,200.0,two_way_balanced,BayPIRE,0.0283702811062193,0.0037056077410618,0.0341868011735928,0.0049272139437555,0.0194751346228235,0.0065123687918878,0.3387726442575452,0.0120773627456452,0.0938852470325273,0.0045775016106283,1.0,1.0,0.0,0.2547732525745082,0.0478435375318852,0.2535749139821943,0.0465298509118337,1.0,0.0,0.2717493055555554,0.0455731209813174,0.2708680555555554,0.0436636297164324,1.0,0.0,0.0920573014605886,0.0045241151823793,1.0,0.0,0.0924994791666665,0.0044378893362513
mistralai_mistral_7b_v0_1,college_biology,balanced,mmlu:college_biology,mistralai_mistral_7b_v0_1,200.0,two_way_balanced,PE-Rasch,0.1238243446116731,0.0182027954876319,0.1595921086702809,0.0210953319169359,0.0987563895519025,0.0184812189057094,0.437965913756135,0.0311416945309229,0.1238099194014139,0.011383166540944,1.0,,,,,,,,,,,,,,,,,,,,
mistralai_mistral_7b_v0_1,college_biology,balanced,mmlu:college_biology,mistralai_mistral_7b_v0_1,400.0,two_way_balanced,Avg,0.1966388867597222,0.0158534969747093,0.2334717704385634,0.0176259807606477,0.1751111089819444,0.0165290158799921,1.9535074915398656,0.2578133690527336,0.278816069918,0.008916670590741,,,,,,,,,,,,,,,,,,,,,
mistralai_mistral_7b_v0_1,college_biology,balanced,mmlu:college_biology,mistralai_mistral_7b_v0_1,400.0,two_way_balanced,BayPIRE,0.0256398646184186,0.0009734070543689,0.0299759796214512,0.0013570847412063,0.0219599034056897,0.0014615455607387,0.2330279247906151,0.0068085125340657,0.0623582742291239,0.0020132300176041,1.0,0.955,0.0392286743197993,0.118023384136031,0.0161798679774181,0.1178617861156548,0.0162085741817897,0.997,0.0067494855771055,0.142082986111111,0.0143336315327357,0.1416840277777777,0.0143407518492469,1.0,0.0,0.0499542810500865,0.0017474729721639,1.0,0.0,0.0511519097222222,0.0017829659662481
mistralai_mistral_7b_v0_1,college_biology,balanced,mmlu:college_biology,mistralai_mistral_7b_v0_1,400.0,two_way_balanced,PE-Rasch,0.0736292861535562,0.0128995305529025,0.1059200388591838,0.0156093663315032,0.0476781867560028,0.0128956086618667,0.3576059626097517,0.0318110793738047,0.0901025744911304,0.009490456322495,1.0,,,,,,,,,,,,,,,,,,,,
mistralai_mistral_7b_v0_1,college_biology,balanced,mmlu:college_biology,mistralai_mistral_7b_v0_1,800.0,two_way_balanced,Avg,0.1285416663172222,0.0108184844560481,0.160622753695432,0.0140729677581859,0.107694444095,0.0107140571414727,0.9030331758125818,0.1201611835059836,0.2498933821011764,0.0048275003966273,,,,,,,,,,,,,,,,,,,,,
mistralai_mistral_7b_v0_1,college_biology,balanced,mmlu:college_biology,mistralai_mistral_7b_v0_1,800.0,two_way_balanced,BayPIRE,0.0255562104350318,0.0023703635784704,0.030326237936018,0.0033688005944147,0.0215256056547914,0.0029667003272578,0.19041081441833,0.0063904757542925,0.0547149079930756,0.0022740265216916,1.0,0.8320000000000001,0.0924722180501316,0.0872922833224754,0.0105014845032484,0.0875042570254034,0.0106282563768606,0.971,0.0401248052954777,0.1123699652777777,0.0079509453489864,0.112517361111111,0.0102194715680314,0.9,0.3162277660168379,0.0313432604819667,0.0010709874049729,0.9,0.3162277660168379,0.0322590277777777,0.0011594668598688
mistralai_mistral_7b_v0_1,college_biology,balanced,mmlu:college_biology,mistralai_mistral_7b_v0_1,800.0,two_way_balanced,PE-Rasch,0.0625125408775696,0.0032574380169618,0.0871186108592835,0.0061589979635133,0.0412695282971678,0.0043846350534517,0.3222188963330537,0.0219461205121116,0.0789593994412402,0.0042413960451333,1.0,,,,,,,,,,,,,,,,,,,,
mistralai_mistral_7b_v0_1,college_biology,balanced,mmlu:college_biology,mistralai_mistral_7b_v0_1,1600.0,two_way_balanced,Avg,0.0904374999911111,0.0058810921690817,0.1129403557368811,0.0077760386663841,0.0690624999911111,0.0051764197295751,0.6801509487559347,0.0149387354982005,0.2368798828060937,0.0022484572567207,,,,,,,,,,,,,,,,,,,,,
mistralai_mistral_7b_v0_1,college_biology,balanced,mmlu:college_biology,mistralai_mistral_7b_v0_1,1600.0,two_way_balanced,BayPIRE,0.0227252279359473,0.0011685398140998,0.0269788771988807,0.0012819505539847,0.0163405315739636,0.003828916645793,0.1702680349810837,0.0029108217468396,0.0512309099699847,0.0011840421667646,1.0,0.7889999999999999,0.1103982689075231,0.0742876106777629,0.0190857845404349,0.0742343088380226,0.0190171910953464,0.965,0.030641293851417,0.1000526041666666,0.0143357456119209,0.1007118055555555,0.0128102702022704,0.9,0.3162277660168379,0.0194756560229303,0.0004782554153821,1.0,0.0,0.0208765624999999,0.000635704609293
mistralai_mistral_7b_v0_1,college_biology,balanced,mmlu:college_biology,mistralai_mistral_7b_v0_1,1600.0,two_way_balanced,PE-Rasch,0.045562834409316,0.002297412122575,0.0574388881075843,0.0026619912774324,0.0262126541490184,0.0031773900055872,0.230657634745786,0.0085785100050032,0.0649449056673799,0.0017734450787743,1.0,,,,,,,,,,,,,,,,,,,,
mistralai_mistral_7b_v0_1,college_biology,random,mmlu:college_biology,mistralai_mistral_7b_v0_1,200.0,random_uniform,Avg,0.2711377726297222,0.0158767432382878,0.3336747335597506,0.0196385757875442,0.2478611059630556,0.0139390993657308,4.341165387711625,0.3303216958961977,0.3354779363731935,0.0127833586473201,,,,,,,,,,,,,,,,,,,,,
mistralai_mistral_7b_v0_1,college_biology,random,mmlu:college_biology,mistralai_mistral_7b_v0_1,200.0,random_uniform,BayPIRE,0.0319687093398197,0.0064598690421117,0.0385666593385282,0.0079882019186135,0.02817466467906,0.0082815514539416,0.390015085675165,0.0172272900845764,0.1194916473263851,0.0076223625565659,1.0,0.987,0.0176698110409314,0.2099408367243131,0.0266234164536054,0.2095202006158789,0.02615701138043,0.999,0.0031622776601683,0.2289769097222221,0.0249579179407645,0.2288454861111109,0.0241789461035038,1.0,0.0,0.1130879599565686,0.0036657862984701,1.0,0.0,0.1134215277777776,0.0030255441884942
mistralai_mistral_7b_v0_1,college_biology,random,mmlu:college_biology,mistralai_mistral_7b_v0_1,200.0,random_uniform,PE-Rasch,0.1201223442641933,0.0138352823121768,0.155473956560229,0.0160939327571459,0.0957051404299909,0.0135682385535652,0.5276702911675034,0.0413670789171463,0.1550843497174209,0.0103811651204386,1.0,,,,,,,,,,,,,,,,,,,,
mistralai_mistral_7b_v0_1,college_biology,random,mmlu:college_biology,mistralai_mistral_7b_v0_1,400.0,random_uniform,Avg,0.2071645174241035,0.0138508458865037,0.2567373558024421,0.0147069251958321,0.1826403110748972,0.0144402493713093,2.4964442089900816,0.3682303609529719,0.2902733665164676,0.0077554386494023,,,,,,,,,,,,,,,,,,,,,
mistralai_mistral_7b_v0_1,college_biology,random,mmlu:college_biology,mistralai_mistral_7b_v0_1,400.0,random_uniform,BayPIRE,0.0264441106102775,0.0018217936698509,0.0313480177283278,0.0025899641156658,0.0227296908030128,0.0020647749775382,0.2717880752277577,0.010060686920649,0.0772975305711516,0.003574427082994,1.0,0.966,0.0309838667696593,0.1301476634217501,0.0142343651470935,0.1302576744304997,0.0142886599055066,0.997,0.0048304589153964,0.1534435763888888,0.0124393497984754,0.1521354166666665,0.0128813386891283,1.0,0.0,0.066771885954909,0.0023065851848795,1.0,0.0,0.0671052083333332,0.0025213154340379
mistralai_mistral_7b_v0_1,college_biology,random,mmlu:college_biology,mistralai_mistral_7b_v0_1,400.0,random_uniform,PE-Rasch,0.0864570256087441,0.0081616062938406,0.1229290183999188,0.0102818980781794,0.0621509348334834,0.0074663110676775,0.4190474165588181,0.0246123343499232,0.1101710915512011,0.0060835850289017,1.0,,,,,,,,,,,,,,,,,,,,
mistralai_mistral_7b_v0_1,college_biology,random,mmlu:college_biology,mistralai_mistral_7b_v0_1,800.0,random_uniform,Avg,0.1354816238523435,0.011197461992362,0.1737336324053004,0.0147706158158519,0.1139424852132049,0.0126484483321849,1.1587789753850557,0.1860079265355869,0.2544673141486987,0.0056355781378174,,,,,,,,,,,,,,,,,,,,,
mistralai_mistral_7b_v0_1,college_biology,random,mmlu:college_biology,mistralai_mistral_7b_v0_1,800.0,random_uniform,BayPIRE,0.0243596820908459,0.0009226561273646,0.0285963989482604,0.001214098495386,0.0215598184926847,0.0009709478671119,0.1989886211929578,0.0093792272839446,0.0564892465956917,0.0030812706482797,1.0,0.8210000000000001,0.0747514399712659,0.0790771443364616,0.0083685391826542,0.0792621571081394,0.0085089390836693,0.984,0.0117378779077726,0.1078192708333332,0.0061324445609158,0.106970486111111,0.0066972359777223,1.0,0.0,0.036191898274017,0.0013073034968175,1.0,0.0,0.036789236111111,0.0011983647846754
mistralai_mistral_7b_v0_1,college_biology,random,mmlu:college_biology,mistralai_mistral_7b_v0_1,800.0,random_uniform,PE-Rasch,0.0606908009640468,0.0051660864085561,0.0829993966199468,0.0082282580865558,0.0395280846529781,0.0058500520829465,0.3176525342020563,0.0198414449351577,0.080270409442773,0.0043791666181586,1.0,,,,,,,,,,,,,,,,,,,,
mistralai_mistral_7b_v0_1,college_biology,random,mmlu:college_biology,mistralai_mistral_7b_v0_1,1600.0,random_uniform,Avg,0.086668840616018,0.0104027557756624,0.1118093965159839,0.0133403222224681,0.0657412680840795,0.0089621860728415,0.6937574473162211,0.0407000664418661,0.2363560546027649,0.0036365099637777,,,,,,,,,,,,,,,,,,,,,
mistralai_mistral_7b_v0_1,college_biology,random,mmlu:college_biology,mistralai_mistral_7b_v0_1,1600.0,random_uniform,BayPIRE,0.0214217012338799,0.0014302686963328,0.0259537800871294,0.0018016567871004,0.0154975619234937,0.0025484546041696,0.1672148491487305,0.0035630461789712,0.0502961406327229,0.0011858575948316,1.0,0.867,0.0699285349481883,0.0837529272699963,0.0128026973805176,0.0836565072120134,0.0127677095724243,0.975,0.0222361067735438,0.1075524305555555,0.0106716395210731,0.1083333333333333,0.0104551757320705,0.9,0.3162277660168379,0.0216547110757819,0.0011909283126603,0.9,0.3162277660168379,0.0226484374999999,0.0012919962290515
mistralai_mistral_7b_v0_1,college_biology,random,mmlu:college_biology,mistralai_mistral_7b_v0_1,1600.0,random_uniform,PE-Rasch,0.0471265389427774,0.0055518803936539,0.0615784531478645,0.0074365789799293,0.0307308654689204,0.0038318688949184,0.2281827226086409,0.0166543640408058,0.0643713854197588,0.0031221597698934,1.0,,,,,,,,,,,,,,,,,,,,
mistralai_mistral_7b_v0_1,college_chemistry,balanced,mmlu:college_chemistry,mistralai_mistral_7b_v0_1,200.0,two_way_balanced,Avg,0.2850999948746,0.0133186583716795,0.3501838183681505,0.0123057594309066,0.2633999948746001,0.0111698997990393,4.942944106249447,0.2509853536611101,0.3696377500942857,0.008894783535878,,,,,,,,,,,,,,,,,,,,,
mistralai_mistral_7b_v0_1,college_chemistry,balanced,mmlu:college_chemistry,mistralai_mistral_7b_v0_1,200.0,two_way_balanced,BayPIRE,0.0297856131528967,0.0021639470291881,0.0370492283677381,0.0026680515299373,0.0228660307279768,0.0031673243121918,0.3194070334047033,0.016238857868188,0.0885047784404028,0.0058908350197684,1.0,0.99,0.0115470053837925,0.2186839523074752,0.0469664548226388,0.2184411033893163,0.0464033187003455,0.999,0.0031622776601683,0.2449929999999998,0.0437487016442265,0.2450374999999998,0.0414444930834536,1.0,0.0,0.0855472274159841,0.0062057214237479,1.0,0.0,0.0869699999999999,0.0064055255010377
mistralai_mistral_7b_v0_1,college_chemistry,balanced,mmlu:college_chemistry,mistralai_mistral_7b_v0_1,200.0,two_way_balanced,PE-Rasch,0.1158945854115066,0.0161412534820678,0.1537256040870534,0.0192543285675398,0.0891241555491919,0.014572017509896,0.4804569974233794,0.0516334119220881,0.1304653219347583,0.0152270538095643,1.0,,,,,,,,,,,,,,,,,,,,
mistralai_mistral_7b_v0_1,college_chemistry,balanced,mmlu:college_chemistry,mistralai_mistral_7b_v0_1,400.0,two_way_balanced,Avg,0.1950199987232,0.0101398879002456,0.2357568366471895,0.0124147254084459,0.1733999987232,0.0103337630932395,1.7670649504793154,0.2900798580183814,0.3022291654645833,0.0064525340224881,,,,,,,,,,,,,,,,,,,,,
mistralai_mistral_7b_v0_1,college_chemistry,balanced,mmlu:college_chemistry,mistralai_mistral_7b_v0_1,400.0,two_way_balanced,BayPIRE,0.0263002513057184,0.0008893594251264,0.0326565847595062,0.0005307405007547,0.0206461064476702,0.0021944111476597,0.2610410608023609,0.0057732438745177,0.0735857965623359,0.002064369605288,1.0,0.94,0.0394405318873307,0.1322416542859911,0.0291629078874298,0.132325316565755,0.0294054650337759,0.987,0.011595018087284,0.1655852499999999,0.0251769563525965,0.1660249999999999,0.0258673029346144,1.0,0.0,0.0520472887426137,0.0024250710987461,1.0,0.0,0.0537762499999999,0.0022548836660063
mistralai_mistral_7b_v0_1,college_chemistry,balanced,mmlu:college_chemistry,mistralai_mistral_7b_v0_1,400.0,two_way_balanced,PE-Rasch,0.0885498669968899,0.0109540538588125,0.1206160177235251,0.0112772167000715,0.0619635505440254,0.0138734488676778,0.4694639861890355,0.0366652330144047,0.1142512004271385,0.0112404799990354,1.0,,,,,,,,,,,,,,,,,,,,
mistralai_mistral_7b_v0_1,college_chemistry,balanced,mmlu:college_chemistry,mistralai_mistral_7b_v0_1,800.0,two_way_balanced,Avg,0.140434999862,0.0111910690556284,0.1713364592604,0.0111526090578385,0.116634999862,0.0086420820844426,0.8617082020173861,0.098205429414492,0.276423233567826,0.004321752493583,,,,,,,,,,,,,,,,,,,,,
mistralai_mistral_7b_v0_1,college_chemistry,balanced,mmlu:college_chemistry,mistralai_mistral_7b_v0_1,800.0,two_way_balanced,BayPIRE,0.0259934987730676,0.001276887956514,0.0323314955250666,0.0019970589125833,0.0179752712345828,0.0033423628774659,0.228582687374158,0.0054096515615042,0.0667781958129251,0.0013620680138636,1.0,0.882,0.07800284895082,0.1068034675905481,0.0217109306604689,0.1072919170819901,0.0218980333158546,0.974,0.0211869981094275,0.1420982499999999,0.0155414642993974,0.1425624999999998,0.0161957695522284,0.9,0.3162277660168379,0.0333330660928645,0.0011375991289688,1.0,0.0,0.0347942499999999,0.0009862626213809
mistralai_mistral_7b_v0_1,college_chemistry,balanced,mmlu:college_chemistry,mistralai_mistral_7b_v0_1,800.0,two_way_balanced,PE-Rasch,0.0742501980438088,0.0057212164242129,0.0958663432095075,0.006188088036921,0.0508224554243172,0.0062651937805626,0.3911366000075761,0.0335117252250856,0.0980736479662044,0.0047853801685574,1.0,,,,,,,,,,,,,,,,,,,,
mistralai_mistral_7b_v0_1,college_chemistry,balanced,mmlu:college_chemistry,mistralai_mistral_7b_v0_1,1600.0,two_way_balanced,Avg,0.0915525,0.0055569832193376,0.1135821817517556,0.0043133176855907,0.0696025,0.0038498998904733,0.7168052338018478,0.0034784794618348,0.2597300967261905,0.0014423611594084,,,,,,,,,,,,,,,,,,,,,
mistralai_mistral_7b_v0_1,college_chemistry,balanced,mmlu:college_chemistry,mistralai_mistral_7b_v0_1,1600.0,two_way_balanced,BayPIRE,0.0239176728812182,0.0012602966330868,0.0293989032677941,0.0017808282459846,0.0134805060016529,0.0041060094870566,0.2135036942197063,0.0037824235041292,0.0636357160963555,0.0013281585517903,1.0,0.825,0.1146249924269959,0.0864649823115441,0.020892359006164,0.0864317250791156,0.0203803228057381,0.97,0.0216024689946928,0.1229567499999999,0.0143667932636533,0.1220499999999997,0.0147689614469745,0.9,0.3162277660168379,0.0209079159716532,0.0007788973098126,1.0,0.0,0.0228245,0.0008723505921104
mistralai_mistral_7b_v0_1,college_chemistry,balanced,mmlu:college_chemistry,mistralai_mistral_7b_v0_1,1600.0,two_way_balanced,PE-Rasch,0.0488482937897012,0.0035153814531924,0.0621899149233134,0.0034770343239844,0.0281638613843784,0.0039806279498169,0.2726922791768028,0.0156736934529633,0.0776160985969139,0.003008214846765,1.0,,,,,,,,,,,,,,,,,,,,
mistralai_mistral_7b_v0_1,college_chemistry,random,mmlu:college_chemistry,mistralai_mistral_7b_v0_1,200.0,random_uniform,Avg,0.2857716619424667,0.0144664168770082,0.3508999921600684,0.0130258239394274,0.2613016619424667,0.0154029083835638,4.680907889038318,0.2946306608760356,0.3698311319456009,0.0094809156707603,,,,,,,,,,,,,,,,,,,,,
mistralai_mistral_7b_v0_1,college_chemistry,random,mmlu:college_chemistry,mistralai_mistral_7b_v0_1,200.0,random_uniform,BayPIRE,0.0314472075373222,0.0053065079139812,0.0388903801368988,0.00614522109211,0.0257143465620912,0.0064824710441392,0.3838619715326178,0.0102196013479014,0.1156718683197294,0.0047278261366481,1.0,0.994,0.006992058987801,0.2347350529488933,0.0257405930212772,0.2350457053990454,0.0259751058724912,0.997,0.0048304589153964,0.2613167499999999,0.0227455586339277,0.2600374999999998,0.0240198160380133,1.0,0.0,0.1126871100230132,0.0056202823385225,1.0,0.0,0.113527,0.0053174466251304
mistralai_mistral_7b_v0_1,college_chemistry,random,mmlu:college_chemistry,mistralai_mistral_7b_v0_1,200.0,random_uniform,PE-Rasch,0.1183628015356568,0.014144709886636,0.1589459970248337,0.0132337483834416,0.0909043016462277,0.0141816173303999,0.5707434859861062,0.0261856351342283,0.1595073626204607,0.0077746764370542,1.0,,,,,,,,,,,,,,,,,,,,
mistralai_mistral_7b_v0_1,college_chemistry,random,mmlu:college_chemistry,mistralai_mistral_7b_v0_1,400.0,random_uniform,Avg,0.218660282651485,0.0156276815199203,0.2757288593815654,0.0188280001537389,0.1950145683657707,0.0160164947404143,2.7222647159770452,0.3539799119339991,0.3238163916164762,0.011262316436556,,,,,,,,,,,,,,,,,,,,,
mistralai_mistral_7b_v0_1,college_chemistry,random,mmlu:college_chemistry,mistralai_mistral_7b_v0_1,400.0,random_uniform,BayPIRE,0.0286668224721588,0.0020623421386342,0.0351936134357842,0.0027478886817924,0.0230265518746457,0.0027517171424579,0.2878651379826912,0.0184394204758743,0.0826149060834492,0.0064275622042775,1.0,0.951,0.0324722103412201,0.1410944558661143,0.0158280763473229,0.1415373726505151,0.0161315656366528,0.995,0.0070710678118654,0.1734809999999999,0.0137293695331496,0.174,0.013498971154211,1.0,0.0,0.0656862735842979,0.002760947632435,1.0,0.0,0.0663859999999999,0.0026386142196236
mistralai_mistral_7b_v0_1,college_chemistry,random,mmlu:college_chemistry,mistralai_mistral_7b_v0_1,400.0,random_uniform,PE-Rasch,0.0999294622878136,0.0118047949311415,0.1359706154494507,0.0165304033418623,0.0737630641515498,0.011665305748054,0.5205802495181485,0.0567658665009748,0.1288210460003601,0.012250344718786,1.0,,,,,,,,,,,,,,,,,,,,
mistralai_mistral_7b_v0_1,college_chemistry,random,mmlu:college_chemistry,mistralai_mistral_7b_v0_1,800.0,random_uniform,Avg,0.1428567855870696,0.0126585377776585,0.1813596233036913,0.0160349116831475,0.1199502943005783,0.0127301008022705,1.127139083649971,0.2362826032153121,0.280175397453689,0.0068071364774329,,,,,,,,,,,,,,,,,,,,,
mistralai_mistral_7b_v0_1,college_chemistry,random,mmlu:college_chemistry,mistralai_mistral_7b_v0_1,800.0,random_uniform,BayPIRE,0.0260913353536797,0.0011405699998973,0.0322266370367794,0.0014795715329551,0.0199339019547135,0.0021059610614256,0.234670085709202,0.0074363039778527,0.0682494391005721,0.0028411997961288,1.0,0.836,0.0966321777555374,0.0951443485380471,0.0189562250876316,0.0953809588940115,0.0189060858613996,0.969,0.0228278582243519,0.1335849999999999,0.0128027268145848,0.1340249999999999,0.0142908527465026,1.0,0.0,0.036454350941139,0.0016528583984633,1.0,0.0,0.0376739999999999,0.0021302830406622
mistralai_mistral_7b_v0_1,college_chemistry,random,mmlu:college_chemistry,mistralai_mistral_7b_v0_1,800.0,random_uniform,PE-Rasch,0.0704636500091284,0.0075598214598357,0.092598202401698,0.0087942373183685,0.0467686002417565,0.00826210140313,0.3757421460971379,0.0290244105780435,0.0961417696220251,0.0052240385575576,1.0,,,,,,,,,,,,,,,,,,,,
mistralai_mistral_7b_v0_1,college_chemistry,random,mmlu:college_chemistry,mistralai_mistral_7b_v0_1,1600.0,random_uniform,Avg,0.0919968325497402,0.0091903929675913,0.1162391824036538,0.0095766969245088,0.0697074448674564,0.0107608979174223,0.7274846787467877,0.027297833918097,0.2604776733516589,0.0032832993496089,,,,,,,,,,,,,,,,,,,,,
mistralai_mistral_7b_v0_1,college_chemistry,random,mmlu:college_chemistry,mistralai_mistral_7b_v0_1,1600.0,random_uniform,BayPIRE,0.0236895145662991,0.0014144319316684,0.0296510733817589,0.001292790728835,0.0164792473414218,0.0026006573902429,0.2153964132699196,0.0062377556151669,0.0640411734599099,0.0015822781818289,1.0,0.748,0.0985224170768595,0.0721519567305678,0.0138806558107019,0.0725631081428831,0.0141584614075439,0.961,0.0144913767461894,0.1122442499999999,0.0097120329181267,0.1129999999999999,0.0105934990547137,0.9,0.3162277660168379,0.0217084729311807,0.0007877557850473,1.0,0.0,0.023402,0.0008795846557703
mistralai_mistral_7b_v0_1,college_chemistry,random,mmlu:college_chemistry,mistralai_mistral_7b_v0_1,1600.0,random_uniform,PE-Rasch,0.0503330878920239,0.0037754860779974,0.0655612085767769,0.0054398869799655,0.0290180889218784,0.0038854463386973,0.2903741957015781,0.0154458646044758,0.0805669257671291,0.0021125039403056,1.0,,,,,,,,,,,,,,,,,,,,
mistralai_mistral_7b_v0_1,college_computer_science,balanced,mmlu:college_computer_science,mistralai_mistral_7b_v0_1,200.0,two_way_balanced,Avg,0.2612199951196,0.0230998215438747,0.3513448666343534,0.0179437344117797,0.2434199951196,0.0231988883740219,4.9948585533549235,0.4316986385134212,0.3777653010771429,0.0129434568417998,,,,,,,,,,,,,,,,,,,,,
mistralai_mistral_7b_v0_1,college_computer_science,balanced,mmlu:college_computer_science,mistralai_mistral_7b_v0_1,200.0,two_way_balanced,BayPIRE,0.0217500188964796,0.0017258714983903,0.0274823692541985,0.0020649528935227,0.0147490640212485,0.0037592541228505,0.3237522888888201,0.0145348988133837,0.0899148257964753,0.0055129969514747,1.0,0.998,0.0042163702135578,0.2057525655375522,0.0356190642433059,0.2055664358553109,0.0355535282785091,1.0,0.0,0.2335027499999998,0.033070646023366,0.2340124999999999,0.0320659287207187,1.0,0.0,0.0851604885471833,0.0056103261705462,1.0,0.0,0.0860175,0.0053872873765725
mistralai_mistral_7b_v0_1,college_computer_science,balanced,mmlu:college_computer_science,mistralai_mistral_7b_v0_1,200.0,two_way_balanced,PE-Rasch,0.1104940170452682,0.0192896239340403,0.1463062056848122,0.0224786633192263,0.0899465044763857,0.0202538035234792,0.5086264744713914,0.0577994354201346,0.1326996502039842,0.0162038229196426,1.0,,,,,,,,,,,,,,,,,,,,
mistralai_mistral_7b_v0_1,college_computer_science,balanced,mmlu:college_computer_science,mistralai_mistral_7b_v0_1,400.0,two_way_balanced,Avg,0.195559998752,0.014670241748083,0.2495396632142714,0.01501685132835,0.177239998752,0.01373132647219,1.9168046287948115,0.2990086916342891,0.3166510403195833,0.0082150180559425,,,,,,,,,,,,,,,,,,,,,
mistralai_mistral_7b_v0_1,college_computer_science,balanced,mmlu:college_computer_science,mistralai_mistral_7b_v0_1,400.0,two_way_balanced,BayPIRE,0.0214959144657161,0.0019402163238449,0.0263189549713859,0.0016981279826733,0.0160732726644013,0.0029109802156542,0.2511356189626991,0.0058306306605674,0.0710768503026049,0.0016991395053314,1.0,0.977,0.0170293863659264,0.1252435363658007,0.0138076354560197,0.1250699340920557,0.0138241048629931,0.998,0.0042163702135578,0.1597552499999999,0.0125269869487394,0.1590124999999999,0.0119965923981213,1.0,0.0,0.0525348445742828,0.0025173848689235,1.0,0.0,0.0534704999999999,0.0019907811141469
mistralai_mistral_7b_v0_1,college_computer_science,balanced,mmlu:college_computer_science,mistralai_mistral_7b_v0_1,400.0,two_way_balanced,PE-Rasch,0.0914933917013625,0.007056737434582,0.1291001256226595,0.0075261782403237,0.0710820261842063,0.0074670089619718,0.4696599959577986,0.0271472308610513,0.1155355354728178,0.0060325690992792,1.0,,,,,,,,,,,,,,,,,,,,
mistralai_mistral_7b_v0_1,college_computer_science,balanced,mmlu:college_computer_science,mistralai_mistral_7b_v0_1,800.0,two_way_balanced,Avg,0.1332349999447999,0.0061986580320711,0.1661443718394622,0.0063177574163353,0.1163349999448,0.0066736651058639,0.8183301364537646,0.0600241063109693,0.2814572010241304,0.0024942979018167,,,,,,,,,,,,,,,,,,,,,
mistralai_mistral_7b_v0_1,college_computer_science,balanced,mmlu:college_computer_science,mistralai_mistral_7b_v0_1,800.0,two_way_balanced,BayPIRE,0.0196363007710024,0.0008323140889354,0.0245877529459898,0.0008729432132955,0.0128479678004785,0.001871812914951,0.217471116514062,0.0053345781944951,0.0641155070728969,0.00191915406938,1.0,0.91,0.0543650214343336,0.0913025775212787,0.0168598697852867,0.0914114454554774,0.0166979728064958,0.994,0.0107496769977313,0.1301749999999999,0.011703567060706,0.13,0.0133333333333333,1.0,0.0,0.0336192278694176,0.0008227270527652,1.0,0.0,0.0347844999999999,0.0008872161517916
mistralai_mistral_7b_v0_1,college_computer_science,balanced,mmlu:college_computer_science,mistralai_mistral_7b_v0_1,800.0,two_way_balanced,PE-Rasch,0.0705974464400533,0.0053882442453403,0.0904080460219155,0.0080140822842443,0.0543660558207945,0.005461650225058,0.3668320484758459,0.0290574660759357,0.0946370259895488,0.0039892987922507,1.0,,,,,,,,,,,,,,,,,,,,
mistralai_mistral_7b_v0_1,college_computer_science,balanced,mmlu:college_computer_science,mistralai_mistral_7b_v0_1,1600.0,two_way_balanced,Avg,0.0929475,0.009706887946768,0.1146626132460923,0.0120192610965827,0.0758075,0.0092055542563534,0.7310989153264336,0.0098228063129342,0.2673186383928571,0.0040370024505331,,,,,,,,,,,,,,,,,,,,,
mistralai_mistral_7b_v0_1,college_computer_science,balanced,mmlu:college_computer_science,mistralai_mistral_7b_v0_1,1600.0,two_way_balanced,BayPIRE,0.0199103543402384,0.0018425429954301,0.0244077987215761,0.0019510161049949,0.0111045844731831,0.0017000838037449,0.1999816744342119,0.0034069711210514,0.0612253125978157,0.0008543016599359,1.0,0.8109999999999999,0.0667416245265609,0.0670390394728918,0.0129292786132618,0.0671394076692234,0.0130421458223026,0.982,0.0131656117720876,0.1087134999999999,0.0074678036894688,0.1080624999999997,0.009159703794944,0.9,0.3162277660168379,0.0204080474535882,0.0006867043556442,0.9,0.3162277660168379,0.02223225,0.0007391572246672
mistralai_mistral_7b_v0_1,college_computer_science,balanced,mmlu:college_computer_science,mistralai_mistral_7b_v0_1,1600.0,two_way_balanced,PE-Rasch,0.0492214484916215,0.004024061445127,0.0631346943170551,0.0051412157932476,0.0338856576205929,0.0038463687444498,0.2647390284287833,0.0151595985784797,0.0770373068809333,0.0026799656217427,1.0,,,,,,,,,,,,,,,,,,,,
mistralai_mistral_7b_v0_1,college_computer_science,random,mmlu:college_computer_science,mistralai_mistral_7b_v0_1,200.0,random_uniform,Avg,0.2888866619507667,0.015463368963843,0.3577764872594756,0.0122011137794127,0.2707466619507667,0.0161307000342491,4.869277672334617,0.3213950100126495,0.3819362196140816,0.009017359820318,,,,,,,,,,,,,,,,,,,,,
mistralai_mistral_7b_v0_1,college_computer_science,random,mmlu:college_computer_science,mistralai_mistral_7b_v0_1,200.0,random_uniform,BayPIRE,0.0293479044273958,0.0076162675420751,0.0350908436906769,0.0079926628203352,0.0245228980251597,0.0107683760172265,0.3776086657444049,0.0102139170733796,0.1128104082008574,0.0039940865086597,1.0,0.996,0.006992058987801,0.2278498430733168,0.0399082896763795,0.2280389313954634,0.0401996831934441,1.0,0.0,0.2547262499999999,0.0371663941927605,0.2560249999999998,0.0371514262474838,1.0,0.0,0.1126158496321337,0.0051171886366219,1.0,0.0,0.1129827499999999,0.004815457092934
mistralai_mistral_7b_v0_1,college_computer_science,random,mmlu:college_computer_science,mistralai_mistral_7b_v0_1,200.0,random_uniform,PE-Rasch,0.1168864875407714,0.0160079832101551,0.1553446721576602,0.017880713163765,0.0977402754320777,0.0166213325980816,0.561572031521475,0.0350645954699626,0.1553451738388675,0.0093409583797517,1.0,,,,,,,,,,,,,,,,,,,,
mistralai_mistral_7b_v0_1,college_computer_science,random,mmlu:college_computer_science,mistralai_mistral_7b_v0_1,400.0,random_uniform,Avg,0.2305932082844107,0.0210547362471236,0.2877817499876394,0.0189848484130449,0.2124232082844107,0.0215392712666511,2.9038698589566234,0.3802746119125691,0.3381798408816224,0.0117674224656765,,,,,,,,,,,,,,,,,,,,,
mistralai_mistral_7b_v0_1,college_computer_science,random,mmlu:college_computer_science,mistralai_mistral_7b_v0_1,400.0,random_uniform,BayPIRE,0.0223022571214133,0.0020496942487813,0.0277067260370838,0.0024884245757183,0.0167171843637915,0.0034203081397933,0.2723100948982157,0.0139330779472527,0.0774663306400825,0.0053331100169292,1.0,0.973,0.0309300285590987,0.1364460700184361,0.0215068950889029,0.1364925550512941,0.0214352351694515,0.997,0.0048304589153964,0.1703537499999999,0.0173329470009029,0.1710499999999998,0.016596853784846,1.0,0.0,0.0653741966264549,0.0034495220648549,1.0,0.0,0.0658069999999999,0.0036504379113257
mistralai_mistral_7b_v0_1,college_computer_science,random,mmlu:college_computer_science,mistralai_mistral_7b_v0_1,400.0,random_uniform,PE-Rasch,0.1006405878897445,0.0130964149048563,0.133868106408531,0.0133348650091198,0.0823303327278077,0.0126213768436099,0.5062025735393995,0.0437294450440547,0.1277162859025001,0.0119046421839361,1.0,,,,,,,,,,,,,,,,,,,,
mistralai_mistral_7b_v0_1,college_computer_science,random,mmlu:college_computer_science,mistralai_mistral_7b_v0_1,800.0,random_uniform,Avg,0.1452121358349487,0.0071168698851886,0.1831937261095779,0.0071547488333127,0.1286367512195641,0.0061757643736161,1.0041468375556593,0.0895551028640118,0.288056005927833,0.0030522501498426,,,,,,,,,,,,,,,,,,,,,
mistralai_mistral_7b_v0_1,college_computer_science,random,mmlu:college_computer_science,mistralai_mistral_7b_v0_1,800.0,random_uniform,BayPIRE,0.0209345737576543,0.0019716756558201,0.0261518254942598,0.0025341531985563,0.0147205343323512,0.0030417348427336,0.2293723484742021,0.0076853269747444,0.0670569350854704,0.0027450875909372,1.0,0.8960000000000001,0.0514673575083167,0.0932219687041314,0.0163450516005571,0.0935478066687092,0.0164448619577176,0.99,0.0094280904158206,0.13056525,0.0117196394669849,0.13,0.0124721912892464,1.0,0.0,0.0360964603283852,0.0016814893825798,1.0,0.0,0.0372387499999999,0.0016669005044292
mistralai_mistral_7b_v0_1,college_computer_science,random,mmlu:college_computer_science,mistralai_mistral_7b_v0_1,800.0,random_uniform,PE-Rasch,0.0686549104800723,0.0066323734372888,0.0904988714222203,0.0069368805819022,0.0515894584079697,0.0069338564327951,0.3827346179916313,0.0381091798815136,0.0962310138052779,0.0063933535947247,1.0,,,,,,,,,,,,,,,,,,,,
mistralai_mistral_7b_v0_1,college_computer_science,random,mmlu:college_computer_science,mistralai_mistral_7b_v0_1,1600.0,random_uniform,Avg,0.0959477874440934,0.0070519233733128,0.1195983304640793,0.0085832348191566,0.0790729932084014,0.0070702275263697,0.7346121670823493,0.0070195407812189,0.2687030040517514,0.0028123230807791,,,,,,,,,,,,,,,,,,,,,
mistralai_mistral_7b_v0_1,college_computer_science,random,mmlu:college_computer_science,mistralai_mistral_7b_v0_1,1600.0,random_uniform,BayPIRE,0.019242348929273,0.0012571599578715,0.024025740518709,0.0011494828419456,0.0098627708525812,0.0017539836713172,0.1988177996940996,0.0033981270343787,0.0606759829590061,0.0012703447514728,1.0,0.828,0.0810760959428445,0.0678086537332659,0.0142969037865841,0.067857199714687,0.0140745640388585,0.98,0.0141421356237309,0.1090047499999999,0.0093906957831497,0.109,0.0087559503577091,1.0,0.0,0.0217351244589318,0.0005085333234095,1.0,0.0,0.02348325,0.0006128587951378
mistralai_mistral_7b_v0_1,college_computer_science,random,mmlu:college_computer_science,mistralai_mistral_7b_v0_1,1600.0,random_uniform,PE-Rasch,0.0515079608378864,0.0036143033331208,0.0648561020129054,0.004209755713379,0.0353640878438065,0.0041442232536936,0.2682951206317659,0.0148545449461006,0.0785383213644321,0.0031983889302157,1.0,,,,,,,,,,,,,,,,,,,,
mistralai_mistral_7b_v0_1,college_mathematics,balanced,mmlu:college_mathematics,mistralai_mistral_7b_v0_1,200.0,two_way_balanced,Avg,0.2897199942278,0.0119634441191084,0.3189765344765363,0.0169629158326538,0.2737199942278,0.0126555914277149,4.112437800725528,0.3051538009981339,0.31053571013,0.0112597425579319,,,,,,,,,,,,,,,,,,,,,
mistralai_mistral_7b_v0_1,college_mathematics,balanced,mmlu:college_mathematics,mistralai_mistral_7b_v0_1,200.0,two_way_balanced,BayPIRE,0.0291536476747237,0.0079943814335592,0.0359904951632543,0.008626237682053,0.0213654936908652,0.0114197225223885,0.4077178033109897,0.0189008068198304,0.1246912054167327,0.0075292288532831,1.0,1.0,0.0,0.2813263859251464,0.0504144037483601,0.2797442027421107,0.0496661686288866,1.0,0.0,0.3049579999999998,0.0480538020058998,0.3020499999999997,0.048019787588035,1.0,0.0,0.0908017077637521,0.0056521925700495,1.0,0.0,0.0913482499999999,0.0057768140549095
mistralai_mistral_7b_v0_1,college_mathematics,balanced,mmlu:college_mathematics,mistralai_mistral_7b_v0_1,200.0,two_way_balanced,PE-Rasch,0.1316856217538822,0.0203482422350897,0.1769660636066486,0.0205360256016742,0.1144725562317586,0.019873588882583,0.6834469268344315,0.0557750551608033,0.1772142892164227,0.0135515572523528,1.0,,,,,,,,,,,,,,,,,,,,
mistralai_mistral_7b_v0_1,college_mathematics,balanced,mmlu:college_mathematics,mistralai_mistral_7b_v0_1,400.0,two_way_balanced,Avg,0.1783499973599999,0.0113609710558208,0.2223018109488853,0.0112745195456183,0.16214999736,0.0109469679597188,2.0273914361263072,0.141862557260736,0.258161456665625,0.0053609046608823,,,,,,,,,,,,,,,,,,,,,
mistralai_mistral_7b_v0_1,college_mathematics,balanced,mmlu:college_mathematics,mistralai_mistral_7b_v0_1,400.0,two_way_balanced,BayPIRE,0.0234146667655315,0.0026172204898892,0.0294194201962136,0.0027452689427073,0.0148807644801028,0.0049557753145196,0.344186937420761,0.0063224350860313,0.1042068253793619,0.0018602238653013,1.0,0.984,0.023190036174568,0.1664853680597665,0.0269826848669678,0.1661376212349041,0.0267037151591462,0.999,0.0031622776601683,0.1981699999999998,0.0237735597180284,0.198,0.0244040069569641,1.0,0.0,0.0563771009869026,0.002557884980769,1.0,0.0,0.0573149999999999,0.0026885988709528
mistralai_mistral_7b_v0_1,college_mathematics,balanced,mmlu:college_mathematics,mistralai_mistral_7b_v0_1,400.0,two_way_balanced,PE-Rasch,0.1127189615795968,0.0087263986892472,0.1527645305269069,0.0130664574227127,0.093220242505694,0.0097172676301286,0.72911819137382,0.0427007215833942,0.1633507228970083,0.0089757150615349,1.0,,,,,,,,,,,,,,,,,,,,
mistralai_mistral_7b_v0_1,college_mathematics,balanced,mmlu:college_mathematics,mistralai_mistral_7b_v0_1,800.0,two_way_balanced,Avg,0.1214699994848,0.0089561647356597,0.1497915900690584,0.0104072229156891,0.1053099994848,0.0090328043076643,0.9282585641818172,0.0787427600434065,0.2308641300984782,0.0036424980029243,,,,,,,,,,,,,,,,,,,,,
mistralai_mistral_7b_v0_1,college_mathematics,balanced,mmlu:college_mathematics,mistralai_mistral_7b_v0_1,800.0,two_way_balanced,BayPIRE,0.0212096508562364,0.0017705872790728,0.0268694042595838,0.0017373845975977,0.0125410525721338,0.0033054205135113,0.3098894427399475,0.0085455342949122,0.0958580521964841,0.0029117594696986,1.0,0.929,0.0354181372243719,0.1090350500333065,0.0217263251244853,0.1085987387772982,0.0213535777105431,0.996,0.006992058987801,0.1533664999999999,0.0168446812080252,0.153,0.0182878222991269,1.0,0.0,0.0381434417037124,0.001509181556357,1.0,0.0,0.0401117499999999,0.0015208801590964
mistralai_mistral_7b_v0_1,college_mathematics,balanced,mmlu:college_mathematics,mistralai_mistral_7b_v0_1,800.0,two_way_balanced,PE-Rasch,0.0885694891832041,0.0046259521330434,0.1101519330108193,0.0056450133759546,0.0729111583823993,0.004891339115377,0.5006014861076645,0.0269227276191377,0.1308802834401202,0.0039225402721891,1.0,,,,,,,,,,,,,,,,,,,,
mistralai_mistral_7b_v0_1,college_mathematics,balanced,mmlu:college_mathematics,mistralai_mistral_7b_v0_1,1600.0,two_way_balanced,Avg,0.0819149999916,0.0057993078985429,0.1021022577028134,0.0074863927272733,0.0663399999916,0.0049623471033274,0.6423024774827708,0.0157052251362989,0.2189006696378571,0.0021162140508173,,,,,,,,,,,,,,,,,,,,,
mistralai_mistral_7b_v0_1,college_mathematics,balanced,mmlu:college_mathematics,mistralai_mistral_7b_v0_1,1600.0,two_way_balanced,BayPIRE,0.0195812922196117,0.00068665371383,0.0246086982879091,0.0008481205232006,0.0094322911304109,0.0013704494116697,0.2933727545667084,0.0070207040933053,0.091656002265309,0.0021290718774054,1.0,0.8400000000000001,0.0607362238609619,0.0744702764581617,0.0121816453582872,0.0742121167191093,0.0121156101829533,0.995,0.0070710678118654,0.1269954999999999,0.0052949027900005,0.1265249999999999,0.0066710402320611,1.0,0.0,0.024276576616817,0.0009881883008152,1.0,0.0,0.0263525,0.0008908828330494
mistralai_mistral_7b_v0_1,college_mathematics,balanced,mmlu:college_mathematics,mistralai_mistral_7b_v0_1,1600.0,two_way_balanced,PE-Rasch,0.0565063581428529,0.0031920629653612,0.0717477295643997,0.003817655578476,0.0411499870855264,0.0038331301160699,0.3569627226433022,0.0222210690923869,0.1077395983674425,0.0037541826393669,1.0,,,,,,,,,,,,,,,,,,,,
mistralai_mistral_7b_v0_1,college_mathematics,random,mmlu:college_mathematics,mistralai_mistral_7b_v0_1,200.0,random_uniform,Avg,0.2565416613605666,0.0205278492263158,0.317908487048202,0.0239670159662612,0.2384916613605667,0.0187626402364651,4.034292630362626,0.4407940527603427,0.3098276688514739,0.0159919412109449,,,,,,,,,,,,,,,,,,,,,
mistralai_mistral_7b_v0_1,college_mathematics,random,mmlu:college_mathematics,mistralai_mistral_7b_v0_1,200.0,random_uniform,BayPIRE,0.0265174851770981,0.0073212832772162,0.0330809463086568,0.007679182927648,0.0173556596043293,0.0102063673386925,0.4244822587040951,0.0150849421916543,0.1318902151715555,0.0063707835281356,1.0,0.999,0.0031622776601683,0.2662406797737487,0.044940760218198,0.2661550602987276,0.0448321527648108,1.0,0.0,0.2917862499999998,0.0420165572729303,0.2900999999999996,0.04217048731044,1.0,0.0,0.1103937857315228,0.0065415031071963,1.0,0.0,0.1113814999999999,0.0062693609234825
mistralai_mistral_7b_v0_1,college_mathematics,random,mmlu:college_mathematics,mistralai_mistral_7b_v0_1,200.0,random_uniform,PE-Rasch,0.1326234793788963,0.0186071181181278,0.1848980325019457,0.0200330163499716,0.1133713279472558,0.0169958345309146,0.7449448788867464,0.0448239712861574,0.189120011491952,0.010085860101269,1.0,,,,,,,,,,,,,,,,,,,,
mistralai_mistral_7b_v0_1,college_mathematics,random,mmlu:college_mathematics,mistralai_mistral_7b_v0_1,400.0,random_uniform,Avg,0.2036966272615306,0.0135265252290511,0.2539463258131761,0.0192405677693021,0.1863728177377211,0.0127486061153627,2.6068240813209314,0.1809130889827186,0.273902630732923,0.0105777126148204,,,,,,,,,,,,,,,,,,,,,
mistralai_mistral_7b_v0_1,college_mathematics,random,mmlu:college_mathematics,mistralai_mistral_7b_v0_1,400.0,random_uniform,BayPIRE,0.0253349119202856,0.0043220679302909,0.0314791588056522,0.0044323003376342,0.0174262966766409,0.0066237836723088,0.3520414290693948,0.0089504860470765,0.1071566995225147,0.003425995847937,1.0,0.99,0.0094280904158206,0.1793656488948718,0.0225345959938039,0.1794373038630746,0.0218264398162603,0.999,0.0031622776601683,0.2112997499999998,0.0191274418357645,0.2110249999999998,0.0202060393887022,1.0,0.0,0.0698142671020132,0.0021639464972795,1.0,0.0,0.0705477499999999,0.0027551082480246
mistralai_mistral_7b_v0_1,college_mathematics,random,mmlu:college_mathematics,mistralai_mistral_7b_v0_1,400.0,random_uniform,PE-Rasch,0.1201963692225541,0.0150223462702144,0.1687487172512525,0.0196039185279045,0.1006565695129366,0.0129148970190294,0.7477049304984972,0.0742125900172431,0.1720440127495544,0.0152989168998964,1.0,,,,,,,,,,,,,,,,,,,,
mistralai_mistral_7b_v0_1,college_mathematics,random,mmlu:college_mathematics,mistralai_mistral_7b_v0_1,800.0,random_uniform,Avg,0.1369881624304073,0.0083845454037554,0.1736702869975259,0.011685429026531,0.1195136502758952,0.008797794514066,1.1898896178198493,0.1321584115156086,0.2396416182395706,0.00459348875954,,,,,,,,,,,,,,,,,,,,,
mistralai_mistral_7b_v0_1,college_mathematics,random,mmlu:college_mathematics,mistralai_mistral_7b_v0_1,800.0,random_uniform,BayPIRE,0.0232075623000564,0.0039774976289169,0.0291345270374165,0.0043656046810401,0.0122642872029762,0.0038863317145296,0.3171510645824038,0.0073632940389211,0.0976907405515281,0.0023284468947903,1.0,0.954,0.0250333111406914,0.1318639543715984,0.0188944258784909,0.1317595868250262,0.0186884750755609,0.996,0.0051639777949432,0.1695182499999999,0.013778953558981,0.1680124999999999,0.012317620903495,0.9,0.3162277660168379,0.041901649378912,0.0019710565761426,1.0,0.0,0.0434044999999999,0.0021938078260818
mistralai_mistral_7b_v0_1,college_mathematics,random,mmlu:college_mathematics,mistralai_mistral_7b_v0_1,800.0,random_uniform,PE-Rasch,0.0953646255239679,0.0074202633190373,0.1211118726997949,0.0108486911017856,0.0789379262127845,0.0083167735958659,0.5445314084892823,0.0402986518701356,0.137168267351583,0.0037124151701141,1.0,,,,,,,,,,,,,,,,,,,,
mistralai_mistral_7b_v0_1,college_mathematics,random,mmlu:college_mathematics,mistralai_mistral_7b_v0_1,1600.0,random_uniform,Avg,0.0830394173537398,0.0051609545046675,0.104237340177675,0.0056824569496474,0.0668116221782,0.0059851512062385,0.6726312206911231,0.0326739563619615,0.2189084646093971,0.0019018611289161,,,,,,,,,,,,,,,,,,,,,
mistralai_mistral_7b_v0_1,college_mathematics,random,mmlu:college_mathematics,mistralai_mistral_7b_v0_1,1600.0,random_uniform,BayPIRE,0.0193630464654358,0.0010020759462533,0.0248245201867651,0.0010067878440134,0.0100062874214904,0.003008325607258,0.2937074267002051,0.0063105968937095,0.0917404498263889,0.0017843959763151,1.0,0.808,0.0677905270340595,0.0682509944728134,0.0136779748913327,0.0683494856037355,0.0135602159865104,0.986,0.0126491106406735,0.1241077499999999,0.008103267212297,0.1235124999999999,0.0081845997831971,0.9,0.3162277660168379,0.0255545234855982,0.0009090223832708,1.0,0.0,0.0275437499999999,0.0009400400774553
mistralai_mistral_7b_v0_1,college_mathematics,random,mmlu:college_mathematics,mistralai_mistral_7b_v0_1,1600.0,random_uniform,PE-Rasch,0.0571888730158814,0.0027051568191484,0.0738924189331583,0.0041714482801775,0.0423785580049444,0.0026227870343087,0.3611307154783001,0.0222986350164661,0.1088576989094299,0.0034618963391844,1.0,,,,,,,,,,,,,,,,,,,,
mistralai_mistral_7b_v0_1,college_physics,balanced,mmlu:college_physics,mistralai_mistral_7b_v0_1,200.0,two_way_balanced,Avg,0.2995392102843137,0.0154714347704957,0.3465401000608765,0.0144167855810738,0.2761274455784314,0.0155711491097758,4.789658989149297,0.3778236273095131,0.3553699951376,0.0104339239375699,,,,,,,,,,,,,,,,,,,,,
mistralai_mistral_7b_v0_1,college_physics,balanced,mmlu:college_physics,mistralai_mistral_7b_v0_1,200.0,two_way_balanced,BayPIRE,0.0332494589921495,0.00666366683317,0.0409746506219489,0.0068581843388402,0.0235978105937713,0.0095757818583803,0.3647937300075843,0.0112392018794497,0.1063057197833355,0.0039856113977857,1.0,0.992,0.0187379590967402,0.2611327829861172,0.052291197301056,0.2600757969095869,0.0516116900650142,0.999,0.0031622776601683,0.2846999999999998,0.048466549386085,0.2848406862745097,0.0492488529132894,0.9,0.3162277660168379,0.0896082659888511,0.0037754388298842,0.9,0.3162277660168379,0.0902446078431372,0.0030593375549188
mistralai_mistral_7b_v0_1,college_physics,balanced,mmlu:college_physics,mistralai_mistral_7b_v0_1,200.0,two_way_balanced,PE-Rasch,0.1304494634123912,0.0163581871108269,0.1704887716989361,0.0117970607313747,0.1031741260938735,0.0177063367686969,0.5672398038156244,0.0235295236334195,0.1524551851659616,0.0086509754489165,1.0,,,,,,,,,,,,,,,,,,,,
mistralai_mistral_7b_v0_1,college_physics,balanced,mmlu:college_physics,mistralai_mistral_7b_v0_1,400.0,two_way_balanced,Avg,0.2011078414078431,0.0148398794817099,0.2375160803518464,0.017244225931147,0.1798333316039216,0.0135495687401347,1.907610996945185,0.2293699675641722,0.2916760189961224,0.0087006379021271,,,,,,,,,,,,,,,,,,,,,
mistralai_mistral_7b_v0_1,college_physics,balanced,mmlu:college_physics,mistralai_mistral_7b_v0_1,400.0,two_way_balanced,BayPIRE,0.0293452579275368,0.0031878610824434,0.0367383159217751,0.0031022668025598,0.0201962185471118,0.0050257047452778,0.3049624380587413,0.0129652972099555,0.0897874439180933,0.0040893753269186,1.0,0.967,0.0221359436211786,0.1761181720633205,0.0252428687427884,0.1757310790358099,0.0249641563274705,0.994,0.0096609178307929,0.2042647058823528,0.0228673991281303,0.2049019607843137,0.0237687536548603,0.9,0.3162277660168379,0.0551712887119654,0.0024928938902022,0.9,0.3162277660168379,0.0560747549019607,0.0023687818524148
mistralai_mistral_7b_v0_1,college_physics,balanced,mmlu:college_physics,mistralai_mistral_7b_v0_1,400.0,two_way_balanced,PE-Rasch,0.1076092192411175,0.0107724493023634,0.144275639307946,0.011143138865212,0.0821847235755549,0.0129367310383207,0.5769504324122476,0.0415420296029947,0.1383428165489972,0.0082671772263504,1.0,,,,,,,,,,,,,,,,,,,,
mistralai_mistral_7b_v0_1,college_physics,balanced,mmlu:college_physics,mistralai_mistral_7b_v0_1,800.0,two_way_balanced,Avg,0.1315465683417647,0.007022451631361,0.1630295453161432,0.0072595107687352,0.1069632350084313,0.0073017046357446,0.9154494051778906,0.0555760383170273,0.2615874332751063,0.0027054999073023,,,,,,,,,,,,,,,,,,,,,
mistralai_mistral_7b_v0_1,college_physics,balanced,mmlu:college_physics,mistralai_mistral_7b_v0_1,800.0,two_way_balanced,BayPIRE,0.0265810115658964,0.0011764753573917,0.0335954380760697,0.0020413413133582,0.0191820791537178,0.0026848621743735,0.2655224210223454,0.0051637308209326,0.0796381830125128,0.0011562930385712,1.0,0.8470000000000001,0.0819281528061155,0.0998805334299941,0.012847442175378,0.0998592936214247,0.012800310078161,0.97,0.0216024689946928,0.1392713235294116,0.0093974540327882,0.1401960784313725,0.009300816647554,0.9,0.3162277660168379,0.0350463530655497,0.000944370621633,1.0,0.0,0.0364061274509803,0.0010197963953884
mistralai_mistral_7b_v0_1,college_physics,balanced,mmlu:college_physics,mistralai_mistral_7b_v0_1,800.0,two_way_balanced,PE-Rasch,0.0773805989138028,0.0062580596931856,0.0986227990987966,0.0071874655555651,0.0546972536185693,0.0063554251896822,0.4298623853767435,0.028637756591858,0.1106178723316137,0.003938746731299,1.0,,,,,,,,,,,,,,,,,,,,
mistralai_mistral_7b_v0_1,college_physics,balanced,mmlu:college_physics,mistralai_mistral_7b_v0_1,1600.0,two_way_balanced,Avg,0.089797794117647,0.0058065170183825,0.1109343258056576,0.005965774664822,0.0683223039215686,0.0057121179086095,0.6947868168064318,0.0049607357317231,0.2473191315406976,0.0019280224842524,,,,,,,,,,,,,,,,,,,,,
mistralai_mistral_7b_v0_1,college_physics,balanced,mmlu:college_physics,mistralai_mistral_7b_v0_1,1600.0,two_way_balanced,BayPIRE,0.0239485145837933,0.001559434081472,0.0303818348900011,0.0017561434762754,0.0143662320697495,0.0032013871385785,0.2470831101993011,0.004315427853322,0.0766991338542323,0.0010842669178127,1.0,0.8210000000000001,0.0974622434016829,0.0850436494462895,0.0131200796163687,0.0848253788636804,0.0130293099728961,0.971,0.0196920739836559,0.125661519607843,0.0092579800639027,0.1264705882352941,0.0097493031961936,0.9,0.3162277660168379,0.0218512860355558,0.000520600925462,0.9,0.3162277660168379,0.0239833333333333,0.0010784529112525
mistralai_mistral_7b_v0_1,college_physics,balanced,mmlu:college_physics,mistralai_mistral_7b_v0_1,1600.0,two_way_balanced,PE-Rasch,0.0525698286732062,0.0021167339030855,0.0657480804057912,0.0027640361856834,0.0326243885107419,0.0033528028534818,0.3048548198933706,0.0140836734043354,0.0912383443604943,0.0026093544699656,1.0,,,,,,,,,,,,,,,,,,,,
mistralai_mistral_7b_v0_1,college_physics,random,mmlu:college_physics,mistralai_mistral_7b_v0_1,200.0,random_uniform,Avg,0.274070457254874,0.0177447405116672,0.3376209221607953,0.0163201915207054,0.2493067317646779,0.0179273325610151,4.472038794054365,0.2923606839355283,0.3487977200416082,0.0113165643389683,,,,,,,,,,,,,,,,,,,,,
mistralai_mistral_7b_v0_1,college_physics,random,mmlu:college_physics,mistralai_mistral_7b_v0_1,200.0,random_uniform,BayPIRE,0.036465024833249,0.008884063075321,0.0452776844388399,0.0088486556123565,0.0316781125129788,0.0101527530081977,0.4166554051722867,0.0218500300065209,0.1292363813939016,0.0096993418538234,1.0,0.987,0.0182878222991269,0.2248137328881302,0.0387445966488028,0.2250837241383441,0.038776776519678,0.998,0.0042163702135578,0.2521242647058822,0.0366014811658811,0.2509926470588234,0.0375973455104686,1.0,0.0,0.1101257674612733,0.0046108471271658,1.0,0.0,0.1105100490196078,0.004681927508483
mistralai_mistral_7b_v0_1,college_physics,random,mmlu:college_physics,mistralai_mistral_7b_v0_1,200.0,random_uniform,PE-Rasch,0.1212983764292744,0.0212630415242403,0.1656057487370749,0.0242574936715558,0.0949357906837868,0.0220230749783461,0.6342433062455417,0.0548790100764161,0.172070012975981,0.0121367155492923,1.0,,,,,,,,,,,,,,,,,,,,
mistralai_mistral_7b_v0_1,college_physics,random,mmlu:college_physics,mistralai_mistral_7b_v0_1,400.0,random_uniform,Avg,0.2101066990530252,0.0166320051391401,0.2645181852493708,0.0172229417455912,0.1876291360278151,0.0173049835412758,2.6527600880683826,0.3735593177349834,0.3058326025631561,0.0100896887554576,,,,,,,,,,,,,,,,,,,,,
mistralai_mistral_7b_v0_1,college_physics,random,mmlu:college_physics,mistralai_mistral_7b_v0_1,400.0,random_uniform,BayPIRE,0.0287596747682003,0.0024799503910158,0.0366779619061478,0.003717794548857,0.0206727877203399,0.0032246365288735,0.3236088553555986,0.010575943158984,0.0955331365110752,0.0042492887523263,1.0,0.96,0.0346410161513775,0.1760748677953009,0.0376699300667349,0.1763057839283825,0.037770652550685,0.989,0.0137032031940629,0.2061911764705881,0.0321533055132345,0.2058946078431371,0.0323554400277798,1.0,0.0,0.0668293919486475,0.0036526344652046,1.0,0.0,0.0678406862745097,0.0036420227106074
mistralai_mistral_7b_v0_1,college_physics,random,mmlu:college_physics,mistralai_mistral_7b_v0_1,400.0,random_uniform,PE-Rasch,0.107409498501323,0.0122388501775087,0.1484233988292134,0.0166164179202057,0.0837537842901089,0.013896295991994,0.6033921800364618,0.0550296261732825,0.1473972751778858,0.011596886010725,1.0,,,,,,,,,,,,,,,,,,,,
mistralai_mistral_7b_v0_1,college_physics,random,mmlu:college_physics,mistralai_mistral_7b_v0_1,800.0,random_uniform,Avg,0.1405437709192126,0.0055337309808861,0.1786590833916387,0.0073119744355056,0.1163126961116672,0.0058538979683793,1.1384771339428972,0.0873988234203101,0.2673988149692713,0.0027612810570937,,,,,,,,,,,,,,,,,,,,,
mistralai_mistral_7b_v0_1,college_physics,random,mmlu:college_physics,mistralai_mistral_7b_v0_1,800.0,random_uniform,BayPIRE,0.0275400758174739,0.0021258499759723,0.0342410062678858,0.0024949393890105,0.0187348055558358,0.0033559620916482,0.268333309751145,0.0065852188753403,0.0807713343694763,0.0020358305198944,1.0,0.906,0.0671978835645554,0.1240704126666063,0.0249457625686597,0.1243414388250456,0.0251108977508715,0.981,0.0110050493461461,0.1589808823529411,0.0188218239244741,0.1598161764705881,0.0173287809312904,0.9,0.3162277660168379,0.0394287848221444,0.0014996807809716,1.0,0.0,0.0408497549019607,0.0013456976345557
mistralai_mistral_7b_v0_1,college_physics,random,mmlu:college_physics,mistralai_mistral_7b_v0_1,800.0,random_uniform,PE-Rasch,0.0814961776384884,0.0051641332099231,0.1048707025072555,0.0088100328330564,0.0598182840028469,0.0051168132522686,0.4347363385205643,0.0323528573392839,0.1128928084058678,0.0040709662538791,1.0,,,,,,,,,,,,,,,,,,,,
mistralai_mistral_7b_v0_1,college_physics,random,mmlu:college_physics,mistralai_mistral_7b_v0_1,1600.0,random_uniform,Avg,0.0901237816870675,0.0080404822167048,0.1134402751767139,0.0098405779577875,0.0679932544638831,0.0097046867419631,0.7092200324060103,0.028494759162901,0.2478505086692693,0.0026010517287738,,,,,,,,,,,,,,,,,,,,,
mistralai_mistral_7b_v0_1,college_physics,random,mmlu:college_physics,mistralai_mistral_7b_v0_1,1600.0,random_uniform,BayPIRE,0.0245754393100925,0.0009913823351106,0.0309348017475863,0.0009151669393886,0.015461060686123,0.0020300230542198,0.2458753579117203,0.0061728108229724,0.0763164131389472,0.0017707163203131,1.0,0.8160000000000001,0.0872034657822981,0.085617672201595,0.0180323572011049,0.0855173289775931,0.0178123660821046,0.965,0.0206827894099847,0.1277507352941175,0.0140585597915914,0.1274509803921568,0.0146148233823515,0.9,0.3162277660168379,0.0233751939153361,0.0011572808140857,1.0,0.0,0.0254338235294117,0.0012101904420635
mistralai_mistral_7b_v0_1,college_physics,random,mmlu:college_physics,mistralai_mistral_7b_v0_1,1600.0,random_uniform,PE-Rasch,0.0555542500111031,0.0053627194699754,0.0709007904393723,0.005236384722162,0.036053371078991,0.0064810837765812,0.3055242259145058,0.01720200408787,0.0919503667058079,0.0032623996845556,1.0,,,,,,,,,,,,,,,,,,,,
